// Generated by p100-handoff/tools/sass-gemm/u2cubin.py -- do not edit.
// gemm_fold_kernel_u2<false/true> compiled alone for sm_60, registers renamed to avoid
// operand bank conflicts (bankfix.py: a permutation of names, bit-identical results).
#pragma once
#include <cstddef>
static const char gemm_fold_u2_sass_src_hash[] = "377133f5bcf6f46e";
static const char gemm_fold_u2_sass_name_0[] = "_Z19gemm_fold_kernel_u2ILb0EEvPK6__halfS2_PKfPfiiilS2_S5_il";
static const unsigned char gemm_fold_u2_sass_0[38688] = {
    0x7f, 0x45, 0x4c, 0x46, 0x02, 0x01, 0x01, 0x33, 0x07, 0x00, 0x00, 0x00, 0x00, 0x00, 0x00, 0x00, 0x02, 0x00, 0xbe, 0x00, 0x78, 0x00, 0x00, 0x00,
    0x00, 0x00, 0x00, 0x00, 0x00, 0x00, 0x00, 0x00, 0x40, 0x96, 0x00, 0x00, 0x00, 0x00, 0x00, 0x00, 0x00, 0x94, 0x00, 0x00, 0x00, 0x00, 0x00, 0x00,
    0x3c, 0x05, 0x3c, 0x00, 0x40, 0x00, 0x38, 0x00, 0x04, 0x00, 0x40, 0x00, 0x09, 0x00, 0x01, 0x00, 0x00, 0x2e, 0x73, 0x68, 0x73, 0x74, 0x72, 0x74,
    0x61, 0x62, 0x00, 0x2e, 0x73, 0x74, 0x72, 0x74, 0x61, 0x62, 0x00, 0x2e, 0x73, 0x79, 0x6d, 0x74, 0x61, 0x62, 0x00, 0x2e, 0x73, 0x79, 0x6d, 0x74,
    0x61, 0x62, 0x5f, 0x73, 0x68, 0x6e, 0x64, 0x78, 0x00, 0x2e, 0x6e, 0x76, 0x2e, 0x75, 0x66, 0x74, 0x2e, 0x65, 0x6e, 0x74, 0x72, 0x79, 0x00, 0x2e,
    0x6e, 0x76, 0x2e, 0x69, 0x6e, 0x66, 0x6f, 0x00, 0x2e, 0x74, 0x65, 0x78, 0x74, 0x2e, 0x5f, 0x5a, 0x31, 0x39, 0x67, 0x65, 0x6d, 0x6d, 0x5f, 0x66,
    0x6f, 0x6c, 0x64, 0x5f, 0x6b, 0x65, 0x72, 0x6e, 0x65, 0x6c, 0x5f, 0x75, 0x32, 0x49, 0x4c, 0x62, 0x30, 0x45, 0x45, 0x76, 0x50, 0x4b, 0x36, 0x5f,
    0x5f, 0x68, 0x61, 0x6c, 0x66, 0x53, 0x32, 0x5f, 0x50, 0x4b, 0x66, 0x50, 0x66, 0x69, 0x69, 0x69, 0x6c, 0x53, 0x32, 0x5f, 0x53, 0x35, 0x5f, 0x69,
    0x6c, 0x00, 0x2e, 0x6e, 0x76, 0x2e, 0x69, 0x6e, 0x66, 0x6f, 0x2e, 0x5f, 0x5a, 0x31, 0x39, 0x67, 0x65, 0x6d, 0x6d, 0x5f, 0x66, 0x6f, 0x6c, 0x64,
    0x5f, 0x6b, 0x65, 0x72, 0x6e, 0x65, 0x6c, 0x5f, 0x75, 0x32, 0x49, 0x4c, 0x62, 0x30, 0x45, 0x45, 0x76, 0x50, 0x4b, 0x36, 0x5f, 0x5f, 0x68, 0x61,
    0x6c, 0x66, 0x53, 0x32, 0x5f, 0x50, 0x4b, 0x66, 0x50, 0x66, 0x69, 0x69, 0x69, 0x6c, 0x53, 0x32, 0x5f, 0x53, 0x35, 0x5f, 0x69, 0x6c, 0x00, 0x2e,
    0x6e, 0x76, 0x2e, 0x73, 0x68, 0x61, 0x72, 0x65, 0x64, 0x2e, 0x5f, 0x5a, 0x31, 0x39, 0x67, 0x65, 0x6d, 0x6d, 0x5f, 0x66, 0x6f, 0x6c, 0x64, 0x5f,
    0x6b, 0x65, 0x72, 0x6e, 0x65, 0x6c, 0x5f, 0x75, 0x32, 0x49, 0x4c, 0x62, 0x30, 0x45, 0x45, 0x76, 0x50, 0x4b, 0x36, 0x5f, 0x5f, 0x68, 0x61, 0x6c,
    0x66, 0x53, 0x32, 0x5f, 0x50, 0x4b, 0x66, 0x50, 0x66, 0x69, 0x69, 0x69, 0x6c, 0x53, 0x32, 0x5f, 0x53, 0x35, 0x5f, 0x69, 0x6c, 0x00, 0x2e, 0x6e,
    0x76, 0x2e, 0x63, 0x6f, 0x6e, 0x73, 0x74, 0x61, 0x6e, 0x74, 0x30, 0x2e, 0x5f, 0x5a, 0x31, 0x39, 0x67, 0x65, 0x6d, 0x6d, 0x5f, 0x66, 0x6f, 0x6c,
    0x64, 0x5f, 0x6b, 0x65, 0x72, 0x6e, 0x65, 0x6c, 0x5f, 0x75, 0x32, 0x49, 0x4c, 0x62, 0x30, 0x45, 0x45, 0x76, 0x50, 0x4b, 0x36, 0x5f, 0x5f, 0x68,
    0x61, 0x6c, 0x66, 0x53, 0x32, 0x5f, 0x50, 0x4b, 0x66, 0x50, 0x66, 0x69, 0x69, 0x69, 0x6c, 0x53, 0x32, 0x5f, 0x53, 0x35, 0x5f, 0x69, 0x6c, 0x00,
    0x00, 0x2e, 0x73, 0x68, 0x73, 0x74, 0x72, 0x74, 0x61, 0x62, 0x00, 0x2e, 0x73, 0x74, 0x72, 0x74, 0x61, 0x62, 0x00, 0x2e, 0x73, 0x79, 0x6d, 0x74,
    0x61, 0x62, 0x00, 0x2e, 0x73, 0x79, 0x6d, 0x74, 0x61, 0x62, 0x5f, 0x73, 0x68, 0x6e, 0x64, 0x78, 0x00, 0x2e, 0x6e, 0x76, 0x2e, 0x75, 0x66, 0x74,
    0x2e, 0x65, 0x6e, 0x74, 0x72, 0x79, 0x00, 0x2e, 0x6e, 0x76, 0x2e, 0x69, 0x6e, 0x66, 0x6f, 0x00, 0x5f, 0x5a, 0x31, 0x39, 0x67, 0x65, 0x6d, 0x6d,
    0x5f, 0x66, 0x6f, 0x6c, 0x64, 0x5f, 0x6b, 0x65, 0x72, 0x6e, 0x65, 0x6c, 0x5f, 0x75, 0x32, 0x49, 0x4c, 0x62, 0x30, 0x45, 0x45, 0x76, 0x50, 0x4b,
    0x36, 0x5f, 0x5f, 0x68, 0x61, 0x6c, 0x66, 0x53, 0x32, 0x5f, 0x50, 0x4b, 0x66, 0x50, 0x66, 0x69, 0x69, 0x69, 0x6c, 0x53, 0x32, 0x5f, 0x53, 0x35,
    0x5f, 0x69, 0x6c, 0x00, 0x2e, 0x74, 0x65, 0x78, 0x74, 0x2e, 0x5f, 0x5a, 0x31, 0x39, 0x67, 0x65, 0x6d, 0x6d, 0x5f, 0x66, 0x6f, 0x6c, 0x64, 0x5f,
    0x6b, 0x65, 0x72, 0x6e, 0x65, 0x6c, 0x5f, 0x75, 0x32, 0x49, 0x4c, 0x62, 0x30, 0x45, 0x45, 0x76, 0x50, 0x4b, 0x36, 0x5f, 0x5f, 0x68, 0x61, 0x6c,
    0x66, 0x53, 0x32, 0x5f, 0x50, 0x4b, 0x66, 0x50, 0x66, 0x69, 0x69, 0x69, 0x6c, 0x53, 0x32, 0x5f, 0x53, 0x35, 0x5f, 0x69, 0x6c, 0x00, 0x2e, 0x6e,
    0x76, 0x2e, 0x69, 0x6e, 0x66, 0x6f, 0x2e, 0x5f, 0x5a, 0x31, 0x39, 0x67, 0x65, 0x6d, 0x6d, 0x5f, 0x66, 0x6f, 0x6c, 0x64, 0x5f, 0x6b, 0x65, 0x72,
    0x6e, 0x65, 0x6c, 0x5f, 0x75, 0x32, 0x49, 0x4c, 0x62, 0x30, 0x45, 0x45, 0x76, 0x50, 0x4b, 0x36, 0x5f, 0x5f, 0x68, 0x61, 0x6c, 0x66, 0x53, 0x32,
    0x5f, 0x50, 0x4b, 0x66, 0x50, 0x66, 0x69, 0x69, 0x69, 0x6c, 0x53, 0x32, 0x5f, 0x53, 0x35, 0x5f, 0x69, 0x6c, 0x00, 0x2e, 0x6e, 0x76, 0x2e, 0x73,
    0x68, 0x61, 0x72, 0x65, 0x64, 0x2e, 0x5f, 0x5a, 0x31, 0x39, 0x67, 0x65, 0x6d, 0x6d, 0x5f, 0x66, 0x6f, 0x6c, 0x64, 0x5f, 0x6b, 0x65, 0x72, 0x6e,
    0x65, 0x6c, 0x5f, 0x75, 0x32, 0x49, 0x4c, 0x62, 0x30, 0x45, 0x45, 0x76, 0x50, 0x4b, 0x36, 0x5f, 0x5f, 0x68, 0x61, 0x6c, 0x66, 0x53, 0x32, 0x5f,
    0x50, 0x4b, 0x66, 0x50, 0x66, 0x69, 0x69, 0x69, 0x6c, 0x53, 0x32, 0x5f, 0x53, 0x35, 0x5f, 0x69, 0x6c, 0x00, 0x24, 0x5f, 0x5f, 0x5f, 0x5a, 0x5a,
    0x31, 0x39, 0x67, 0x65, 0x6d, 0x6d, 0x5f, 0x66, 0x6f, 0x6c, 0x64, 0x5f, 0x6b, 0x65, 0x72, 0x6e, 0x65, 0x6c, 0x5f, 0x75, 0x32, 0x49, 0x4c, 0x62,
    0x30, 0x45, 0x45, 0x76, 0x50, 0x4b, 0x36, 0x5f, 0x5f, 0x68, 0x61, 0x6c, 0x66, 0x53, 0x32, 0x5f, 0x50, 0x4b, 0x66, 0x50, 0x66, 0x69, 0x69, 0x69,
    0x6c, 0x53, 0x32, 0x5f, 0x53, 0x35, 0x5f, 0x69, 0x6c, 0x45, 0x32, 0x41, 0x73, 0x5f, 0x5f, 0x34, 0x30, 0x00, 0x24, 0x5f, 0x5f, 0x5f, 0x5a, 0x5a,
    0x31, 0x39, 0x67, 0x65, 0x6d, 0x6d, 0x5f, 0x66, 0x6f, 0x6c, 0x64, 0x5f, 0x6b, 0x65, 0x72, 0x6e, 0x65, 0x6c, 0x5f, 0x75, 0x32, 0x49, 0x4c, 0x62,
    0x30, 0x45, 0x45, 0x76, 0x50, 0x4b, 0x36, 0x5f, 0x5f, 0x68, 0x61, 0x6c, 0x66, 0x53, 0x32, 0x5f, 0x50, 0x4b, 0x66, 0x50, 0x66, 0x69, 0x69, 0x69,
    0x6c, 0x53, 0x32, 0x5f, 0x53, 0x35, 0x5f, 0x69, 0x6c, 0x45, 0x32, 0x42, 0x73, 0x5f, 0x5f, 0x34, 0x32, 0x00, 0x2e, 0x6e, 0x76, 0x2e, 0x63, 0x6f,
    0x6e, 0x73, 0x74, 0x61, 0x6e, 0x74, 0x30, 0x2e, 0x5f, 0x5a, 0x31, 0x39, 0x67, 0x65, 0x6d, 0x6d, 0x5f, 0x66, 0x6f, 0x6c, 0x64, 0x5f, 0x6b, 0x65,
    0x72, 0x6e, 0x65, 0x6c, 0x5f, 0x75, 0x32, 0x49, 0x4c, 0x62, 0x30, 0x45, 0x45, 0x76, 0x50, 0x4b, 0x36, 0x5f, 0x5f, 0x68, 0x61, 0x6c, 0x66, 0x53,
    0x32, 0x5f, 0x50, 0x4b, 0x66, 0x50, 0x66, 0x69, 0x69, 0x69, 0x6c, 0x53, 0x32, 0x5f, 0x53, 0x35, 0x5f, 0x69, 0x6c, 0x00, 0x5f, 0x70, 0x61, 0x72,
    0x61, 0x6d, 0x00, 0x00, 0x00, 0x00, 0x00, 0x00, 0x00, 0x00, 0x00, 0x00, 0x00, 0x00, 0x00, 0x00, 0x00, 0x00, 0x00, 0x00, 0x00, 0x00, 0x00, 0x00,
    0x00, 0x00, 0x00, 0x00, 0x00, 0x00, 0x00, 0x00, 0x7c, 0x00, 0x00, 0x00, 0x03, 0x00, 0x07, 0x00, 0x00, 0x00, 0x00, 0x00, 0x00, 0x00, 0x00, 0x00,
    0x00, 0x00, 0x00, 0x00, 0x00, 0x00, 0x00, 0x00, 0x03, 0x01, 0x00, 0x00, 0x03, 0x00, 0x08, 0x00, 0x00, 0x00, 0x00, 0x00, 0x00, 0x00, 0x00, 0x00,
    0x00, 0x00, 0x00, 0x00, 0x00, 0x00, 0x00, 0x00, 0xda, 0x01, 0x00, 0x00, 0x03, 0x00, 0x06, 0x00, 0x00, 0x00, 0x00, 0x00, 0x00, 0x00, 0x00, 0x00,
    0x00, 0x00, 0x00, 0x00, 0x00, 0x00, 0x00, 0x00, 0x40, 0x00, 0x00, 0x00, 0x12, 0x10, 0x07, 0x00, 0x00, 0x00, 0x00, 0x00, 0x00, 0x00, 0x00, 0x00,
    0x80, 0x8a, 0x00, 0x00, 0x00, 0x00, 0x00, 0x00, 0x04, 0x2f, 0x08, 0x00, 0x04, 0x00, 0x00, 0x00, 0xff, 0x00, 0x00, 0x00, 0x04, 0x23, 0x08, 0x00,
    0x04, 0x00, 0x00, 0x00, 0x00, 0x00, 0x00, 0x00, 0x04, 0x12, 0x08, 0x00, 0x04, 0x00, 0x00, 0x00, 0x00, 0x00, 0x00, 0x00, 0x04, 0x11, 0x08, 0x00,
    0x04, 0x00, 0x00, 0x00, 0x00, 0x00, 0x00, 0x00, 0x04, 0x37, 0x04, 0x00, 0x78, 0x00, 0x00, 0x00, 0x01, 0x30, 0x00, 0x00, 0x01, 0x2a, 0x00, 0x00,
    0x04, 0x0a, 0x08, 0x00, 0x03, 0x00, 0x00, 0x00, 0x40, 0x01, 0x58, 0x00, 0x03, 0x19, 0x58, 0x00, 0x04, 0x17, 0x0c, 0x00, 0x00, 0x00, 0x00, 0x00,
    0x0b, 0x00, 0x50, 0x00, 0x00, 0xf0, 0x21, 0x00, 0x04, 0x17, 0x0c, 0x00, 0x00, 0x00, 0x00, 0x00, 0x0a, 0x00, 0x48, 0x00, 0x00, 0xf0, 0x11, 0x00,
    0x04, 0x17, 0x0c, 0x00, 0x00, 0x00, 0x00, 0x00, 0x09, 0x00, 0x40, 0x00, 0x00, 0xf0, 0x21, 0x00, 0x04, 0x17, 0x0c, 0x00, 0x00, 0x00, 0x00, 0x00,
    0x08, 0x00, 0x38, 0x00, 0x00, 0xf0, 0x21, 0x00, 0x04, 0x17, 0x0c, 0x00, 0x00, 0x00, 0x00, 0x00, 0x07, 0x00, 0x30, 0x00, 0x00, 0xf0, 0x21, 0x00,
    0x04, 0x17, 0x0c, 0x00, 0x00, 0x00, 0x00, 0x00, 0x06, 0x00, 0x28, 0x00, 0x00, 0xf0, 0x11, 0x00, 0x04, 0x17, 0x0c, 0x00, 0x00, 0x00, 0x00, 0x00,
    0x05, 0x00, 0x24, 0x00, 0x00, 0xf0, 0x11, 0x00, 0x04, 0x17, 0x0c, 0x00, 0x00, 0x00, 0x00, 0x00, 0x04, 0x00, 0x20, 0x00, 0x00, 0xf0, 0x11, 0x00,
    0x04, 0x17, 0x0c, 0x00, 0x00, 0x00, 0x00, 0x00, 0x03, 0x00, 0x18, 0x00, 0x00, 0xf0, 0x21, 0x00, 0x04, 0x17, 0x0c, 0x00, 0x00, 0x00, 0x00, 0x00,
    0x02, 0x00, 0x10, 0x00, 0x00, 0xf0, 0x21, 0x00, 0x04, 0x17, 0x0c, 0x00, 0x00, 0x00, 0x00, 0x00, 0x01, 0x00, 0x08, 0x00, 0x00, 0xf0, 0x21, 0x00,
    0x04, 0x17, 0x0c, 0x00, 0x00, 0x00, 0x00, 0x00, 0x00, 0x00, 0x00, 0x00, 0x00, 0xf0, 0x21, 0x00, 0x03, 0x1b, 0xff, 0x00, 0x04, 0x1d, 0x08, 0x00,
    0x18, 0x00, 0x00, 0x00, 0x30, 0x00, 0x00, 0x00, 0x04, 0x1c, 0x0c, 0x00, 0xe8, 0x87, 0x00, 0x00, 0xb0, 0x89, 0x00, 0x00, 0x58, 0x8a, 0x00, 0x00,
    0x04, 0x34, 0x50, 0x02, 0x28, 0x76, 0x00, 0x00, 0x00, 0x00, 0x00, 0x00, 0x01, 0x00, 0x00, 0x00, 0x90, 0x78, 0x00, 0x00, 0x48, 0x77, 0x00, 0x00,
    0x00, 0x00, 0x00, 0x00, 0x01, 0x00, 0x00, 0x00, 0xf0, 0x77, 0x00, 0x00, 0xe0, 0x77, 0x00, 0x00, 0x00, 0x00, 0x00, 0x00, 0x01, 0x00, 0x00, 0x00,
    0xf0, 0x77, 0x00, 0x00, 0xf0, 0x77, 0x00, 0x00, 0x00, 0x00, 0x00, 0x00, 0x01, 0x00, 0x00, 0x00, 0x90, 0x78, 0x00, 0x00, 0x80, 0x78, 0x00, 0x00,
    0x00, 0x00, 0x00, 0x00, 0x01, 0x00, 0x00, 0x00, 0x90, 0x78, 0x00, 0x00, 0xb0, 0x78, 0x00, 0x00, 0x00, 0x00, 0x00, 0x00, 0x01, 0x00, 0x00, 0x00,
    0x18, 0x7b, 0x00, 0x00, 0xd8, 0x79, 0x00, 0x00, 0x00, 0x00, 0x00, 0x00, 0x01, 0x00, 0x00, 0x00, 0x78, 0x7a, 0x00, 0x00, 0x70, 0x7a, 0x00, 0x00,
    0x00, 0x00, 0x00, 0x00, 0x01, 0x00, 0x00, 0x00, 0x78, 0x7a, 0x00, 0x00, 0x78, 0x7a, 0x00, 0x00, 0x00, 0x00, 0x00, 0x00, 0x01, 0x00, 0x00, 0x00,
    0x18, 0x7b, 0x00, 0x00, 0x10, 0x7b, 0x00, 0x00, 0x00, 0x00, 0x00, 0x00, 0x01, 0x00, 0x00, 0x00, 0x18, 0x7b, 0x00, 0x00, 0x38, 0x7b, 0x00, 0x00,
    0x00, 0x00, 0x00, 0x00, 0x01, 0x00, 0x00, 0x00, 0xa0, 0x7d, 0x00, 0x00, 0x68, 0x7c, 0x00, 0x00, 0x00, 0x00, 0x00, 0x00, 0x01, 0x00, 0x00, 0x00,
    0x00, 0x7d, 0x00, 0x00, 0xf8, 0x7c, 0x00, 0x00, 0x00, 0x00, 0x00, 0x00, 0x01, 0x00, 0x00, 0x00, 0x00, 0x7d, 0x00, 0x00, 0x00, 0x7d, 0x00, 0x00,
    0x00, 0x00, 0x00, 0x00, 0x01, 0x00, 0x00, 0x00, 0xa0, 0x7d, 0x00, 0x00, 0x98, 0x7d, 0x00, 0x00, 0x00, 0x00, 0x00, 0x00, 0x01, 0x00, 0x00, 0x00,
    0xa0, 0x7d, 0x00, 0x00, 0xc0, 0x7d, 0x00, 0x00, 0x00, 0x00, 0x00, 0x00, 0x01, 0x00, 0x00, 0x00, 0x30, 0x80, 0x00, 0x00, 0xe8, 0x7e, 0x00, 0x00,
    0x00, 0x00, 0x00, 0x00, 0x01, 0x00, 0x00, 0x00, 0x90, 0x7f, 0x00, 0x00, 0x80, 0x7f, 0x00, 0x00, 0x00, 0x00, 0x00, 0x00, 0x01, 0x00, 0x00, 0x00,
    0x90, 0x7f, 0x00, 0x00, 0x90, 0x7f, 0x00, 0x00, 0x00, 0x00, 0x00, 0x00, 0x01, 0x00, 0x00, 0x00, 0x30, 0x80, 0x00, 0x00, 0x20, 0x80, 0x00, 0x00,
    0x00, 0x00, 0x00, 0x00, 0x01, 0x00, 0x00, 0x00, 0x30, 0x80, 0x00, 0x00, 0x50, 0x80, 0x00, 0x00, 0x00, 0x00, 0x00, 0x00, 0x01, 0x00, 0x00, 0x00,
    0xb8, 0x82, 0x00, 0x00, 0x78, 0x81, 0x00, 0x00, 0x00, 0x00, 0x00, 0x00, 0x01, 0x00, 0x00, 0x00, 0x18, 0x82, 0x00, 0x00, 0x10, 0x82, 0x00, 0x00,
    0x00, 0x00, 0x00, 0x00, 0x01, 0x00, 0x00, 0x00, 0x18, 0x82, 0x00, 0x00, 0x18, 0x82, 0x00, 0x00, 0x00, 0x00, 0x00, 0x00, 0x01, 0x00, 0x00, 0x00,
    0xb8, 0x82, 0x00, 0x00, 0xb0, 0x82, 0x00, 0x00, 0x00, 0x00, 0x00, 0x00, 0x01, 0x00, 0x00, 0x00, 0xb8, 0x82, 0x00, 0x00, 0xd8, 0x82, 0x00, 0x00,
    0x00, 0x00, 0x00, 0x00, 0x01, 0x00, 0x00, 0x00, 0x40, 0x85, 0x00, 0x00, 0x08, 0x84, 0x00, 0x00, 0x00, 0x00, 0x00, 0x00, 0x01, 0x00, 0x00, 0x00,
    0xa0, 0x84, 0x00, 0x00, 0x98, 0x84, 0x00, 0x00, 0x00, 0x00, 0x00, 0x00, 0x01, 0x00, 0x00, 0x00, 0xa0, 0x84, 0x00, 0x00, 0xa0, 0x84, 0x00, 0x00,
    0x00, 0x00, 0x00, 0x00, 0x01, 0x00, 0x00, 0x00, 0x40, 0x85, 0x00, 0x00, 0x38, 0x85, 0x00, 0x00, 0x00, 0x00, 0x00, 0x00, 0x01, 0x00, 0x00, 0x00,
    0x40, 0x85, 0x00, 0x00, 0x60, 0x85, 0x00, 0x00, 0x00, 0x00, 0x00, 0x00, 0x01, 0x00, 0x00, 0x00, 0xd0, 0x87, 0x00, 0x00, 0x88, 0x86, 0x00, 0x00,
    0x00, 0x00, 0x00, 0x00, 0x01, 0x00, 0x00, 0x00, 0x30, 0x87, 0x00, 0x00, 0x20, 0x87, 0x00, 0x00, 0x00, 0x00, 0x00, 0x00, 0x01, 0x00, 0x00, 0x00,
    0x30, 0x87, 0x00, 0x00, 0x30, 0x87, 0x00, 0x00, 0x00, 0x00, 0x00, 0x00, 0x01, 0x00, 0x00, 0x00, 0xd0, 0x87, 0x00, 0x00, 0xc0, 0x87, 0x00, 0x00,
    0x00, 0x00, 0x00, 0x00, 0x01, 0x00, 0x00, 0x00, 0xd0, 0x87, 0x00, 0x00, 0x08, 0x89, 0x00, 0x00, 0x00, 0x00, 0x00, 0x00, 0x01, 0x00, 0x00, 0x00,
    0xa0, 0x89, 0x00, 0x00, 0x98, 0x89, 0x00, 0x00, 0x00, 0x00, 0x00, 0x00, 0x01, 0x00, 0x00, 0x00, 0xa0, 0x89, 0x00, 0x00, 0x04, 0x05, 0x0c, 0x00,
    0x00, 0x01, 0x00, 0x00, 0x01, 0x00, 0x00, 0x00, 0x01, 0x00, 0x00, 0x00, 0x04, 0x1e, 0x04, 0x00, 0x40, 0x00, 0x00, 0x00, 0x00, 0x00, 0x00, 0x00,
    0x00, 0x00, 0x00, 0x00, 0x00, 0x00, 0x00, 0x00, 0x00, 0x00, 0x00, 0x00, 0x00, 0x00, 0x00, 0x00, 0x00, 0x00, 0x00, 0x00, 0x00, 0x00, 0x00, 0x00,
    0x00, 0x00, 0x00, 0x00, 0x00, 0x00, 0x00, 0x00, 0x00, 0x00, 0x00, 0x00, 0x00, 0x00, 0x00, 0x00, 0x00, 0x00, 0x00, 0x00, 0x00, 0x00, 0x00, 0x00,
    0x00, 0x00, 0x00, 0x00, 0x00, 0x00, 0x00, 0x00, 0x00, 0x00, 0x00, 0x00, 0x00, 0x00, 0x00, 0x00, 0x00, 0x00, 0x00, 0x00, 0x00, 0x00, 0x00, 0x00,
    0x00, 0x00, 0x00, 0x00, 0x00, 0x00, 0x00, 0x00, 0x00, 0x00, 0x00, 0x00, 0x00, 0x00, 0x00, 0x00, 0x00, 0x00, 0x00, 0x00, 0x00, 0x00, 0x00, 0x00,
    0x00, 0x00, 0x00, 0x00, 0x00, 0x00, 0x00, 0x00, 0x00, 0x00, 0x00, 0x00, 0x00, 0x00, 0x00, 0x00, 0x00, 0x00, 0x00, 0x00, 0x00, 0x00, 0x00, 0x00,
    0x00, 0x00, 0x00, 0x00, 0x00, 0x00, 0x00, 0x00, 0x00, 0x00, 0x00, 0x00, 0x00, 0x00, 0x00, 0x00, 0x00, 0x00, 0x00, 0x00, 0x00, 0x00, 0x00, 0x00,
    0x00, 0x00, 0x00, 0x00, 0x00, 0x00, 0x00, 0x00, 0x00, 0x00, 0x00, 0x00, 0x00, 0x00, 0x00, 0x00, 0x00, 0x00, 0x00, 0x00, 0x00, 0x00, 0x00, 0x00,
    0x00, 0x00, 0x00, 0x00, 0x00, 0x00, 0x00, 0x00, 0x00, 0x00, 0x00, 0x00, 0x00, 0x00, 0x00, 0x00, 0x00, 0x00, 0x00, 0x00, 0x00, 0x00, 0x00, 0x00,
    0x00, 0x00, 0x00, 0x00, 0x00, 0x00, 0x00, 0x00, 0x00, 0x00, 0x00, 0x00, 0x00, 0x00, 0x00, 0x00, 0x00, 0x00, 0x00, 0x00, 0x00, 0x00, 0x00, 0x00,
    0x00, 0x00, 0x00, 0x00, 0x00, 0x00, 0x00, 0x00, 0x00, 0x00, 0x00, 0x00, 0x00, 0x00, 0x00, 0x00, 0x00, 0x00, 0x00, 0x00, 0x00, 0x00, 0x00, 0x00,
    0x00, 0x00, 0x00, 0x00, 0x00, 0x00, 0x00, 0x00, 0x00, 0x00, 0x00, 0x00, 0x00, 0x00, 0x00, 0x00, 0x00, 0x00, 0x00, 0x00, 0x00, 0x00, 0x00, 0x00,
    0x00, 0x00, 0x00, 0x00, 0x00, 0x00, 0x00, 0x00, 0x00, 0x00, 0x00, 0x00, 0x00, 0x00, 0x00, 0x00, 0x00, 0x00, 0x00, 0x00, 0x00, 0x00, 0x00, 0x00,
    0x00, 0x00, 0x00, 0x00, 0x00, 0x00, 0x00, 0x00, 0x00, 0x00, 0x00, 0x00, 0x00, 0x00, 0x00, 0x00, 0x00, 0x00, 0x00, 0x00, 0x00, 0x00, 0x00, 0x00,
    0x00, 0x00, 0x00, 0x00, 0x00, 0x00, 0x00, 0x00, 0x00, 0x00, 0x00, 0x00, 0x00, 0x00, 0x00, 0x00, 0x00, 0x00, 0x00, 0x00, 0x00, 0x00, 0x00, 0x00,
    0x00, 0x00, 0x00, 0x00, 0x00, 0x00, 0x00, 0x00, 0x00, 0x00, 0x00, 0x00, 0x00, 0x00, 0x00, 0x00, 0x00, 0x00, 0x00, 0x00, 0x00, 0x00, 0x00, 0x00,
    0x00, 0x00, 0x00, 0x00, 0x00, 0x00, 0x00, 0x00, 0x00, 0x00, 0x00, 0x00, 0x00, 0x00, 0x00, 0x00, 0x00, 0x00, 0x00, 0x00, 0x00, 0x00, 0x00, 0x00,
    0x00, 0x00, 0x00, 0x00, 0x00, 0x00, 0x00, 0x00, 0x00, 0x00, 0x00, 0x00, 0x00, 0x00, 0x00, 0x00, 0x00, 0x00, 0x00, 0x00, 0x00, 0x00, 0x00, 0x00,
    0x00, 0x00, 0x00, 0x00, 0x00, 0x00, 0x00, 0x00, 0xf6, 0x07, 0x00, 0xfe, 0x00, 0x44, 0x1c, 0x00, 0x01, 0x00, 0x87, 0x00, 0x80, 0x07, 0x98, 0x4c,
    0x02, 0x00, 0x67, 0x00, 0x80, 0x07, 0x98, 0x4c, 0x06, 0x00, 0x57, 0x02, 0x00, 0x00, 0xc8, 0xf0, 0xf0, 0x07, 0x20, 0xe2, 0x00, 0xd0, 0x1f, 0x00,
    0x43, 0x00, 0xf7, 0x0f, 0x80, 0x07, 0x98, 0x5c, 0x05, 0x00, 0x67, 0x02, 0x00, 0x00, 0xc8, 0xf0, 0x42, 0x00, 0xf7, 0x0f, 0x80, 0x07, 0x98, 0x5c,
    0xf2, 0x07, 0x00, 0xfe, 0x00, 0xc4, 0x1c, 0x00, 0x02, 0x02, 0x27, 0x00, 0x00, 0x00, 0x48, 0x38, 0x41, 0x00, 0xf7, 0x0f, 0x80, 0x07, 0x98, 0x5c,
    0x00, 0x2a, 0x27, 0x00, 0x00, 0x01, 0xba, 0x5c, 0xf0, 0x07, 0xe0, 0xff, 0x00, 0xc0, 0x3f, 0x00, 0x40, 0x00, 0xf7, 0x0f, 0x80, 0x07, 0x98, 0x5c,
    0x09, 0x3a, 0x27, 0x00, 0x00, 0x00, 0xe2, 0x5c, 0x06, 0x05, 0x57, 0x00, 0x00, 0x03, 0x00, 0x4e, 0x1d, 0x17, 0x40, 0xfc, 0x01, 0xc0, 0x1f, 0x08,
    0x00, 0x00, 0x47, 0x00, 0x00, 0x00, 0x80, 0x50, 0x03, 0x00, 0xe7, 0xff, 0xff, 0xff, 0x00, 0x1c, 0x00, 0x05, 0x57, 0x00, 0x80, 0x7f, 0x10, 0x4f,
    0x16, 0x07, 0x40, 0xfe, 0x00, 0xc4, 0x1c, 0x00, 0x03, 0x0a, 0x37, 0x00, 0x80, 0x11, 0xb0, 0x5c, 0x00, 0x05, 0x07, 0x00, 0x18, 0x03, 0x30, 0x5b,
    0x0d, 0x3a, 0x07, 0x00, 0x00, 0x00, 0xe2, 0x5c, 0xf1, 0x0f, 0xc6, 0xfe, 0x40, 0x98, 0x1f, 0x00, 0x04, 0x09, 0x37, 0x00, 0x80, 0x7f, 0x00, 0x5b,
    0x07, 0x09, 0x37, 0x00, 0xa8, 0x7f, 0x00, 0x5b, 0x04, 0x09, 0x77, 0x00, 0x18, 0x02, 0x30, 0x5b, 0xf6, 0x07, 0x20, 0xfe, 0xc0, 0xc4, 0x1f, 0x18,
    0x0a, 0x04, 0xf7, 0x0f, 0x00, 0x00, 0x12, 0x5c, 0x04, 0x03, 0xa7, 0x00, 0x80, 0x7f, 0x00, 0x5b, 0x05, 0x03, 0xa7, 0x00, 0x88, 0x7f, 0x00, 0x5b,
    0xf4, 0x07, 0xa6, 0xff, 0x00, 0xc0, 0x1f, 0x00, 0x06, 0x03, 0xa7, 0x00, 0x88, 0x01, 0x20, 0x5b, 0x03, 0x03, 0xa7, 0x00, 0x00, 0x02, 0x28, 0x5b,
    0x03, 0x03, 0x57, 0x00, 0x20, 0x03, 0xc0, 0x5c, 0x16, 0x07, 0x20, 0xfc, 0x02, 0xd4, 0x1f, 0x18, 0x06, 0x3a, 0x27, 0x00, 0x00, 0x20, 0xe2, 0x5c,
    0x04, 0x03, 0xd7, 0x00, 0x80, 0x7f, 0x00, 0x5b, 0x05, 0x03, 0xd7, 0x00, 0x88, 0x7f, 0x00, 0x5b, 0xf1, 0x07, 0xc6, 0xfe, 0x00, 0xd8, 0x1f, 0x00,
    0x04, 0x03, 0xd7, 0x00, 0x00, 0x02, 0x28, 0x5b, 0x03, 0x03, 0xd7, 0x00, 0x88, 0x7f, 0x20, 0x5b, 0x03, 0x04, 0x57, 0x00, 0xa0, 0x01, 0xc0, 0x5c,
    0xf1, 0x0f, 0xc6, 0xfc, 0x00, 0xd8, 0x1f, 0x00, 0x04, 0x06, 0x37, 0x00, 0x80, 0x06, 0x00, 0x5b, 0x05, 0x06, 0x37, 0x00, 0xa8, 0x7f, 0x00, 0x5b,
    0x04, 0x06, 0x57, 0x00, 0x18, 0x02, 0x30, 0x5b, 0xed, 0x07, 0x20, 0xfe, 0x80, 0xd4, 0x1f, 0x00, 0x0f, 0x09, 0x47, 0x00, 0x80, 0x03, 0x68, 0x5b,
    0x04, 0x04, 0x99, 0x00, 0x00, 0x00, 0x11, 0x5c, 0x03, 0x03, 0x19, 0x00, 0x00, 0x00, 0x00, 0x1c, 0xf1, 0x07, 0xc0, 0xfe, 0x00, 0x98, 0x1f, 0x00,
    0x07, 0x04, 0x97, 0x00, 0x80, 0x03, 0x6c, 0x5b, 0x04, 0x00, 0x27, 0x00, 0x00, 0x04, 0x47, 0x5c, 0x0f, 0x04, 0xf7, 0x0f, 0x80, 0x03, 0x6d, 0x5b,
    0xf1, 0x07, 0xa0, 0xfe, 0x00, 0xd8, 0x1f, 0x00, 0x03, 0x03, 0x10, 0x00, 0x00, 0x00, 0x00, 0x1c, 0x07, 0x02, 0xf7, 0x0f, 0x80, 0x03, 0x65, 0x5b,
    0x09, 0x00, 0x37, 0x00, 0x80, 0x07, 0x98, 0x5c, 0xf2, 0x07, 0xa0, 0xff, 0x00, 0xc4, 0x1f, 0x08, 0x09, 0x09, 0xf9, 0x0f, 0x00, 0x00, 0x12, 0x5c,
    0x09, 0xff, 0x20, 0x00, 0x00, 0x07, 0x47, 0x5c, 0x03, 0x09, 0x57, 0x00, 0x00, 0x01, 0x1a, 0x4c, 0xe5, 0x07, 0x40, 0xfe, 0x00, 0xc0, 0x1f, 0x18,
    0x07, 0x09, 0xf7, 0x0f, 0x00, 0x00, 0x12, 0x5c, 0x08, 0x03, 0x47, 0x00, 0x80, 0x03, 0x21, 0x38, 0x00, 0x07, 0x27, 0x00, 0x00, 0x00, 0x00, 0x5b,
    0x11, 0x07, 0x00, 0xfe, 0x00, 0xf4, 0x1f, 0x00, 0x03, 0x2a, 0x87, 0x00, 0x00, 0x01, 0xba, 0x5c, 0x02, 0x07, 0x27, 0x00, 0xa8, 0x7f, 0x00, 0x5b,
    0x0b, 0x3a, 0x87, 0x00, 0x00, 0x00, 0xe2, 0x5c, 0x1d, 0x0f, 0x40, 0xfe, 0x01, 0x74, 0x1c, 0x00, 0x03, 0x03, 0x47, 0x00, 0x00, 0x00, 0x80, 0x50,
    0x04, 0x03, 0xe7, 0xff, 0xff, 0xff, 0x00, 0x1c, 0x04, 0x0a, 0x47, 0x00, 0x80, 0x11, 0xb0, 0x5c, 0xf1, 0x0f, 0xc6, 0xfe, 0x40, 0x84, 0x1f, 0x00,
    0x05, 0x0b, 0x47, 0x00, 0x80, 0x7f, 0x00, 0x5b, 0x06, 0x0b, 0x47, 0x00, 0xa8, 0x7f, 0x00, 0x5b, 0x05, 0x0b, 0x67, 0x00, 0x98, 0x02, 0x30, 0x5b,
    0xf2, 0x07, 0x60, 0xe2, 0x00, 0xd8, 0x1f, 0x00, 0x06, 0x07, 0x27, 0x00, 0x18, 0x00, 0x30, 0x5b, 0x07, 0x3a, 0x67, 0x00, 0x00, 0x00, 0xe2, 0x5c,
    0x05, 0x05, 0xf7, 0x0f, 0x00, 0x00, 0x12, 0x5c, 0xf1, 0x07, 0x26, 0xfe, 0xc0, 0x90, 0x1f, 0x00, 0x03, 0x04, 0x57, 0x00, 0x80, 0x7f, 0x00, 0x5b,
    0x00, 0x04, 0x57, 0x00, 0x88, 0x7f, 0x00, 0x5b, 0x02, 0x04, 0x57, 0x00, 0x08, 0x02, 0x20, 0x5b, 0xf0, 0x07, 0xc0, 0xe6, 0x00, 0xf4, 0x1f, 0x00,
    0x03, 0x04, 0x57, 0x00, 0x80, 0x01, 0x28, 0x5b, 0x04, 0x3a, 0x87, 0x00, 0x00, 0x20, 0xe2, 0x5c, 0x00, 0x03, 0x07, 0x00, 0x20, 0x01, 0xc0, 0x5c,
    0xf1, 0x0f, 0xa6, 0xfe, 0xc0, 0xc4, 0x1f, 0x18, 0x02, 0x00, 0x77, 0x00, 0x80, 0x7f, 0x00, 0x5b, 0x03, 0x00, 0x77, 0x00, 0x88, 0x7f, 0x00, 0x5b,
    0x02, 0x00, 0x77, 0x00, 0x00, 0x01, 0x28, 0x5b, 0xf6, 0x07, 0xc0, 0xfc, 0x00, 0xc4, 0x5f, 0x18, 0x00, 0x00, 0x77, 0x00, 0x88, 0x7f, 0x20, 0x5b,
    0x02, 0x02, 0x37, 0x00, 0x20, 0x00, 0xc0, 0x5c, 0x03, 0x04, 0x27, 0x00, 0x80, 0x03, 0x00, 0x5b, 0xf6, 0x07, 0xc2, 0xfe, 0x00, 0xb4, 0x1f, 0x00,
    0x05, 0x04, 0x27, 0x00, 0xa8, 0x7f, 0x00, 0x5b, 0x00, 0x04, 0x57, 0x00, 0x98, 0x01, 0x30, 0x5b, 0x0f, 0x0b, 0x07, 0x00, 0x80, 0x03, 0x68, 0x5b,
    0xf1, 0x07, 0xa4, 0xfe, 0x00, 0x84, 0x1f, 0x00, 0x00, 0x00, 0xb9, 0x00, 0x00, 0x00, 0x11, 0x5c, 0x02, 0x02, 0x19, 0x00, 0x00, 0x00, 0x00, 0x1c,
    0x07, 0x00, 0xb7, 0x00, 0x80, 0x03, 0x6c, 0x5b, 0xf6, 0x07, 0x04, 0xfe, 0x00, 0x58, 0x1c, 0x00, 0x00, 0x06, 0x87, 0x00, 0x00, 0x04, 0x47, 0x5c,
    0x0f, 0x00, 0xf7, 0x0f, 0x80, 0x03, 0x6d, 0x5b, 0x00, 0x00, 0x17, 0x02, 0x00, 0x00, 0xc8, 0xf0, 0xf1, 0x07, 0xc0, 0xfe, 0x00, 0xdc, 0x1f, 0x00,
    0x02, 0x02, 0x10, 0x00, 0x00, 0x00, 0x00, 0x1c, 0x07, 0x08, 0xf7, 0x0f, 0x80, 0x03, 0x65, 0x5b, 0x02, 0x02, 0xf9, 0x0f, 0x00, 0x00, 0x12, 0x5c,
    0xe1, 0x07, 0x20, 0xfe, 0x41, 0xd0, 0x1f, 0x08, 0x02, 0xff, 0x80, 0x00, 0x00, 0x07, 0x47, 0x5c, 0x04, 0x00, 0x27, 0x00, 0x00, 0x00, 0x29, 0x38,
    0x73, 0x00, 0x07, 0x10, 0x00, 0x00, 0x00, 0x1c, 0xf1, 0x07, 0x22, 0xfe, 0x00, 0xd0, 0x1f, 0x00, 0x03, 0x02, 0xf7, 0x0f, 0x00, 0x00, 0x12, 0x5c,
    0x75, 0x00, 0x37, 0x00, 0x00, 0x00, 0x48, 0x38, 0x07, 0x02, 0x47, 0x00, 0x80, 0x03, 0x18, 0x5c, 0xe1, 0x07, 0x20, 0xfe, 0x40, 0xc4, 0x1f, 0x00,
    0x05, 0x03, 0x87, 0x00, 0x00, 0x03, 0x00, 0x5b, 0x08, 0x03, 0x87, 0x00, 0xa8, 0x7f, 0x00, 0x5b, 0x14, 0x73, 0x27, 0x00, 0x00, 0x00, 0x29, 0x38,
    0xf1, 0x07, 0x20, 0xfe, 0x40, 0xc8, 0x1f, 0x00, 0x75, 0x75, 0x87, 0x01, 0x00, 0x00, 0x00, 0x04, 0x06, 0x07, 0x97, 0x05, 0x80, 0x03, 0x53, 0x4b,
    0x0f, 0x07, 0x97, 0x05, 0x80, 0x03, 0x6d, 0x4b, 0xe1, 0x07, 0x40, 0xfe, 0x00, 0xcc, 0x1f, 0x00, 0x03, 0x03, 0x87, 0x00, 0x98, 0x02, 0x30, 0x5b,
    0x72, 0x73, 0x37, 0x00, 0x00, 0x00, 0x48, 0x38, 0x06, 0x07, 0x67, 0x00, 0x00, 0x00, 0x47, 0x5c, 0xf3, 0x07, 0x20, 0xfe, 0x40, 0xc4, 0x1f, 0x08,
    0x03, 0x09, 0x37, 0x00, 0x00, 0x01, 0x18, 0x5c, 0x09, 0x06, 0xa7, 0x05, 0x80, 0x7f, 0x00, 0x4e, 0x07, 0x06, 0xa7, 0x05, 0x80, 0x7f, 0x00, 0x4e,
    0xe1, 0x07, 0x20, 0xfe, 0x40, 0xc4, 0x1f, 0x08, 0x08, 0x06, 0xa7, 0x05, 0x80, 0x7f, 0x10, 0x4f, 0x05, 0x03, 0x47, 0x00, 0x80, 0x03, 0x18, 0x5c,
    0x0a, 0x06, 0xa7, 0x05, 0x80, 0x7f, 0x12, 0x4e, 0xf1, 0x07, 0x22, 0xfe, 0x40, 0xc4, 0x1f, 0x00, 0x0b, 0x06, 0xa7, 0x05, 0x80, 0x7f, 0x3f, 0x4e,
    0x0c, 0x06, 0xa7, 0x05, 0x80, 0x04, 0x29, 0x4e, 0x09, 0x03, 0x47, 0x01, 0x80, 0x03, 0x18, 0x5c, 0xe1, 0x07, 0x20, 0xfe, 0x40, 0xcc, 0x1f, 0x08,
    0x08, 0x06, 0x87, 0x00, 0x98, 0x03, 0x30, 0x5b, 0x06, 0x05, 0x87, 0x05, 0x80, 0x03, 0x53, 0x4b, 0x17, 0x05, 0x87, 0x05, 0x80, 0x03, 0x6d, 0x4b,
    0xf1, 0x07, 0x20, 0xfe, 0x00, 0xc4, 0x1f, 0x00, 0x07, 0x09, 0x87, 0x05, 0x80, 0x03, 0x53, 0x4b, 0x08, 0x08, 0x57, 0x07, 0x00, 0x80, 0x10, 0x5c,
    0x0a, 0x0c, 0xa7, 0x00, 0xa0, 0x05, 0xc0, 0x5c, 0xe1, 0x07, 0x40, 0xfe, 0x40, 0xc8, 0x1f, 0x00, 0x05, 0x05, 0x67, 0x00, 0x00, 0x00, 0x47, 0x5c,
    0x1f, 0x09, 0x87, 0x05, 0x80, 0x03, 0x6d, 0x4b, 0x06, 0x09, 0x77, 0x00, 0x00, 0x00, 0x47, 0x5c, 0xf1, 0x07, 0x20, 0xfe, 0x00, 0xc4, 0x1f, 0x08,
    0x07, 0x0a, 0xf7, 0x0f, 0x00, 0x08, 0x10, 0x5c, 0x86, 0x08, 0x27, 0x05, 0x80, 0x80, 0xd7, 0x4b, 0x0a, 0x05, 0xa7, 0x05, 0x80, 0x7f, 0x00, 0x4e,
    0xe1, 0x07, 0x20, 0xfe, 0x40, 0xc4, 0x1f, 0x08, 0x0c, 0x05, 0xa7, 0x05, 0x80, 0x7f, 0x00, 0x4e, 0x0b, 0x05, 0xa7, 0x05, 0x80, 0x7f, 0x10, 0x4f,
    0x09, 0x05, 0xa7, 0x05, 0x80, 0x7f, 0x12, 0x4e, 0xf1, 0x07, 0x42, 0xfe, 0x00, 0xc0, 0x1f, 0x00, 0x0e, 0x05, 0xa7, 0x05, 0x80, 0x7f, 0x3f, 0x4e,
    0x87, 0x08, 0x37, 0x05, 0x80, 0x03, 0x0f, 0x1a, 0x0d, 0x06, 0xa7, 0x05, 0x80, 0x7f, 0x00, 0x4e, 0xb1, 0x07, 0x20, 0xfc, 0x00, 0xc4, 0x1f, 0x00,
    0x40, 0x86, 0x09, 0x00, 0x00, 0xa0, 0xd6, 0xee, 0x0c, 0x05, 0xa7, 0x05, 0x00, 0x06, 0x29, 0x4e, 0x07, 0x05, 0xb7, 0x00, 0x18, 0x05, 0x30, 0x5b,
    0xf1, 0x07, 0x20, 0xfe, 0x40, 0xc4, 0x1f, 0x08, 0x0a, 0x02, 0x47, 0x01, 0x80, 0x03, 0x18, 0x5c, 0x0b, 0x06, 0xa7, 0x05, 0x80, 0x7f, 0x10, 0x4f,
    0x0f, 0x06, 0xa7, 0x05, 0x80, 0x7f, 0x12, 0x4e, 0xf1, 0x07, 0x20, 0xfc, 0x00, 0xc4, 0x1f, 0x00, 0x10, 0x06, 0xa7, 0x05, 0x80, 0x7f, 0x3f, 0x4e,
    0x08, 0x0c, 0x97, 0x00, 0x20, 0x07, 0xc0, 0x5c, 0x07, 0x07, 0x57, 0x07, 0x00, 0x80, 0x10, 0x5c, 0xf1, 0x07, 0x20, 0xfe, 0x40, 0xcc, 0x1f, 0x00,
    0x05, 0x0a, 0x97, 0x05, 0x80, 0x03, 0x53, 0x4b, 0x09, 0x06, 0xa7, 0x05, 0x80, 0x7f, 0x00, 0x4e, 0x0d, 0x06, 0xa7, 0x05, 0x80, 0x06, 0x29, 0x4e,
    0xf1, 0x07, 0x20, 0xfc, 0x00, 0xc4, 0x1f, 0x00, 0x08, 0x08, 0xf7, 0x0f, 0x00, 0x08, 0x10, 0x5c, 0x88, 0x07, 0x07, 0x05, 0x80, 0x80, 0xd7, 0x4b,
    0x05, 0x0a, 0x57, 0x00, 0x00, 0x00, 0x47, 0x5c, 0xf1, 0x07, 0x20, 0xfe, 0x00, 0xc8, 0x1f, 0x00, 0x09, 0x06, 0xb7, 0x00, 0x98, 0x04, 0x30, 0x5b,
    0x72, 0x72, 0x87, 0x01, 0x00, 0x00, 0x00, 0x04, 0x0d, 0x0d, 0xf7, 0x00, 0x20, 0x08, 0xc0, 0x5c, 0xf1, 0x07, 0x40, 0xfc, 0x00, 0xc4, 0x1f, 0x00,
    0x89, 0x07, 0x17, 0x05, 0x00, 0x04, 0x0f, 0x1a, 0x07, 0x05, 0xa7, 0x05, 0x80, 0x7f, 0x00, 0x4e, 0x06, 0x09, 0x27, 0x07, 0x00, 0x80, 0x10, 0x5c,
    0xf1, 0x07, 0x42, 0xfe, 0x40, 0xc4, 0x1f, 0x08, 0x08, 0x05, 0xa7, 0x05, 0x80, 0x7f, 0x00, 0x4e, 0x0b, 0x05, 0xa7, 0x05, 0x80, 0x7f, 0x10, 0x4f,
    0x0e, 0x05, 0xa7, 0x05, 0x80, 0x03, 0x29, 0x4e, 0xf1, 0x07, 0x20, 0xfc, 0x00, 0xc4, 0x1f, 0x08, 0x09, 0x05, 0xa7, 0x05, 0x80, 0x7f, 0x12, 0x4e,
    0x07, 0x0d, 0xf7, 0x0f, 0x00, 0x08, 0x10, 0x5c, 0x0c, 0x05, 0xa7, 0x05, 0x80, 0x7f, 0x3f, 0x4e, 0xf1, 0x07, 0x22, 0xfe, 0x00, 0xcc, 0x1f, 0x00,
    0x84, 0x06, 0x07, 0x05, 0x80, 0x80, 0xd7, 0x4b, 0x05, 0x05, 0xb7, 0x00, 0x18, 0x04, 0x30, 0x5b, 0x27, 0x0a, 0x97, 0x05, 0x80, 0x03, 0x6d, 0x4b,
    0xf1, 0x07, 0x20, 0xfc, 0x00, 0xd8, 0x1f, 0x00, 0x09, 0x0e, 0x97, 0x00, 0x20, 0x06, 0xc0, 0x5c, 0x85, 0x06, 0x17, 0x05, 0x80, 0x03, 0x0f, 0x1a,
    0x05, 0x05, 0x27, 0x07, 0x00, 0x80, 0x10, 0x5c, 0xf1, 0x07, 0x20, 0xfe, 0x00, 0xc4, 0x1f, 0x00, 0x06, 0x09, 0xf7, 0x0f, 0x00, 0x08, 0x10, 0x5c,
    0x82, 0x05, 0x27, 0x05, 0x80, 0x80, 0xd7, 0x4b, 0x3f, 0x00, 0xf7, 0x0f, 0x80, 0x07, 0x98, 0x5c, 0xf1, 0x07, 0x20, 0xfc, 0x00, 0xc0, 0x1f, 0x00,
    0x3e, 0x00, 0xf7, 0x0f, 0x80, 0x07, 0x98, 0x5c, 0x3d, 0x00, 0xf7, 0x0f, 0x80, 0x07, 0x98, 0x5c, 0x3c, 0x00, 0xf7, 0x0f, 0x80, 0x07, 0x98, 0x5c,
    0xb2, 0x07, 0x20, 0xfe, 0x00, 0xc4, 0x1f, 0x00, 0x3c, 0x88, 0x0a, 0x00, 0x00, 0xa0, 0xd6, 0xee, 0x83, 0x05, 0x37, 0x05, 0x00, 0x03, 0x0f, 0x1a,
    0x3b, 0x00, 0xf7, 0x0f, 0x80, 0x07, 0x98, 0x5c, 0xf1, 0x07, 0x20, 0xfe, 0x00, 0xc0, 0x1f, 0x00, 0x3a, 0x00, 0xf7, 0x0f, 0x80, 0x07, 0x98, 0x5c,
    0x39, 0x00, 0xf7, 0x0f, 0x80, 0x07, 0x98, 0x5c, 0x38, 0x00, 0xf7, 0x0f, 0x80, 0x07, 0x98, 0x5c, 0xb1, 0x07, 0x20, 0xfc, 0x00, 0xc4, 0x1f, 0x00,
    0x38, 0x84, 0x0b, 0x00, 0x00, 0xa0, 0xd6, 0xee, 0x37, 0x00, 0xf7, 0x0f, 0x80, 0x07, 0x98, 0x5c, 0x36, 0x00, 0xf7, 0x0f, 0x80, 0x07, 0x98, 0x5c,
    0xf1, 0x07, 0x00, 0xfe, 0x00, 0xc4, 0x1e, 0x00, 0x35, 0x00, 0xf7, 0x0f, 0x80, 0x07, 0x98, 0x5c, 0x34, 0x00, 0xf7, 0x0f, 0x80, 0x07, 0x98, 0x5c,
    0x34, 0x82, 0x0c, 0x00, 0x00, 0xa0, 0xd6, 0xee, 0xf1, 0x07, 0x20, 0xfe, 0x00, 0x84, 0x1f, 0x00, 0x74, 0x00, 0x97, 0x00, 0x00, 0x00, 0x48, 0x38,
    0x71, 0x73, 0x97, 0x00, 0x00, 0x00, 0x48, 0x38, 0x45, 0x00, 0xa7, 0x05, 0x80, 0x07, 0x98, 0x4c, 0xf1, 0x07, 0x40, 0xfe, 0x00, 0xc4, 0x1f, 0x00,
    0x05, 0x75, 0x47, 0x00, 0x00, 0x04, 0x47, 0x5c, 0x18, 0x72, 0x47, 0x01, 0x00, 0x04, 0x47, 0x5c, 0x74, 0x74, 0x07, 0x60, 0x00, 0x00, 0x00, 0x04,
    0xf1, 0x07, 0x80, 0xfe, 0x00, 0x84, 0x1f, 0x00, 0x71, 0x71, 0x07, 0x60, 0x00, 0x00, 0x00, 0x04, 0x07, 0x45, 0x07, 0x02, 0x80, 0x03, 0x6d, 0x36,
    0x08, 0x74, 0x57, 0x00, 0x00, 0x00, 0x10, 0x5c, 0xf5, 0x07, 0x20, 0xfe, 0x00, 0xc4, 0x1f, 0x00, 0x1c, 0x71, 0x87, 0x01, 0x00, 0x00, 0x10, 0x5c,
    0x23, 0x08, 0x27, 0x00, 0x00, 0x00, 0x48, 0x38, 0x44, 0x1c, 0x27, 0x00, 0x00, 0x00, 0x48, 0x38, 0xf1, 0x07, 0x20, 0xfe, 0x00, 0x84, 0x1f, 0x00,
    0x70, 0x00, 0xf7, 0x0f, 0x80, 0x07, 0x98, 0x5c, 0x6f, 0x00, 0xf7, 0x0f, 0x80, 0x07, 0x98, 0x5c, 0x6e, 0x00, 0xf7, 0x0f, 0x80, 0x07, 0x98, 0x5c,
    0xf1, 0x07, 0x20, 0xfe, 0x00, 0xc4, 0x1f, 0x00, 0x6d, 0x00, 0xf7, 0x0f, 0x80, 0x07, 0x98, 0x5c, 0x6c, 0x00, 0xf7, 0x0f, 0x80, 0x07, 0x98, 0x5c,
    0x6b, 0x00, 0xf7, 0x0f, 0x80, 0x07, 0x98, 0x5c, 0xf1, 0x07, 0x20, 0xfe, 0x00, 0x84, 0x1f, 0x00, 0x6a, 0x00, 0xf7, 0x0f, 0x80, 0x07, 0x98, 0x5c,
    0x69, 0x00, 0xf7, 0x0f, 0x80, 0x07, 0x98, 0x5c, 0x68, 0x00, 0xf7, 0x0f, 0x80, 0x07, 0x98, 0x5c, 0xf1, 0x07, 0x20, 0xfe, 0x00, 0xc4, 0x1f, 0x00,
    0x67, 0x00, 0xf7, 0x0f, 0x80, 0x07, 0x98, 0x5c, 0x66, 0x00, 0xf7, 0x0f, 0x80, 0x07, 0x98, 0x5c, 0x65, 0x00, 0xf7, 0x0f, 0x80, 0x07, 0x98, 0x5c,
    0xf1, 0x07, 0x20, 0xfe, 0x00, 0x84, 0x1f, 0x00, 0x64, 0x00, 0xf7, 0x0f, 0x80, 0x07, 0x98, 0x5c, 0x63, 0x00, 0xf7, 0x0f, 0x80, 0x07, 0x98, 0x5c,
    0x62, 0x00, 0xf7, 0x0f, 0x80, 0x07, 0x98, 0x5c, 0xf1, 0x07, 0x20, 0xfe, 0x00, 0xc4, 0x1f, 0x00, 0x61, 0x00, 0xf7, 0x0f, 0x80, 0x07, 0x98, 0x5c,
    0x04, 0x00, 0xf7, 0x0f, 0x80, 0x07, 0x98, 0x5c, 0x05, 0x00, 0xf7, 0x0f, 0x80, 0x07, 0x98, 0x5c, 0xf1, 0x07, 0x20, 0xfe, 0x00, 0x84, 0x1f, 0x00,
    0x06, 0x00, 0xf7, 0x0f, 0x80, 0x07, 0x98, 0x5c, 0x07, 0x00, 0xf7, 0x0f, 0x80, 0x07, 0x98, 0x5c, 0x08, 0x00, 0xf7, 0x0f, 0x80, 0x07, 0x98, 0x5c,
    0xf1, 0x07, 0x20, 0xfe, 0x00, 0xc4, 0x1f, 0x00, 0x09, 0x00, 0xf7, 0x0f, 0x80, 0x07, 0x98, 0x5c, 0x0a, 0x00, 0xf7, 0x0f, 0x80, 0x07, 0x98, 0x5c,
    0x0b, 0x00, 0xf7, 0x0f, 0x80, 0x07, 0x98, 0x5c, 0xf1, 0x07, 0x20, 0xfe, 0x00, 0x84, 0x1f, 0x00, 0x0c, 0x00, 0xf7, 0x0f, 0x80, 0x07, 0x98, 0x5c,
    0x0d, 0x00, 0xf7, 0x0f, 0x80, 0x07, 0x98, 0x5c, 0x0e, 0x00, 0xf7, 0x0f, 0x80, 0x07, 0x98, 0x5c, 0xf1, 0x07, 0x20, 0xfe, 0x00, 0xc4, 0x1f, 0x00,
    0x0f, 0x00, 0xf7, 0x0f, 0x80, 0x07, 0x98, 0x5c, 0x10, 0x00, 0xf7, 0x0f, 0x80, 0x07, 0x98, 0x5c, 0x11, 0x00, 0xf7, 0x0f, 0x80, 0x07, 0x98, 0x5c,
    0xf1, 0x07, 0x20, 0xfe, 0x00, 0x84, 0x1f, 0x00, 0x12, 0x00, 0xf7, 0x0f, 0x80, 0x07, 0x98, 0x5c, 0x13, 0x00, 0xf7, 0x0f, 0x80, 0x07, 0x98, 0x5c,
    0x14, 0x00, 0xf7, 0x0f, 0x80, 0x07, 0x98, 0x5c, 0xf1, 0x07, 0x20, 0xfe, 0x00, 0xc4, 0x1f, 0x00, 0x15, 0x00, 0xf7, 0x0f, 0x80, 0x07, 0x98, 0x5c,
    0x16, 0x00, 0xf7, 0x0f, 0x80, 0x07, 0x98, 0x5c, 0x17, 0x00, 0xf7, 0x0f, 0x80, 0x07, 0x98, 0x5c, 0xf1, 0x07, 0x20, 0xfe, 0x00, 0x84, 0x1f, 0x00,
    0x18, 0x00, 0xf7, 0x0f, 0x80, 0x07, 0x98, 0x5c, 0x19, 0x00, 0xf7, 0x0f, 0x80, 0x07, 0x98, 0x5c, 0x1a, 0x00, 0xf7, 0x0f, 0x80, 0x07, 0x98, 0x5c,
    0xf1, 0x07, 0x20, 0xfe, 0x00, 0xc4, 0x1f, 0x00, 0x1b, 0x00, 0xf7, 0x0f, 0x80, 0x07, 0x98, 0x5c, 0x1c, 0x00, 0xf7, 0x0f, 0x80, 0x07, 0x98, 0x5c,
    0x1d, 0x00, 0xf7, 0x0f, 0x80, 0x07, 0x98, 0x5c, 0xf1, 0x07, 0x20, 0xfe, 0x00, 0x84, 0x1f, 0x00, 0x1e, 0x00, 0xf7, 0x0f, 0x80, 0x07, 0x98, 0x5c,
    0x1f, 0x00, 0xf7, 0x0f, 0x80, 0x07, 0x98, 0x5c, 0x20, 0x00, 0xf7, 0x0f, 0x80, 0x07, 0x98, 0x5c, 0xf1, 0x07, 0x20, 0xfe, 0x00, 0xc4, 0x1f, 0x00,
    0x21, 0x00, 0xf7, 0x0f, 0x80, 0x07, 0x98, 0x5c, 0x22, 0x00, 0xf7, 0x0f, 0x80, 0x07, 0x98, 0x5c, 0x24, 0x00, 0xf7, 0x0f, 0x80, 0x07, 0x98, 0x5c,
    0xf1, 0x07, 0x20, 0xfe, 0x00, 0x84, 0x1f, 0x00, 0x25, 0x00, 0xf7, 0x0f, 0x80, 0x07, 0x98, 0x5c, 0x26, 0x00, 0xf7, 0x0f, 0x80, 0x07, 0x98, 0x5c,
    0x27, 0x00, 0xf7, 0x0f, 0x80, 0x07, 0x98, 0x5c, 0xf1, 0x07, 0x20, 0xfe, 0x00, 0xc4, 0x1f, 0x00, 0x28, 0x00, 0xf7, 0x0f, 0x80, 0x07, 0x98, 0x5c,
    0x29, 0x00, 0xf7, 0x0f, 0x80, 0x07, 0x98, 0x5c, 0x2a, 0x00, 0xf7, 0x0f, 0x80, 0x07, 0x98, 0x5c, 0xf1, 0x07, 0x20, 0xfe, 0x00, 0x84, 0x1f, 0x00,
    0x2b, 0x00, 0xf7, 0x0f, 0x80, 0x07, 0x98, 0x5c, 0x2c, 0x00, 0xf7, 0x0f, 0x80, 0x07, 0x98, 0x5c, 0x2d, 0x00, 0xf7, 0x0f, 0x80, 0x07, 0x98, 0x5c,
    0xf1, 0x07, 0x20, 0xfe, 0x00, 0xc4, 0x1f, 0x00, 0x2e, 0x00, 0xf7, 0x0f, 0x80, 0x07, 0x98, 0x5c, 0x2f, 0x00, 0xf7, 0x0f, 0x80, 0x07, 0x98, 0x5c,
    0x30, 0x00, 0xf7, 0x0f, 0x80, 0x07, 0x98, 0x5c, 0xf1, 0x07, 0x20, 0xfe, 0x00, 0x84, 0x1f, 0x00, 0x31, 0x00, 0xf7, 0x0f, 0x80, 0x07, 0x98, 0x5c,
    0x32, 0x00, 0xf7, 0x0f, 0x80, 0x07, 0x98, 0x5c, 0x33, 0x00, 0xf7, 0x0f, 0x80, 0x07, 0x98, 0x5c, 0xf3, 0x07, 0x20, 0xfe, 0x00, 0xc4, 0x1f, 0x00,
    0x00, 0x00, 0x37, 0x34, 0x00, 0x00, 0xf0, 0xf0, 0x40, 0x23, 0x07, 0x00, 0x04, 0x00, 0x5c, 0xef, 0x41, 0x23, 0x07, 0x20, 0x04, 0x00, 0x5c, 0xef,
    0xf1, 0x07, 0x20, 0xfe, 0x00, 0xcc, 0x1f, 0x00, 0x42, 0x23, 0x07, 0x40, 0x04, 0x00, 0x5c, 0xef, 0x43, 0x23, 0x07, 0x60, 0x04, 0x00, 0x5c, 0xef,
    0x00, 0x00, 0x27, 0x34, 0x00, 0x00, 0xf0, 0xf0, 0xf1, 0x07, 0x20, 0xfe, 0x00, 0xc4, 0x1f, 0x00, 0x3c, 0x23, 0x07, 0x00, 0x00, 0x00, 0x5c, 0xef,
    0x3d, 0x23, 0x07, 0x20, 0x00, 0x00, 0x5c, 0xef, 0x3e, 0x23, 0x07, 0x40, 0x00, 0x00, 0x5c, 0xef, 0xf1, 0x00, 0x60, 0xfe, 0x00, 0xc4, 0x1f, 0x00,
    0x3f, 0x23, 0x07, 0x60, 0x00, 0x00, 0x5c, 0xef, 0x00, 0x00, 0x17, 0x34, 0x00, 0x00, 0xf0, 0xf0, 0x38, 0x44, 0x07, 0x00, 0x00, 0x00, 0x5c, 0xef,
    0xf1, 0x07, 0x00, 0xfe, 0x01, 0xc4, 0x1f, 0x00, 0x39, 0x44, 0x07, 0x20, 0x00, 0x00, 0x5c, 0xef, 0x23, 0x00, 0xf7, 0x0f, 0x80, 0x07, 0x98, 0x5c,
    0x3a, 0x44, 0x07, 0x40, 0x00, 0x00, 0x5c, 0xef, 0xf1, 0x07, 0x20, 0xfe, 0x20, 0xc4, 0x1f, 0x00, 0x3b, 0x44, 0x07, 0x60, 0x00, 0x00, 0x5c, 0xef,
    0x34, 0x44, 0x07, 0x00, 0x04, 0x00, 0x5c, 0xef, 0x35, 0x44, 0x07, 0x20, 0x04, 0x00, 0x5c, 0xef, 0xf1, 0x07, 0x20, 0xfe, 0x00, 0xfc, 0x1f, 0x00,
    0x36, 0x44, 0x07, 0x40, 0x04, 0x00, 0x5c, 0xef, 0x37, 0x44, 0x07, 0x60, 0x04, 0x00, 0x5c, 0xef, 0x00, 0x00, 0x07, 0x00, 0x80, 0x1b, 0xa8, 0xf0,
    0xf5, 0x07, 0xa0, 0xff, 0x00, 0xc4, 0x1f, 0x00, 0x00, 0x00, 0x07, 0x00, 0x00, 0x00, 0x98, 0xef, 0x0f, 0x00, 0x08, 0xa2, 0x06, 0x00, 0x40, 0xe2,
    0x44, 0x45, 0xf7, 0x01, 0x00, 0x00, 0x29, 0x38, 0xf1, 0x07, 0x20, 0xfe, 0x00, 0xc4, 0x1f, 0x00, 0x59, 0x00, 0xf7, 0x0f, 0x80, 0x07, 0x98, 0x5c,
    0x5b, 0x00, 0xf7, 0x0f, 0x80, 0x07, 0x98, 0x5c, 0xce, 0x00, 0xf7, 0x0f, 0x80, 0x07, 0x98, 0x5c, 0xf1, 0x07, 0x20, 0xfc, 0x00, 0xc4, 0x1f, 0x00,
    0xef, 0x00, 0xf7, 0x0f, 0x80, 0x07, 0x98, 0x5c, 0xd2, 0x00, 0xf7, 0x0f, 0x80, 0x07, 0x98, 0x5c, 0x44, 0x44, 0xa7, 0x05, 0x80, 0x7f, 0x2f, 0x18,
    0xf1, 0x07, 0x20, 0xfe, 0x00, 0xc4, 0x1f, 0x00, 0xb8, 0x00, 0xf7, 0x0f, 0x80, 0x07, 0x98, 0x5c, 0xee, 0x00, 0xf7, 0x0f, 0x80, 0x07, 0x98, 0x5c,
    0xcc, 0x00, 0xf7, 0x0f, 0x80, 0x07, 0x98, 0x5c, 0xf1, 0x07, 0x20, 0xfc, 0x00, 0xc4, 0x1f, 0x00, 0xf3, 0x00, 0xf7, 0x0f, 0x80, 0x07, 0x98, 0x5c,
    0xd8, 0x00, 0xf7, 0x0f, 0x80, 0x07, 0x98, 0x5c, 0xb4, 0x00, 0xf7, 0x0f, 0x80, 0x07, 0x98, 0x5c, 0xf1, 0x07, 0x20, 0xfe, 0x00, 0xc4, 0x1f, 0x00,
    0xac, 0x00, 0xf7, 0x0f, 0x80, 0x07, 0x98, 0x5c, 0xba, 0x00, 0xf7, 0x0f, 0x80, 0x07, 0x98, 0x5c, 0xec, 0x00, 0xf7, 0x0f, 0x80, 0x07, 0x98, 0x5c,
    0xf1, 0x07, 0x20, 0xfc, 0x00, 0xc4, 0x1f, 0x00, 0xf6, 0x00, 0xf7, 0x0f, 0x80, 0x07, 0x98, 0x5c, 0xf4, 0x00, 0xf7, 0x0f, 0x80, 0x07, 0x98, 0x5c,
    0xe2, 0x00, 0xf7, 0x0f, 0x80, 0x07, 0x98, 0x5c, 0xf1, 0x07, 0x20, 0xfe, 0x00, 0xc4, 0x1f, 0x00, 0xe0, 0x00, 0xf7, 0x0f, 0x80, 0x07, 0x98, 0x5c,
    0x55, 0x00, 0xf7, 0x0f, 0x80, 0x07, 0x98, 0x5c, 0xe8, 0x00, 0xf7, 0x0f, 0x80, 0x07, 0x98, 0x5c, 0xf1, 0x07, 0x20, 0xfc, 0x00, 0xc4, 0x1f, 0x00,
    0x93, 0x00, 0xf7, 0x0f, 0x80, 0x07, 0x98, 0x5c, 0x5c, 0x00, 0xf7, 0x0f, 0x80, 0x07, 0x98, 0x5c, 0xf0, 0x00, 0xf7, 0x0f, 0x80, 0x07, 0x98, 0x5c,
    0xf1, 0x07, 0x20, 0xfe, 0x00, 0xc4, 0x1f, 0x00, 0x97, 0x00, 0xf7, 0x0f, 0x80, 0x07, 0x98, 0x5c, 0xe6, 0x00, 0xf7, 0x0f, 0x80, 0x07, 0x98, 0x5c,
    0x58, 0x00, 0xf7, 0x0f, 0x80, 0x07, 0x98, 0x5c, 0xf1, 0x07, 0x20, 0xfc, 0x00, 0xc4, 0x1f, 0x00, 0x78, 0x00, 0xf7, 0x0f, 0x80, 0x07, 0x98, 0x5c,
    0xa0, 0x00, 0xf7, 0x0f, 0x80, 0x07, 0x98, 0x5c, 0xd6, 0x00, 0xf7, 0x0f, 0x80, 0x07, 0x98, 0x5c, 0xf1, 0x07, 0x20, 0xfe, 0x00, 0xc4, 0x1f, 0x00,
    0xe4, 0x00, 0xf7, 0x0f, 0x80, 0x07, 0x98, 0x5c, 0x7a, 0x00, 0xf7, 0x0f, 0x80, 0x07, 0x98, 0x5c, 0xde, 0x00, 0xf7, 0x0f, 0x80, 0x07, 0x98, 0x5c,
    0xf1, 0x07, 0x20, 0xfc, 0x00, 0xc4, 0x1f, 0x00, 0xa2, 0x00, 0xf7, 0x0f, 0x80, 0x07, 0x98, 0x5c, 0x5a, 0x00, 0xf7, 0x0f, 0x80, 0x07, 0x98, 0x5c,
    0xf7, 0x00, 0xf7, 0x0f, 0x80, 0x07, 0x98, 0x5c, 0xf1, 0x07, 0x20, 0xfe, 0x00, 0xc4, 0x1f, 0x00, 0x5e, 0x00, 0xf7, 0x0f, 0x80, 0x07, 0x98, 0x5c,
    0x5f, 0x00, 0xf7, 0x0f, 0x80, 0x07, 0x98, 0x5c, 0xda, 0x00, 0xf7, 0x0f, 0x80, 0x07, 0x98, 0x5c, 0xf1, 0x07, 0x20, 0xfc, 0x00, 0xc4, 0x1f, 0x00,
    0xc6, 0x00, 0xf7, 0x0f, 0x80, 0x07, 0x98, 0x5c, 0xa6, 0x00, 0xf7, 0x0f, 0x80, 0x07, 0x98, 0x5c, 0x56, 0x00, 0xf7, 0x0f, 0x80, 0x07, 0x98, 0x5c,
    0xf1, 0x07, 0x20, 0xfe, 0x00, 0xc4, 0x1f, 0x00, 0x54, 0x00, 0xf7, 0x0f, 0x80, 0x07, 0x98, 0x5c, 0x57, 0x00, 0xf7, 0x0f, 0x80, 0x07, 0x98, 0x5c,
    0xa8, 0x00, 0xf7, 0x0f, 0x80, 0x07, 0x98, 0x5c, 0xf1, 0x07, 0x20, 0xfc, 0x00, 0xc4, 0x1f, 0x00, 0x76, 0x00, 0xf7, 0x0f, 0x80, 0x07, 0x98, 0x5c,
    0xa4, 0x00, 0xf7, 0x0f, 0x80, 0x07, 0x98, 0x5c, 0x7f, 0x00, 0xf7, 0x0f, 0x80, 0x07, 0x98, 0x5c, 0xf1, 0x07, 0x20, 0xfe, 0x00, 0xc4, 0x1f, 0x00,
    0xd4, 0x00, 0xf7, 0x0f, 0x80, 0x07, 0x98, 0x5c, 0xfb, 0x00, 0xf7, 0x0f, 0x80, 0x07, 0x98, 0x5c, 0x77, 0x00, 0xf7, 0x0f, 0x80, 0x07, 0x98, 0x5c,
    0xf1, 0x07, 0x20, 0xfc, 0x00, 0xc4, 0x1f, 0x00, 0xf1, 0x00, 0xf7, 0x0f, 0x80, 0x07, 0x98, 0x5c, 0xb0, 0x00, 0xf7, 0x0f, 0x80, 0x07, 0x98, 0x5c,
    0xb2, 0x00, 0xf7, 0x0f, 0x80, 0x07, 0x98, 0x5c, 0xf1, 0x07, 0x20, 0xfe, 0x00, 0xc4, 0x1f, 0x00, 0xaa, 0x00, 0xf7, 0x0f, 0x80, 0x07, 0x98, 0x5c,
    0xb6, 0x00, 0xf7, 0x0f, 0x80, 0x07, 0x98, 0x5c, 0xc4, 0x00, 0xf7, 0x0f, 0x80, 0x07, 0x98, 0x5c, 0xf1, 0x07, 0x20, 0xfc, 0x00, 0xc4, 0x1f, 0x00,
    0xae, 0x00, 0xf7, 0x0f, 0x80, 0x07, 0x98, 0x5c, 0xbc, 0x00, 0xf7, 0x0f, 0x80, 0x07, 0x98, 0x5c, 0xbe, 0x00, 0xf7, 0x0f, 0x80, 0x07, 0x98, 0x5c,
    0xf1, 0x07, 0x20, 0xfe, 0x00, 0xc4, 0x1f, 0x00, 0xc0, 0x00, 0xf7, 0x0f, 0x80, 0x07, 0x98, 0x5c, 0xea, 0x00, 0xf7, 0x0f, 0x80, 0x07, 0x98, 0x5c,
    0xf8, 0x00, 0xf7, 0x0f, 0x80, 0x07, 0x98, 0x5c, 0xf1, 0x07, 0x20, 0xfc, 0x00, 0xc4, 0x1f, 0x00, 0xf2, 0x00, 0xf7, 0x0f, 0x80, 0x07, 0x98, 0x5c,
    0xfa, 0x00, 0xf7, 0x0f, 0x80, 0x07, 0x98, 0x5c, 0x94, 0x00, 0xf7, 0x0f, 0x80, 0x07, 0x98, 0x5c, 0xf6, 0x07, 0xc0, 0xfe, 0x02, 0xc4, 0x1f, 0x08,
    0x60, 0x44, 0x57, 0x00, 0x00, 0x00, 0x29, 0x38, 0x44, 0x94, 0x47, 0x00, 0x00, 0x01, 0x18, 0x38, 0x8b, 0x44, 0x47, 0x00, 0x00, 0x00, 0x48, 0x38,
    0xf1, 0x07, 0x82, 0xfc, 0x00, 0xc8, 0x1f, 0x00, 0x45, 0x44, 0xc7, 0x01, 0x00, 0x00, 0x29, 0x38, 0x46, 0x44, 0xf7, 0x01, 0x00, 0x00, 0x29, 0x38,
    0x90, 0x8b, 0x87, 0x08, 0x00, 0x80, 0x10, 0x5c, 0xe4, 0x07, 0x40, 0xfc, 0x00, 0xc0, 0x1f, 0x00, 0x47, 0x44, 0x47, 0x00, 0x40, 0x23, 0xf8, 0x36,
    0x91, 0x45, 0x97, 0x08, 0x00, 0x08, 0x10, 0x5c, 0x8e, 0x8b, 0x67, 0x08, 0x00, 0x80, 0x10, 0x5c, 0xb6, 0x20, 0x41, 0xfc, 0x00, 0xc0, 0x1f, 0x00,
    0x3c, 0x90, 0x0a, 0x00, 0x00, 0xa0, 0xd6, 0xee, 0x8f, 0x47, 0x77, 0x08, 0x00, 0x08, 0x10, 0x5c, 0x8c, 0x8b, 0x47, 0x08, 0x00, 0x80, 0x10, 0x5c,
    0xb6, 0x00, 0x40, 0xfc, 0x00, 0xc0, 0x1f, 0x00, 0x40, 0x8e, 0x09, 0x00, 0x00, 0xa0, 0xd6, 0xee, 0x8d, 0x47, 0x57, 0x08, 0x00, 0x08, 0x10, 0x5c,
    0x8a, 0x8b, 0x27, 0x08, 0x00, 0x80, 0x10, 0x5c, 0xb6, 0x00, 0x40, 0xfc, 0x00, 0xc4, 0x02, 0x00, 0x38, 0x8c, 0x0b, 0x00, 0x00, 0xa0, 0xd6, 0xee,
    0x8b, 0x47, 0x37, 0x08, 0x00, 0x08, 0x10, 0x5c, 0x34, 0x8a, 0x0c, 0x00, 0x00, 0xa0, 0xd6, 0xee, 0xe1, 0x07, 0xa0, 0xfc, 0x00, 0xc0, 0x1f, 0x00,
    0x7c, 0x00, 0x47, 0x00, 0x00, 0x00, 0x48, 0x38, 0x92, 0x00, 0x07, 0xff, 0xff, 0xff, 0x0f, 0x04, 0x7c, 0x7c, 0x07, 0x0f, 0x00, 0x00, 0x00, 0x04,
    0x31, 0x00, 0x00, 0xfe, 0x00, 0x4c, 0x01, 0x00, 0x44, 0x92, 0x07, 0x00, 0x00, 0x10, 0x4e, 0xef, 0xff, 0x94, 0x67, 0x00, 0x00, 0x30, 0x40, 0x38,
    0x48, 0x92, 0x07, 0x10, 0x00, 0x10, 0x4e, 0xef, 0x71, 0x00, 0x20, 0x13, 0x00, 0xf4, 0x1f, 0x00, 0x4c, 0x7c, 0x07, 0x00, 0x04, 0x10, 0x4e, 0xef,
    0x50, 0x7c, 0x07, 0x10, 0x04, 0x10, 0x4e, 0xef, 0x0f, 0x00, 0x88, 0x2b, 0x00, 0x00, 0x40, 0xe2, 0x91, 0x91, 0x22, 0x62, 0xc8, 0x44, 0x45, 0x08,
    0xca, 0x44, 0x17, 0x05, 0x00, 0x5c, 0x00, 0x5d, 0xc2, 0x44, 0xc7, 0x04, 0x80, 0x2c, 0x00, 0x5d, 0xb8, 0x44, 0x37, 0x05, 0x00, 0x66, 0x00, 0x5d,
    0x11, 0x43, 0x20, 0x22, 0x42, 0x04, 0x00, 0x00, 0x59, 0x44, 0x27, 0x05, 0x00, 0x77, 0x00, 0x5d, 0xcc, 0x45, 0xf7, 0x04, 0x00, 0x56, 0x00, 0x5d,
    0x7b, 0x45, 0xc7, 0x04, 0x80, 0x79, 0x00, 0x5d, 0x11, 0x43, 0x26, 0x22, 0x02, 0x44, 0x00, 0x08, 0xee, 0x45, 0xe7, 0x04, 0x00, 0x5a, 0x00, 0x5d,
    0xac, 0x45, 0x07, 0x05, 0x00, 0x5d, 0x00, 0x5d, 0x7e, 0x46, 0x17, 0x05, 0x00, 0x2e, 0x00, 0x5d, 0x11, 0x00, 0x20, 0x26, 0x42, 0x04, 0x20, 0x00,
    0xc8, 0x44, 0xf7, 0x04, 0x80, 0x77, 0x00, 0x5d, 0xba, 0x46, 0xe7, 0x04, 0x80, 0x2a, 0x00, 0x5d, 0x5c, 0x46, 0x27, 0x05, 0x00, 0x78, 0x00, 0x5d,
    0x11, 0x22, 0x24, 0x02, 0x00, 0x44, 0x0c, 0x01, 0x5d, 0x48, 0x07, 0x05, 0x80, 0x2f, 0x00, 0x5d, 0xf3, 0x49, 0x17, 0x05, 0x00, 0x52, 0x00, 0x5d,
    0xb4, 0x4a, 0x27, 0x05, 0x00, 0x5b, 0x00, 0x5d, 0x11, 0x00, 0x22, 0x02, 0x40, 0x04, 0x00, 0x00, 0x5b, 0x44, 0xd7, 0x04, 0x80, 0x2d, 0x00, 0x5d,
    0xce, 0x44, 0xe7, 0x04, 0x00, 0x67, 0x00, 0x5d, 0xd2, 0x44, 0x07, 0x05, 0x00, 0x69, 0x00, 0x5d, 0x11, 0x00, 0x26, 0x02, 0x40, 0x44, 0x00, 0x08,
    0xd8, 0x45, 0xd7, 0x04, 0x00, 0x6c, 0x00, 0x5d, 0xd0, 0x45, 0x17, 0x05, 0x00, 0x76, 0x00, 0x5d, 0x9a, 0x45, 0x27, 0x05, 0x00, 0x7b, 0x00, 0x5d,
    0x11, 0x00, 0x20, 0x02, 0x40, 0x04, 0x00, 0x00, 0xdc, 0x45, 0x37, 0x05, 0x00, 0x7a, 0x00, 0x5d, 0xe2, 0x46, 0xc7, 0x04, 0x00, 0x71, 0x00, 0x5d,
    0xe0, 0x46, 0xd7, 0x04, 0x00, 0x70, 0x00, 0x5d, 0x11, 0x00, 0x22, 0x26, 0x40, 0x44, 0x20, 0x00, 0xe8, 0x46, 0xf7, 0x04, 0x00, 0x74, 0x00, 0x5d,
    0x93, 0x46, 0x07, 0x05, 0x80, 0x49, 0x00, 0x5d, 0xf0, 0x46, 0x37, 0x05, 0x80, 0x4b, 0x00, 0x5d, 0x11, 0x00, 0x22, 0x02, 0x40, 0x04, 0x00, 0x00,
    0xe6, 0x47, 0xc7, 0x04, 0x00, 0x73, 0x00, 0x5d, 0xef, 0x47, 0xd7, 0x04, 0x00, 0x2c, 0x00, 0x5d, 0x78, 0x47, 0xe7, 0x04, 0x00, 0x3c, 0x00, 0x5d,
    0x11, 0x00, 0x22, 0x02, 0x40, 0x44, 0x00, 0x08, 0xa0, 0x47, 0xf7, 0x04, 0x00, 0x50, 0x00, 0x5d, 0x98, 0x47, 0x07, 0x05, 0x00, 0x6b, 0x00, 0x5d,
    0x80, 0x47, 0x17, 0x05, 0x00, 0x72, 0x00, 0x5d, 0x11, 0x00, 0x22, 0x02, 0x00, 0x04, 0x00, 0x00, 0x7a, 0x47, 0x27, 0x05, 0x00, 0x3d, 0x00, 0x5d,
    0x9e, 0x47, 0x37, 0x05, 0x00, 0x6f, 0x00, 0x5d, 0xa2, 0x48, 0xc7, 0x04, 0x00, 0x51, 0x00, 0x5d, 0x11, 0x00, 0x22, 0x02, 0x40, 0x44, 0x00, 0x08,
    0x96, 0x48, 0xd7, 0x04, 0x00, 0x2d, 0x00, 0x5d, 0xf7, 0x48, 0xe7, 0x04, 0x80, 0x7b, 0x00, 0x5d, 0x5e, 0x48, 0xf7, 0x04, 0x00, 0x2f, 0x00, 0x5d,
    0x11, 0x22, 0x22, 0x46, 0x42, 0x04, 0x08, 0x00, 0x5f, 0x48, 0x17, 0x05, 0x00, 0x6d, 0x00, 0x5d, 0x55, 0x48, 0x27, 0x05, 0x00, 0x63, 0x00, 0x5d,
    0xa6, 0x48, 0x37, 0x05, 0x00, 0x53, 0x00, 0x5d, 0x11, 0x02, 0x22, 0x42, 0x40, 0x44, 0x08, 0x08, 0x56, 0x49, 0xc7, 0x04, 0x00, 0x2b, 0x00, 0x5d,
    0x54, 0x49, 0xd7, 0x04, 0x00, 0x2a, 0x00, 0x5d, 0x57, 0x49, 0xe7, 0x04, 0x80, 0x2b, 0x00, 0x5d, 0x11, 0x02, 0x22, 0x42, 0x40, 0x04, 0x08, 0x00,
    0xa8, 0x49, 0xf7, 0x04, 0x00, 0x54, 0x00, 0x5d, 0x76, 0x49, 0x07, 0x05, 0x00, 0x3b, 0x00, 0x5d, 0x9c, 0x49, 0x27, 0x05, 0x80, 0x3f, 0x00, 0x5d,
    0x11, 0x02, 0x20, 0x42, 0x40, 0x44, 0x08, 0x08, 0xa4, 0x49, 0x37, 0x05, 0x00, 0x6a, 0x00, 0x5d, 0xfb, 0x4a, 0xc7, 0x04, 0x80, 0x7d, 0x00, 0x5d,
    0x77, 0x4a, 0xd7, 0x04, 0x80, 0x3b, 0x00, 0x5d, 0x11, 0x02, 0x22, 0x42, 0x40, 0x04, 0x08, 0x00, 0xf1, 0x4a, 0xe7, 0x04, 0x80, 0x78, 0x00, 0x5d,
    0xb0, 0x4a, 0xf7, 0x04, 0x00, 0x58, 0x00, 0x5d, 0xb2, 0x4a, 0x07, 0x05, 0x00, 0x59, 0x00, 0x5d, 0x11, 0x02, 0x22, 0x4e, 0x08, 0x44, 0x08, 0x08,
    0xaa, 0x4a, 0x17, 0x05, 0x00, 0x55, 0x00, 0x5d, 0xb6, 0x4a, 0x37, 0x05, 0x00, 0x62, 0x00, 0x5d, 0xae, 0x4b, 0xc7, 0x04, 0x00, 0x57, 0x00, 0x5d,
    0x11, 0x02, 0x22, 0x42, 0x40, 0x04, 0x08, 0x00, 0xbc, 0x4b, 0xd7, 0x04, 0x00, 0x5e, 0x00, 0x5d, 0xbe, 0x4b, 0xe7, 0x04, 0x00, 0x5f, 0x00, 0x5d,
    0xc0, 0x4b, 0xf7, 0x04, 0x00, 0x60, 0x00, 0x5d, 0x11, 0x02, 0x22, 0x42, 0x40, 0x44, 0x08, 0x08, 0xea, 0x4b, 0x07, 0x05, 0x00, 0x75, 0x00, 0x5d,
    0xf8, 0x4b, 0x17, 0x05, 0x00, 0x7c, 0x00, 0x5d, 0xf2, 0x4b, 0x27, 0x05, 0x00, 0x79, 0x00, 0x5d, 0x10, 0x02, 0xa0, 0xff, 0x00, 0xc4, 0x45, 0x09,
    0xfa, 0x4b, 0x37, 0x05, 0x00, 0x7d, 0x00, 0x5d, 0x0f, 0x00, 0x87, 0x2a, 0x00, 0x00, 0x40, 0xe2, 0xc2, 0x44, 0xc7, 0x04, 0x00, 0x00, 0x08, 0x5d,
    0x11, 0x01, 0x22, 0x32, 0x40, 0x44, 0x05, 0x08, 0x5b, 0x44, 0xd7, 0x04, 0x00, 0x00, 0x08, 0x5d, 0xce, 0x44, 0xe7, 0x04, 0x00, 0x00, 0x08, 0x5d,
    0xc8, 0x44, 0xf7, 0x04, 0x00, 0x00, 0x08, 0x5d, 0x91, 0x81, 0x22, 0x20, 0x00, 0x44, 0x04, 0x08, 0xd2, 0x44, 0x07, 0x05, 0x00, 0x00, 0x08, 0x5d,
    0xca, 0x44, 0x17, 0x05, 0x00, 0x00, 0x08, 0x5d, 0x59, 0x44, 0x27, 0x05, 0x00, 0x00, 0x08, 0x5d, 0x11, 0x01, 0x20, 0x22, 0x40, 0x44, 0x04, 0x08,
    0xb8, 0x44, 0x37, 0x05, 0x00, 0x00, 0x08, 0x5d, 0x7b, 0x45, 0xc7, 0x04, 0x00, 0x00, 0x08, 0x5d, 0xd8, 0x45, 0xd7, 0x04, 0x00, 0x00, 0x08, 0x5d,
    0x11, 0x01, 0x22, 0x20, 0x00, 0x44, 0x04, 0x08, 0xee, 0x45, 0xe7, 0x04, 0x00, 0x00, 0x08, 0x5d, 0xcc, 0x45, 0xf7, 0x04, 0x00, 0x00, 0x08, 0x5d,
    0xac, 0x45, 0x07, 0x05, 0x00, 0x00, 0x08, 0x5d, 0x11, 0x01, 0x22, 0x22, 0x40, 0x44, 0x04, 0x00, 0xd0, 0x45, 0x17, 0x05, 0x00, 0x00, 0x08, 0x5d,
    0x9a, 0x45, 0x27, 0x05, 0x00, 0x00, 0x08, 0x5d, 0xdc, 0x45, 0x37, 0x05, 0x00, 0x00, 0x08, 0x5d, 0x11, 0x01, 0x22, 0x20, 0x00, 0x44, 0x04, 0x08,
    0xe2, 0x46, 0xc7, 0x04, 0x00, 0x00, 0x08, 0x5d, 0xe0, 0x46, 0xd7, 0x04, 0x00, 0x00, 0x08, 0x5d, 0xba, 0x46, 0xe7, 0x04, 0x00, 0x00, 0x08, 0x5d,
    0x11, 0x01, 0x22, 0x22, 0x40, 0x44, 0x04, 0x08, 0xe8, 0x46, 0xf7, 0x04, 0x00, 0x00, 0x08, 0x5d, 0x93, 0x46, 0x07, 0x05, 0x00, 0x00, 0x08, 0x5d,
    0x7e, 0x46, 0x17, 0x05, 0x00, 0x00, 0x08, 0x5d, 0x11, 0x01, 0x22, 0x20, 0x00, 0x44, 0x04, 0x08, 0x5c, 0x46, 0x27, 0x05, 0x00, 0x00, 0x08, 0x5d,
    0xf0, 0x46, 0x37, 0x05, 0x00, 0x00, 0x08, 0x5d, 0xe6, 0x47, 0xc7, 0x04, 0x00, 0x00, 0x08, 0x5d, 0x11, 0x01, 0x22, 0x22, 0x40, 0x44, 0x04, 0x08,
    0xef, 0x47, 0xd7, 0x04, 0x00, 0x00, 0x08, 0x5d, 0x78, 0x47, 0xe7, 0x04, 0x00, 0x00, 0x08, 0x5d, 0xa0, 0x47, 0xf7, 0x04, 0x00, 0x00, 0x08, 0x5d,
    0x11, 0x01, 0x22, 0x20, 0x00, 0x44, 0x04, 0x08, 0x98, 0x47, 0x07, 0x05, 0x00, 0x00, 0x08, 0x5d, 0x80, 0x47, 0x17, 0x05, 0x00, 0x00, 0x08, 0x5d,
    0x7a, 0x47, 0x27, 0x05, 0x00, 0x00, 0x08, 0x5d, 0x11, 0x01, 0x20, 0x2a, 0x84, 0x44, 0x04, 0x10, 0x9e, 0x47, 0x37, 0x05, 0x00, 0x00, 0x08, 0x5d,
    0xa2, 0x48, 0xc7, 0x04, 0x00, 0x00, 0x08, 0x5d, 0x56, 0x49, 0xc7, 0x04, 0x00, 0x00, 0x08, 0x5d, 0x11, 0x01, 0x24, 0x20, 0x00, 0x44, 0x04, 0x18,
    0xfb, 0x4a, 0xc7, 0x04, 0x00, 0x00, 0x08, 0x5d, 0xae, 0x4b, 0xc7, 0x04, 0x00, 0x00, 0x08, 0x5d, 0x96, 0x48, 0xd7, 0x04, 0x00, 0x00, 0x08, 0x5d,
    0x11, 0x01, 0x26, 0x22, 0x80, 0x44, 0x04, 0x00, 0x54, 0x49, 0xd7, 0x04, 0x00, 0x00, 0x08, 0x5d, 0x77, 0x4a, 0xd7, 0x04, 0x00, 0x00, 0x08, 0x5d,
    0xbc, 0x4b, 0xd7, 0x04, 0x00, 0x00, 0x08, 0x5d, 0x11, 0x01, 0x24, 0x20, 0x00, 0x44, 0x04, 0x18, 0xf7, 0x48, 0xe7, 0x04, 0x00, 0x00, 0x08, 0x5d,
    0x57, 0x49, 0xe7, 0x04, 0x00, 0x00, 0x08, 0x5d, 0xf1, 0x4a, 0xe7, 0x04, 0x00, 0x00, 0x08, 0x5d, 0x11, 0x01, 0x22, 0x22, 0x80, 0x44, 0x04, 0x10,
    0xbe, 0x4b, 0xe7, 0x04, 0x00, 0x00, 0x08, 0x5d, 0x5e, 0x48, 0xf7, 0x04, 0x00, 0x00, 0x08, 0x5d, 0xa8, 0x49, 0xf7, 0x04, 0x00, 0x00, 0x08, 0x5d,
    0x11, 0x01, 0x24, 0x20, 0x00, 0x44, 0x04, 0x18, 0xb0, 0x4a, 0xf7, 0x04, 0x00, 0x00, 0x08, 0x5d, 0xc0, 0x4b, 0xf7, 0x04, 0x00, 0x00, 0x08, 0x5d,
    0x5d, 0x48, 0x07, 0x05, 0x00, 0x00, 0x08, 0x5d, 0x11, 0x01, 0x26, 0x22, 0x40, 0x44, 0x04, 0x00, 0x5f, 0x48, 0x17, 0x05, 0x00, 0x00, 0x08, 0x5d,
    0x55, 0x48, 0x27, 0x05, 0x00, 0x00, 0x08, 0x5d, 0xa6, 0x48, 0x37, 0x05, 0x00, 0x00, 0x08, 0x5d, 0x11, 0x01, 0x22, 0x20, 0x00, 0x44, 0x04, 0x08,
    0x76, 0x49, 0x07, 0x05, 0x00, 0x00, 0x08, 0x5d, 0xf3, 0x49, 0x17, 0x05, 0x00, 0x00, 0x08, 0x5d, 0x9c, 0x49, 0x27, 0x05, 0x00, 0x00, 0x08, 0x5d,
    0x11, 0x01, 0x20, 0x22, 0xc0, 0x44, 0x04, 0x08, 0xa4, 0x49, 0x37, 0x05, 0x00, 0x00, 0x08, 0x5d, 0xb2, 0x4a, 0x07, 0x05, 0x00, 0x00, 0x08, 0x5d,
    0xea, 0x4b, 0x07, 0x05, 0x00, 0x00, 0x08, 0x5d, 0x11, 0x01, 0x24, 0x20, 0x00, 0x44, 0x04, 0x18, 0xaa, 0x4a, 0x17, 0x05, 0x00, 0x00, 0x08, 0x5d,
    0xf8, 0x4b, 0x17, 0x05, 0x00, 0x00, 0x08, 0x5d, 0xb4, 0x4a, 0x27, 0x05, 0x00, 0x00, 0x08, 0x5d, 0x11, 0x01, 0x24, 0x22, 0x40, 0x58, 0x04, 0x00,
    0xb6, 0x4a, 0x37, 0x05, 0x00, 0x00, 0x08, 0x5d, 0xf2, 0x4b, 0x27, 0x05, 0x00, 0x00, 0x08, 0x5d, 0xfa, 0x4b, 0x37, 0x05, 0x00, 0x00, 0x08, 0x5d,
    0xf1, 0xff, 0x20, 0xe2, 0x00, 0xfc, 0x1c, 0x00, 0x44, 0x92, 0x07, 0x20, 0x00, 0x10, 0x4e, 0xef, 0x48, 0x7c, 0x07, 0x20, 0x04, 0x10, 0x4e, 0xef,
    0x4c, 0x7c, 0x07, 0x30, 0x04, 0x10, 0x4e, 0xef, 0x50, 0x08, 0x22, 0xfe, 0x00, 0xc8, 0x40, 0x00, 0xc6, 0x44, 0x97, 0x04, 0x80, 0x2d, 0x00, 0x5d,
    0x50, 0x7c, 0x07, 0x40, 0x04, 0x10, 0x4e, 0xef, 0x7f, 0x44, 0xe7, 0x04, 0x80, 0x2c, 0x00, 0x5d, 0x11, 0x0f, 0x20, 0x70, 0x00, 0x44, 0x00, 0x18,
    0x58, 0x92, 0x07, 0x30, 0x00, 0x10, 0x4e, 0xef, 0xde, 0x45, 0x87, 0x04, 0x80, 0x3d, 0x00, 0x5d, 0xd4, 0x45, 0xe7, 0x04, 0x00, 0x4d, 0x00, 0x5d,
    0x11, 0x01, 0x22, 0x22, 0x00, 0x44, 0x04, 0x10, 0xf4, 0x46, 0xd7, 0x04, 0x00, 0x3f, 0x00, 0x5d, 0xec, 0x46, 0xe7, 0x04, 0x00, 0x2e, 0x00, 0x5d,
    0xc4, 0x44, 0xa7, 0x04, 0x00, 0x67, 0x00, 0x5d, 0x11, 0x00, 0x20, 0x20, 0x02, 0x44, 0x04, 0x18, 0xd6, 0x45, 0xc7, 0x04, 0x00, 0x56, 0x00, 0x5d,
    0x5c, 0x47, 0xa7, 0x04, 0x00, 0x3c, 0x00, 0x5d, 0x7e, 0x47, 0xc7, 0x04, 0x00, 0x4c, 0x00, 0x5d, 0x11, 0x02, 0x26, 0x22, 0x42, 0x44, 0x00, 0x00,
    0xce, 0x44, 0xb7, 0x04, 0x00, 0x64, 0x00, 0x5d, 0x78, 0x47, 0xb7, 0x04, 0x00, 0x50, 0x00, 0x5d, 0x98, 0x47, 0xe7, 0x04, 0x00, 0x3d, 0x00, 0x5d,
    0x11, 0x01, 0x22, 0x20, 0x00, 0x44, 0x04, 0x18, 0xc2, 0x44, 0x87, 0x04, 0x00, 0x61, 0x00, 0x5d, 0xd2, 0x44, 0xc7, 0x04, 0x00, 0x69, 0x00, 0x5d,
    0xca, 0x44, 0xd7, 0x04, 0x00, 0x65, 0x00, 0x5d, 0x11, 0x01, 0x20, 0x22, 0x40, 0x44, 0x85, 0x08, 0xda, 0x44, 0xf7, 0x04, 0x00, 0x5c, 0x00, 0x5d,
    0xd8, 0x45, 0x97, 0x04, 0x00, 0x6c, 0x00, 0x5d, 0xc8, 0x45, 0xa7, 0x04, 0x00, 0x77, 0x00, 0x5d, 0x11, 0x01, 0x22, 0x20, 0x00, 0x44, 0x04, 0x00,
    0xcc, 0x45, 0xb7, 0x04, 0x00, 0x66, 0x00, 0x5d, 0xd0, 0x45, 0xd7, 0x04, 0x00, 0x68, 0x00, 0x5d, 0xdc, 0x45, 0xf7, 0x04, 0x00, 0x6e, 0x00, 0x5d,
    0x11, 0x01, 0x46, 0x22, 0x00, 0x44, 0x20, 0x08, 0xe2, 0x46, 0x87, 0x04, 0x00, 0x71, 0x00, 0x5d, 0xe0, 0x46, 0x97, 0x04, 0x00, 0x70, 0x00, 0x5d,
    0x9a, 0x58, 0xb7, 0x04, 0x00, 0x2f, 0x00, 0x5d, 0x11, 0x43, 0x20, 0x00, 0x00, 0x44, 0x00, 0x08, 0x7b, 0x5a, 0xd7, 0x04, 0x00, 0x55, 0x00, 0x5d,
    0xa2, 0x58, 0x87, 0x04, 0x00, 0x51, 0x00, 0x5d, 0x96, 0x58, 0x97, 0x04, 0x00, 0x4b, 0x00, 0x5d, 0x11, 0x00, 0x22, 0x02, 0x40, 0xc4, 0x04, 0x08,
    0xf7, 0x58, 0xa7, 0x04, 0x80, 0x7b, 0x00, 0x5d, 0x5d, 0x58, 0xc7, 0x04, 0x80, 0x2e, 0x00, 0x5d, 0x5f, 0x58, 0xd7, 0x04, 0x80, 0x2f, 0x00, 0x5d,
    0x11, 0x08, 0x22, 0x00, 0x00, 0x44, 0x00, 0x10, 0x5e, 0x58, 0xe7, 0x04, 0x80, 0x2a, 0x00, 0x5d, 0xa6, 0x58, 0xf7, 0x04, 0x00, 0x53, 0x00, 0x5d,
    0xac, 0x5a, 0xa7, 0x04, 0x80, 0x78, 0x00, 0x5d, 0x11, 0x43, 0x20, 0x22, 0x40, 0x44, 0x04, 0x08, 0xaa, 0x5b, 0x87, 0x04, 0x00, 0x57, 0x00, 0x5d,
    0xe4, 0x46, 0xa7, 0x04, 0x00, 0x5d, 0x00, 0x5d, 0xe8, 0x46, 0xb7, 0x04, 0x00, 0x74, 0x00, 0x5d, 0x11, 0x01, 0x22, 0x20, 0x00, 0x44, 0x04, 0x18,
    0x93, 0x46, 0xc7, 0x04, 0x80, 0x49, 0x00, 0x5d, 0xf0, 0x46, 0xf7, 0x04, 0x00, 0x78, 0x00, 0x5d, 0xe6, 0x47, 0x87, 0x04, 0x00, 0x73, 0x00, 0x5d,
    0x11, 0x01, 0x26, 0x22, 0x40, 0x48, 0x04, 0x00, 0xef, 0x47, 0x97, 0x04, 0x80, 0x77, 0x00, 0x5d, 0x80, 0x47, 0xd7, 0x04, 0x00, 0x40, 0x00, 0x5d,
    0x9e, 0x47, 0xf7, 0x04, 0x00, 0x4f, 0x00, 0x5d, 0x50, 0x02, 0x22, 0xe6, 0x02, 0x04, 0x28, 0x00, 0x7a, 0x59, 0x87, 0x04, 0x00, 0x2b, 0x00, 0x5d,
    0x44, 0x92, 0x07, 0x40, 0x00, 0x10, 0x4e, 0xef, 0x58, 0x59, 0x97, 0x04, 0x00, 0x2a, 0x00, 0x5d, 0x12, 0x02, 0x02, 0x02, 0x40, 0x44, 0x9d, 0x00,
    0xa0, 0x59, 0xa7, 0x04, 0x80, 0x2b, 0x00, 0x5d, 0xf1, 0x5a, 0xc7, 0x04, 0x00, 0x59, 0x00, 0x5d, 0x54, 0x7c, 0x07, 0x50, 0x04, 0x10, 0x4e, 0xef,
    0x11, 0x43, 0x24, 0x02, 0x00, 0x44, 0x00, 0x08, 0xae, 0x5b, 0x97, 0x04, 0x00, 0x5e, 0x00, 0x5d, 0xa8, 0x59, 0xb7, 0x04, 0x00, 0x54, 0x00, 0x5d,
    0xfb, 0x5a, 0x87, 0x04, 0x80, 0x7d, 0x00, 0x5d, 0x01, 0x00, 0x20, 0x02, 0xc0, 0xc4, 0x0c, 0x09, 0x77, 0x5a, 0x97, 0x04, 0x80, 0x3b, 0x00, 0x5d,
    0xb0, 0x5a, 0xb7, 0x04, 0x00, 0x58, 0x00, 0x5d, 0xbc, 0x5b, 0xa7, 0x04, 0x00, 0x5f, 0x00, 0x5d, 0x12, 0x0b, 0x20, 0xee, 0x08, 0x44, 0x00, 0x00,
    0xb2, 0x5b, 0xb7, 0x04, 0x00, 0x60, 0x00, 0x5d, 0x48, 0x92, 0x07, 0x50, 0x00, 0x10, 0x4e, 0xef, 0xb8, 0x5a, 0xf7, 0x04, 0x00, 0x5b, 0x00, 0x5d,
    0x21, 0x01, 0x20, 0x02, 0x41, 0x44, 0x00, 0x18, 0x76, 0x59, 0xc7, 0x04, 0x00, 0x3b, 0x00, 0x5d, 0xb6, 0x5b, 0xc7, 0x04, 0x00, 0x75, 0x00, 0x5d,
    0xf3, 0x59, 0xd7, 0x04, 0x80, 0x79, 0x00, 0x5d, 0x11, 0x00, 0x26, 0x02, 0x00, 0x44, 0x00, 0x00, 0x9c, 0x59, 0xe7, 0x04, 0x00, 0x4e, 0x00, 0x5d,
    0xa4, 0x59, 0xf7, 0x04, 0x00, 0x52, 0x00, 0x5d, 0xb4, 0x5a, 0xe7, 0x04, 0x00, 0x5a, 0x00, 0x5d, 0x01, 0x00, 0x20, 0x02, 0x40, 0x48, 0x00, 0x00,
    0xba, 0x5b, 0xd7, 0x04, 0x00, 0x7c, 0x00, 0x5d, 0xc0, 0x5b, 0xe7, 0x04, 0x00, 0x79, 0x00, 0x5d, 0xbe, 0x5b, 0xf7, 0x04, 0x00, 0x7d, 0x00, 0x5d,
    0x30, 0x11, 0x22, 0xfe, 0x01, 0x44, 0x04, 0x08, 0xc2, 0x44, 0x07, 0x05, 0x00, 0x61, 0x00, 0x5d, 0x4c, 0x7c, 0x07, 0x60, 0x04, 0x10, 0x4e, 0xef,
    0xc6, 0x44, 0x17, 0x05, 0x00, 0x63, 0x00, 0x5d, 0x11, 0x01, 0x22, 0x20, 0x00, 0x44, 0x85, 0x08, 0xc4, 0x44, 0x27, 0x05, 0x00, 0x62, 0x00, 0x5d,
    0xce, 0x44, 0x37, 0x05, 0x00, 0x67, 0x00, 0x5d, 0xd2, 0x44, 0x47, 0x05, 0x00, 0x69, 0x00, 0x5d, 0x11, 0x01, 0x22, 0x22, 0x40, 0x44, 0x04, 0x00,
    0xca, 0x44, 0x57, 0x05, 0x00, 0x65, 0x00, 0x5d, 0x7f, 0x44, 0x67, 0x05, 0x80, 0x3f, 0x00, 0x5d, 0xda, 0x44, 0x77, 0x05, 0x00, 0x6d, 0x00, 0x5d,
    0x91, 0x81, 0x22, 0x20, 0x00, 0x44, 0x04, 0x08, 0xde, 0x45, 0x07, 0x05, 0x00, 0x6f, 0x00, 0x5d, 0xd8, 0x45, 0x17, 0x05, 0x00, 0x6c, 0x00, 0x5d,
    0xc8, 0x45, 0x27, 0x05, 0x00, 0x64, 0x00, 0x5d, 0x11, 0x01, 0x22, 0x22, 0x40, 0x44, 0x04, 0x08, 0xcc, 0x45, 0x37, 0x05, 0x00, 0x66, 0x00, 0x5d,
    0xd6, 0x45, 0x47, 0x05, 0x00, 0x6b, 0x00, 0x5d, 0xd0, 0x45, 0x57, 0x05, 0x00, 0x68, 0x00, 0x5d, 0x11, 0x01, 0x22, 0x20, 0x00, 0x44, 0x04, 0x08,
    0xd4, 0x45, 0x67, 0x05, 0x00, 0x6a, 0x00, 0x5d, 0xdc, 0x45, 0x77, 0x05, 0x00, 0x6e, 0x00, 0x5d, 0xe2, 0x46, 0x07, 0x05, 0x00, 0x71, 0x00, 0x5d,
    0x11, 0x01, 0x22, 0x22, 0x40, 0x44, 0x04, 0x08, 0xe0, 0x46, 0x17, 0x05, 0x00, 0x70, 0x00, 0x5d, 0xe4, 0x46, 0x27, 0x05, 0x00, 0x72, 0x00, 0x5d,
    0xe8, 0x46, 0x37, 0x05, 0x00, 0x74, 0x00, 0x5d, 0x11, 0x01, 0x22, 0x20, 0x00, 0x44, 0x04, 0x08, 0x93, 0x46, 0x47, 0x05, 0x80, 0x49, 0x00, 0x5d,
    0xf4, 0x46, 0x57, 0x05, 0x00, 0x7a, 0x00, 0x5d, 0xec, 0x46, 0x67, 0x05, 0x00, 0x76, 0x00, 0x5d, 0x11, 0x01, 0x20, 0x22, 0x40, 0x44, 0x04, 0x08,
    0xf0, 0x46, 0x77, 0x05, 0x00, 0x78, 0x00, 0x5d, 0xe6, 0x47, 0x07, 0x05, 0x00, 0x73, 0x00, 0x5d, 0xef, 0x47, 0x17, 0x05, 0x80, 0x77, 0x00, 0x5d,
    0x11, 0x01, 0x22, 0x20, 0x00, 0x44, 0x04, 0x08, 0x5c, 0x47, 0x27, 0x05, 0x00, 0x2e, 0x00, 0x5d, 0x78, 0x47, 0x37, 0x05, 0x00, 0x3c, 0x00, 0x5d,
    0x7e, 0x47, 0x47, 0x05, 0x00, 0x3f, 0x00, 0x5d, 0x11, 0x03, 0x22, 0x22, 0x40, 0x48, 0x04, 0x00, 0xea, 0x47, 0x57, 0x05, 0x00, 0x40, 0x00, 0x5d,
    0x98, 0x47, 0x67, 0x05, 0x00, 0x4c, 0x00, 0x5d, 0x9e, 0x47, 0x77, 0x05, 0x00, 0x4f, 0x00, 0x5d, 0x10, 0x43, 0xa0, 0xf3, 0x02, 0x40, 0x04, 0x08,
    0x80, 0x49, 0x17, 0x05, 0x00, 0x2c, 0x00, 0x5d, 0x44, 0x92, 0x07, 0x60, 0x00, 0x10, 0x4e, 0xef, 0xa2, 0x48, 0x07, 0x05, 0x00, 0x51, 0x00, 0x5d,
    0x11, 0x47, 0x20, 0x2c, 0x00, 0x44, 0x04, 0x08, 0x58, 0x7c, 0x07, 0x70, 0x04, 0x10, 0x4e, 0xef, 0x96, 0x48, 0x17, 0x05, 0x00, 0x4b, 0x00, 0x5d,
    0xf7, 0x48, 0x27, 0x05, 0x80, 0x7b, 0x00, 0x5d, 0x11, 0x01, 0x22, 0x22, 0x40, 0x44, 0x04, 0x08, 0x9a, 0x48, 0x37, 0x05, 0x00, 0x4d, 0x00, 0x5d,
    0x5d, 0x48, 0x47, 0x05, 0x80, 0x2e, 0x00, 0x5d, 0x5f, 0x48, 0x57, 0x05, 0x80, 0x2f, 0x00, 0x5d, 0x11, 0x01, 0x22, 0x20, 0x00, 0x44, 0x04, 0x08,
    0x5e, 0x48, 0x67, 0x05, 0x00, 0x2f, 0x00, 0x5d, 0xa6, 0x48, 0x77, 0x05, 0x00, 0x53, 0x00, 0x5d, 0x7a, 0x49, 0x07, 0x05, 0x00, 0x3d, 0x00, 0x5d,
    0x11, 0x01, 0x22, 0x22, 0x40, 0x44, 0x04, 0x08, 0xa0, 0x49, 0x27, 0x05, 0x00, 0x50, 0x00, 0x5d, 0xa8, 0x49, 0x37, 0x05, 0x00, 0x54, 0x00, 0x5d,
    0x76, 0x49, 0x47, 0x05, 0x00, 0x3b, 0x00, 0x5d, 0x11, 0x01, 0x22, 0x20, 0x00, 0x44, 0x04, 0x00, 0xf3, 0x49, 0x57, 0x05, 0x80, 0x79, 0x00, 0x5d,
    0x9c, 0x49, 0x67, 0x05, 0x00, 0x4e, 0x00, 0x5d, 0xa4, 0x49, 0x77, 0x05, 0x00, 0x52, 0x00, 0x5d, 0x11, 0x01, 0x22, 0x22, 0x40, 0x44, 0x04, 0x08,
    0xfb, 0x4a, 0x07, 0x05, 0x80, 0x7d, 0x00, 0x5d, 0x77, 0x4a, 0x17, 0x05, 0x80, 0x3b, 0x00, 0x5d, 0xac, 0x4a, 0x27, 0x05, 0x00, 0x56, 0x00, 0x5d,
    0x11, 0x01, 0x22, 0x20, 0x00, 0x44, 0x04, 0x08, 0xb0, 0x4a, 0x37, 0x05, 0x00, 0x58, 0x00, 0x5d, 0xf1, 0x4a, 0x47, 0x05, 0x80, 0x78, 0x00, 0x5d,
    0x7b, 0x4a, 0x57, 0x05, 0x80, 0x3d, 0x00, 0x5d, 0x11, 0x01, 0x22, 0x22, 0x00, 0x44, 0x04, 0x08, 0xb4, 0x4a, 0x67, 0x05, 0x00, 0x5a, 0x00, 0x5d,
    0xb8, 0x4a, 0x77, 0x05, 0x00, 0x5c, 0x00, 0x5d, 0xaa, 0x4b, 0x07, 0x05, 0x00, 0x55, 0x00, 0x5d, 0x11, 0x01, 0x22, 0x20, 0x00, 0x44, 0x04, 0x08,
    0xae, 0x4b, 0x17, 0x05, 0x00, 0x57, 0x00, 0x5d, 0xbc, 0x4b, 0x27, 0x05, 0x00, 0x5e, 0x00, 0x5d, 0xee, 0x4b, 0x37, 0x05, 0x00, 0x59, 0x00, 0x5d,
    0x11, 0x01, 0x22, 0x22, 0x40, 0x44, 0x04, 0x08, 0xb6, 0x4b, 0x47, 0x05, 0x00, 0x5b, 0x00, 0x5d, 0xba, 0x4b, 0x57, 0x05, 0x00, 0x5d, 0x00, 0x5d,
    0xc0, 0x4b, 0x67, 0x05, 0x00, 0x60, 0x00, 0x5d, 0x12, 0x01, 0x20, 0xe6, 0x02, 0x84, 0x10, 0x02, 0xf2, 0x4b, 0x77, 0x05, 0x00, 0x5f, 0x00, 0x5d,
    0x48, 0x92, 0x07, 0x70, 0x00, 0x10, 0x4e, 0xef, 0xf6, 0x45, 0xc7, 0x04, 0x00, 0x6f, 0x00, 0x5d, 0x11, 0x08, 0x22, 0x86, 0x10, 0xf4, 0x3f, 0x00,
    0xb2, 0x47, 0x87, 0x05, 0x00, 0x3f, 0x00, 0x5d, 0xde, 0x47, 0xf7, 0x04, 0x00, 0x3c, 0x00, 0x5d, 0x7e, 0x92, 0x07, 0x02, 0x00, 0x00, 0x40, 0x04,
    0xf0, 0x87, 0x20, 0xfe, 0x00, 0x40, 0x02, 0x10, 0x78, 0x7c, 0x07, 0x02, 0x00, 0x00, 0x40, 0x04, 0x50, 0x7e, 0x07, 0x80, 0x00, 0x10, 0x4e, 0xef,
    0xfc, 0x47, 0xd7, 0x04, 0x80, 0x77, 0x00, 0x5d, 0xf1, 0x07, 0x20, 0x02, 0x40, 0x44, 0x00, 0x08, 0x54, 0x7e, 0x07, 0x90, 0x00, 0x10, 0x4e, 0xef,
    0xc2, 0x44, 0xc7, 0x04, 0x00, 0x61, 0x00, 0x5d, 0xc6, 0x44, 0xd7, 0x04, 0x00, 0x63, 0x00, 0x5d, 0x11, 0x00, 0x22, 0x00, 0x00, 0x44, 0x88, 0x08,
    0xc4, 0x44, 0xe7, 0x04, 0x00, 0x62, 0x00, 0x5d, 0xce, 0x44, 0xf7, 0x04, 0x00, 0x67, 0x00, 0x5d, 0xd2, 0x44, 0x87, 0x05, 0x00, 0x69, 0x00, 0x5d,
    0x11, 0x02, 0x22, 0x42, 0x40, 0x44, 0x08, 0x00, 0xca, 0x44, 0x97, 0x05, 0x00, 0x65, 0x00, 0x5d, 0x7f, 0x44, 0xa7, 0x05, 0x80, 0x3f, 0x00, 0x5d,
    0xda, 0x44, 0xb7, 0x05, 0x00, 0x6d, 0x00, 0x5d, 0x11, 0x02, 0x22, 0x40, 0x00, 0x44, 0x08, 0x08, 0xd8, 0x45, 0xd7, 0x04, 0x00, 0x6c, 0x00, 0x5d,
    0xc8, 0x45, 0xe7, 0x04, 0x00, 0x64, 0x00, 0x5d, 0xcc, 0x45, 0xf7, 0x04, 0x00, 0x66, 0x00, 0x5d, 0x11, 0x02, 0x22, 0x42, 0x40, 0x44, 0x08, 0x08,
    0xd6, 0x45, 0x87, 0x05, 0x00, 0x6b, 0x00, 0x5d, 0xd0, 0x45, 0x97, 0x05, 0x00, 0x68, 0x00, 0x5d, 0xd4, 0x45, 0xa7, 0x05, 0x00, 0x6a, 0x00, 0x5d,
    0x11, 0x02, 0x20, 0x40, 0x00, 0x44, 0x08, 0x08, 0xdc, 0x45, 0xb7, 0x05, 0x00, 0x6e, 0x00, 0x5d, 0xf8, 0x46, 0xc7, 0x04, 0x00, 0x71, 0x00, 0x5d,
    0xe0, 0x46, 0xd7, 0x04, 0x00, 0x70, 0x00, 0x5d, 0x11, 0x02, 0x22, 0x42, 0x40, 0x44, 0x08, 0x08, 0xe4, 0x46, 0xe7, 0x04, 0x00, 0x72, 0x00, 0x5d,
    0xe8, 0x46, 0xf7, 0x04, 0x00, 0x74, 0x00, 0x5d, 0x93, 0x46, 0x87, 0x05, 0x80, 0x49, 0x00, 0x5d, 0x11, 0x02, 0x22, 0x40, 0x00, 0x44, 0x08, 0x10,
    0xf4, 0x46, 0x97, 0x05, 0x00, 0x7a, 0x00, 0x5d, 0xec, 0x46, 0xa7, 0x05, 0x00, 0x76, 0x00, 0x5d, 0xf0, 0x46, 0xb7, 0x05, 0x00, 0x78, 0x00, 0x5d,
    0x11, 0x02, 0x22, 0x42, 0x40, 0xc4, 0x08, 0x08, 0xfe, 0x47, 0xc7, 0x04, 0x00, 0x73, 0x00, 0x5d, 0x5c, 0x47, 0xe7, 0x04, 0x00, 0x2e, 0x00, 0x5d,
    0xea, 0x47, 0x97, 0x05, 0x00, 0x75, 0x00, 0x5d, 0x11, 0x0a, 0x42, 0x40, 0x00, 0x44, 0x9e, 0x00, 0xef, 0x47, 0xa7, 0x05, 0x00, 0x4c, 0x00, 0x5d,
    0x9e, 0x47, 0xb7, 0x05, 0x00, 0x4f, 0x00, 0x5d, 0x44, 0x78, 0x07, 0x80, 0x04, 0x10, 0x4e, 0xef, 0x51, 0x11, 0x22, 0x02, 0x40, 0x44, 0x44, 0x08,
    0x98, 0x48, 0xe7, 0x04, 0x80, 0x7b, 0x00, 0x5d, 0xf5, 0x48, 0xc7, 0x04, 0x00, 0x51, 0x00, 0x5d, 0xf7, 0x48, 0xf7, 0x04, 0x00, 0x4d, 0x00, 0x5d,
    0x11, 0x00, 0x20, 0x24, 0x02, 0x44, 0x20, 0x08, 0xe6, 0x49, 0xb7, 0x05, 0x00, 0x52, 0x00, 0x5d, 0x9a, 0x48, 0x87, 0x05, 0x80, 0x2e, 0x00, 0x5d,
    0xa2, 0x48, 0x97, 0x05, 0x80, 0x2f, 0x00, 0x5d, 0x11, 0x00, 0x20, 0x22, 0x42, 0x44, 0x00, 0x18, 0xbe, 0x48, 0xa7, 0x05, 0x00, 0x2f, 0x00, 0x5d,
    0x5d, 0x49, 0xc7, 0x04, 0x00, 0x3d, 0x00, 0x5d, 0xf9, 0x49, 0xe7, 0x04, 0x00, 0x50, 0x00, 0x5d, 0x11, 0x00, 0x20, 0x00, 0x00, 0x44, 0x00, 0x00,
    0xfd, 0x49, 0xf7, 0x04, 0x00, 0x54, 0x00, 0x5d, 0xa4, 0x4a, 0xe7, 0x04, 0x00, 0x56, 0x00, 0x5d, 0x79, 0x4a, 0xf7, 0x04, 0x00, 0x58, 0x00, 0x5d,
    0x11, 0x43, 0x26, 0x62, 0x00, 0x44, 0x0c, 0x08, 0x96, 0x48, 0xd7, 0x04, 0x00, 0x4b, 0x00, 0x5d, 0xa6, 0x48, 0xb7, 0x05, 0x00, 0x53, 0x00, 0x5d,
    0x80, 0x49, 0xd7, 0x04, 0x00, 0x40, 0x00, 0x5d, 0x31, 0x03, 0x22, 0x60, 0x01, 0x44, 0x0c, 0x10, 0xe2, 0x49, 0x87, 0x05, 0x00, 0x3b, 0x00, 0x5d,
    0xa8, 0x49, 0x97, 0x05, 0x80, 0x79, 0x00, 0x5d, 0xa0, 0x49, 0xa7, 0x05, 0x00, 0x4e, 0x00, 0x5d, 0x11, 0x03, 0x22, 0x62, 0x40, 0x44, 0x0c, 0x08,
    0x5f, 0x4a, 0xc7, 0x04, 0x80, 0x7d, 0x00, 0x5d, 0x5e, 0x4a, 0xd7, 0x04, 0x80, 0x3b, 0x00, 0x5d, 0xf1, 0x4a, 0x87, 0x05, 0x80, 0x78, 0x00, 0x5d,
    0x11, 0x03, 0x22, 0x60, 0x00, 0x44, 0x0c, 0x00, 0x7b, 0x4a, 0x97, 0x05, 0x80, 0x3d, 0x00, 0x5d, 0xb4, 0x4a, 0xa7, 0x05, 0x00, 0x5a, 0x00, 0x5d,
    0xb8, 0x4a, 0xb7, 0x05, 0x00, 0x5c, 0x00, 0x5d, 0x31, 0x13, 0x22, 0x62, 0x40, 0x44, 0x0c, 0x08, 0x7a, 0x4b, 0xc7, 0x04, 0x00, 0x55, 0x00, 0x5d,
    0xae, 0x4b, 0xd7, 0x04, 0x00, 0x57, 0x00, 0x5d, 0x4e, 0x4b, 0xe7, 0x04, 0x00, 0x5e, 0x00, 0x5d, 0x11, 0x03, 0x22, 0x60, 0x00, 0x44, 0x0c, 0x08,
    0x4f, 0x4b, 0xf7, 0x04, 0x00, 0x77, 0x00, 0x5d, 0xb6, 0x4b, 0x87, 0x05, 0x00, 0x5b, 0x00, 0x5d, 0xac, 0x4b, 0x97, 0x05, 0x00, 0x5d, 0x00, 0x5d,
    0x11, 0x03, 0x42, 0x62, 0x00, 0xf4, 0x1d, 0x01, 0xb0, 0x4b, 0xa7, 0x05, 0x00, 0x60, 0x00, 0x5d, 0xfa, 0x4b, 0xb7, 0x05, 0x00, 0x79, 0x00, 0x5d,
    0x48, 0x78, 0x07, 0x90, 0x04, 0x10, 0x4e, 0xef, 0x10, 0x84, 0x22, 0xfe, 0x00, 0x04, 0x00, 0x00, 0xbc, 0x53, 0x57, 0x04, 0x00, 0x7e, 0x00, 0x5d,
    0x58, 0x78, 0x07, 0xb0, 0x04, 0x10, 0x4e, 0xef, 0xc0, 0x53, 0x67, 0x04, 0x00, 0x2e, 0x00, 0x5d, 0x11, 0x00, 0x26, 0x02, 0x00, 0x44, 0x10, 0x12,
    0xf2, 0x54, 0x57, 0x04, 0x00, 0x4b, 0x00, 0x5d, 0x76, 0x55, 0x57, 0x04, 0x00, 0x40, 0x00, 0x5d, 0xfc, 0x50, 0x67, 0x04, 0x00, 0x62, 0x00, 0x5d,
    0x31, 0x22, 0x26, 0x02, 0x01, 0x04, 0x00, 0x00, 0x9c, 0x54, 0x67, 0x04, 0x00, 0x4c, 0x00, 0x5d, 0x5c, 0x56, 0x67, 0x04, 0x00, 0x52, 0x00, 0x5d,
    0xaa, 0x54, 0x77, 0x04, 0x80, 0x7b, 0x00, 0x5d, 0x11, 0x00, 0x24, 0x02, 0x80, 0x44, 0x00, 0x10, 0xc2, 0x50, 0x47, 0x04, 0x00, 0x61, 0x00, 0x5d,
    0xf6, 0x51, 0x47, 0x04, 0x00, 0x7b, 0x00, 0x5d, 0xfb, 0x52, 0x47, 0x04, 0x00, 0x7c, 0x00, 0x5d, 0x11, 0x00, 0x24, 0x02, 0x80, 0x04, 0x00, 0x00,
    0xba, 0x53, 0x47, 0x04, 0x00, 0x7f, 0x00, 0x5d, 0xee, 0x54, 0x47, 0x04, 0x80, 0x7a, 0x00, 0x5d, 0x5d, 0x55, 0x47, 0x04, 0x80, 0x2e, 0x00, 0x5d,
    0x11, 0x00, 0x26, 0x22, 0x02, 0x44, 0x04, 0x10, 0x5f, 0x56, 0x47, 0x04, 0x80, 0x2f, 0x00, 0x5d, 0x7a, 0x57, 0x47, 0x04, 0x00, 0x3d, 0x00, 0x5d,
    0xc6, 0x50, 0x57, 0x04, 0x00, 0x63, 0x00, 0x5d, 0x11, 0x01, 0x24, 0x22, 0x80, 0x04, 0x04, 0x00, 0xd8, 0x51, 0x57, 0x04, 0x00, 0x6c, 0x00, 0x5d,
    0x77, 0x52, 0x57, 0x04, 0x00, 0x70, 0x00, 0x5d, 0x5e, 0x56, 0x57, 0x04, 0x00, 0x2f, 0x00, 0x5d, 0x11, 0x01, 0x22, 0x22, 0x80, 0x44, 0x04, 0x10,
    0x96, 0x57, 0x57, 0x04, 0x00, 0x57, 0x00, 0x5d, 0x97, 0x51, 0x67, 0x04, 0x00, 0x64, 0x00, 0x5d, 0xe4, 0x52, 0x67, 0x04, 0x00, 0x72, 0x00, 0x5d,
    0x31, 0x01, 0x24, 0x22, 0x01, 0x04, 0x04, 0x00, 0xf3, 0x55, 0x67, 0x04, 0x80, 0x7c, 0x00, 0x5d, 0xa4, 0x57, 0x67, 0x04, 0x00, 0x27, 0x00, 0x5d,
    0xce, 0x50, 0x77, 0x04, 0x00, 0x67, 0x00, 0x5d, 0x11, 0x01, 0x24, 0x22, 0x80, 0x44, 0x06, 0x12, 0xcc, 0x51, 0x77, 0x04, 0x00, 0x66, 0x00, 0x5d,
    0xe8, 0x52, 0x77, 0x04, 0x00, 0x74, 0x00, 0x5d, 0xc4, 0x53, 0x77, 0x04, 0x00, 0x6f, 0x00, 0x5d, 0x11, 0x01, 0x24, 0x2a, 0x84, 0x08, 0x04, 0x00,
    0x80, 0x55, 0x77, 0x04, 0x80, 0x7e, 0x00, 0x5d, 0x98, 0x56, 0x77, 0x04, 0x80, 0x3c, 0x00, 0x5d, 0xf7, 0x57, 0x77, 0x04, 0x80, 0x27, 0x00, 0x5d,
    0xfd, 0x17, 0x20, 0xe6, 0x00, 0x44, 0x0c, 0x19, 0x44, 0x7e, 0x07, 0xa0, 0x00, 0x10, 0x4e, 0xef, 0x4c, 0x78, 0x07, 0xa0, 0x04, 0x10, 0x4e, 0xef,
    0xd2, 0x50, 0x87, 0x04, 0x00, 0x69, 0x00, 0x5d, 0x11, 0x03, 0x22, 0x62, 0x40, 0x44, 0x0c, 0x00, 0x9b, 0x50, 0x97, 0x04, 0x00, 0x65, 0x00, 0x5d,
    0x7f, 0x50, 0xa7, 0x04, 0x80, 0x3f, 0x00, 0x5d, 0xda, 0x50, 0xb7, 0x04, 0x00, 0x6d, 0x00, 0x5d, 0x01, 0x00, 0x20, 0x02, 0xc0, 0xc4, 0x01, 0x11,
    0xfe, 0x51, 0x87, 0x04, 0x00, 0x6b, 0x00, 0x5d, 0xd0, 0x51, 0x97, 0x04, 0x00, 0x68, 0x00, 0x5d, 0x50, 0x51, 0xa7, 0x04, 0x00, 0x6a, 0x00, 0x5d,
    0x11, 0x00, 0x22, 0x02, 0x40, 0x44, 0x00, 0x00, 0xf9, 0x52, 0x87, 0x04, 0x80, 0x49, 0x00, 0x5d, 0x79, 0x52, 0x97, 0x04, 0x00, 0x7a, 0x00, 0x5d,
    0xec, 0x52, 0xa7, 0x04, 0x00, 0x76, 0x00, 0x5d, 0x01, 0x00, 0x20, 0x02, 0x40, 0xc4, 0x08, 0x08, 0x99, 0x53, 0x87, 0x04, 0x00, 0x59, 0x00, 0x5d,
    0xea, 0x53, 0x97, 0x04, 0x00, 0x75, 0x00, 0x5d, 0x7d, 0x53, 0xa7, 0x04, 0x80, 0x77, 0x00, 0x5d, 0x11, 0x08, 0x24, 0x02, 0x80, 0x44, 0x88, 0x00,
    0x51, 0x51, 0xb7, 0x04, 0x00, 0x6e, 0x00, 0x5d, 0x52, 0x52, 0xb7, 0x04, 0x00, 0x78, 0x00, 0x5d, 0x53, 0x53, 0xb7, 0x04, 0x00, 0x4f, 0x00, 0x5d,
    0x01, 0x02, 0x20, 0x42, 0xc0, 0x44, 0x08, 0x18, 0x9d, 0x54, 0x87, 0x04, 0x00, 0x4d, 0x00, 0x5d, 0xa7, 0x54, 0x97, 0x04, 0x00, 0x51, 0x00, 0x5d,
    0x95, 0x54, 0xa7, 0x04, 0x00, 0x5f, 0x00, 0x5d, 0x11, 0x02, 0x20, 0x42, 0x40, 0x44, 0x08, 0x08, 0xa5, 0x54, 0xb7, 0x04, 0x00, 0x53, 0x00, 0x5d,
    0xca, 0x55, 0x87, 0x04, 0x00, 0x71, 0x00, 0x5d, 0xc8, 0x55, 0x97, 0x04, 0x00, 0x54, 0x00, 0x5d, 0x01, 0x02, 0x20, 0x42, 0x80, 0xc4, 0x08, 0x18,
    0xef, 0x55, 0xa7, 0x04, 0x00, 0x50, 0x00, 0x5d, 0xd6, 0x55, 0xb7, 0x04, 0x00, 0x73, 0x00, 0x5d, 0xae, 0x56, 0x87, 0x04, 0x80, 0x78, 0x00, 0x5d,
    0x11, 0x0a, 0x22, 0x42, 0x40, 0x44, 0x08, 0x00, 0xdc, 0x56, 0x97, 0x04, 0x80, 0x3d, 0x00, 0x5d, 0xe0, 0x56, 0xa7, 0x04, 0x00, 0x5a, 0x00, 0x5d,
    0xf8, 0x56, 0xb7, 0x04, 0x00, 0x5c, 0x00, 0x5d, 0x01, 0x02, 0x20, 0x42, 0x40, 0x44, 0x08, 0x08, 0xb6, 0x57, 0x87, 0x04, 0x00, 0x5b, 0x00, 0x5d,
    0xd4, 0x57, 0x97, 0x04, 0x00, 0x56, 0x00, 0x5d, 0xf4, 0x57, 0xa7, 0x04, 0x00, 0x58, 0x00, 0x5d, 0x12, 0x02, 0xa0, 0xeb, 0x04, 0x40, 0x44, 0x10,
    0xde, 0x57, 0xb7, 0x04, 0x00, 0x7d, 0x00, 0x5d, 0x48, 0x7e, 0x07, 0xb0, 0x00, 0x10, 0x4e, 0xef, 0xe2, 0x44, 0xe7, 0x04, 0x00, 0x7e, 0x00, 0x5d,
    0xf1, 0x07, 0x20, 0x00, 0x00, 0x44, 0x00, 0x00, 0x54, 0x78, 0x07, 0xd0, 0x04, 0x10, 0x4e, 0xef, 0xac, 0x46, 0xe7, 0x04, 0x00, 0x72, 0x00, 0x5d,
    0xb4, 0x46, 0xa7, 0x05, 0x00, 0x76, 0x00, 0x5d, 0x11, 0x00, 0x22, 0x02, 0x40, 0x44, 0x00, 0x08, 0xe6, 0x44, 0xc7, 0x04, 0x00, 0x61, 0x00, 0x5d,
    0x93, 0x44, 0xd7, 0x04, 0x00, 0x63, 0x00, 0x5d, 0xf5, 0x44, 0xf7, 0x04, 0x00, 0x67, 0x00, 0x5d, 0x11, 0x00, 0x22, 0x00, 0x00, 0x44, 0x44, 0x08,
    0xfd, 0x44, 0x87, 0x05, 0x00, 0x69, 0x00, 0x5d, 0x9b, 0x44, 0x97, 0x05, 0x80, 0x4d, 0x00, 0x5d, 0xfc, 0x44, 0xa7, 0x05, 0x80, 0x3f, 0x00, 0x5d,
    0x11, 0x01, 0x20, 0x22, 0x40, 0x44, 0x04, 0x08, 0x81, 0x44, 0xb7, 0x05, 0x00, 0x6d, 0x00, 0x5d, 0xf1, 0x45, 0xc7, 0x04, 0x00, 0x7b, 0x00, 0x5d,
    0x9a, 0x45, 0xd7, 0x04, 0x00, 0x6c, 0x00, 0x5d, 0x11, 0x01, 0x22, 0x20, 0x00, 0x44, 0x04, 0x08, 0xa0, 0x45, 0xe7, 0x04, 0x80, 0x4b, 0x00, 0x5d,
    0xf0, 0x45, 0xf7, 0x04, 0x00, 0x66, 0x00, 0x5d, 0xfe, 0x45, 0x87, 0x05, 0x00, 0x7f, 0x00, 0x5d, 0x11, 0x01, 0x22, 0x2e, 0x48, 0x44, 0x04, 0x00,
    0x9e, 0x45, 0x97, 0x05, 0x00, 0x68, 0x00, 0x5d, 0xa8, 0x45, 0xa7, 0x05, 0x00, 0x28, 0x00, 0x5d, 0xa2, 0x45, 0xb7, 0x05, 0x80, 0x28, 0x00, 0x5d,
    0x11, 0x01, 0x22, 0x20, 0x00, 0x44, 0x04, 0x08, 0xa6, 0x46, 0xc7, 0x04, 0x80, 0x7d, 0x00, 0x5d, 0x77, 0x46, 0xd7, 0x04, 0x80, 0x3b, 0x00, 0x5d,
    0xb0, 0x46, 0xf7, 0x04, 0x00, 0x74, 0x00, 0x5d, 0x11, 0x01, 0x22, 0x22, 0x40, 0x44, 0x04, 0x00, 0xb2, 0x46, 0x87, 0x05, 0x80, 0x7c, 0x00, 0x5d,
    0x7b, 0x46, 0x97, 0x05, 0x80, 0x3c, 0x00, 0x5d, 0xb8, 0x46, 0xb7, 0x05, 0x00, 0x29, 0x00, 0x5d, 0x11, 0x01, 0x22, 0x20, 0x00, 0x44, 0x04, 0x08,
    0xba, 0x47, 0xc7, 0x04, 0x00, 0x5d, 0x00, 0x5d, 0xbc, 0x47, 0xd7, 0x04, 0x00, 0x5e, 0x00, 0x5d, 0xc0, 0x47, 0xe7, 0x04, 0x00, 0x60, 0x00, 0x5d,
    0x91, 0x81, 0x22, 0x26, 0x40, 0x44, 0x24, 0x08, 0xc4, 0x47, 0xf7, 0x04, 0x00, 0x62, 0x00, 0x5d, 0xfa, 0x47, 0x87, 0x05, 0x80, 0x4c, 0x00, 0x5d,
    0xec, 0x47, 0x97, 0x05, 0x00, 0x75, 0x00, 0x5d, 0x11, 0x01, 0x42, 0x20, 0x00, 0xf4, 0x5f, 0x00, 0xe4, 0x47, 0xa7, 0x05, 0x80, 0x3e, 0x00, 0x5d,
    0xbe, 0x47, 0xb7, 0x05, 0x80, 0x29, 0x00, 0x5d, 0x44, 0x7e, 0x07, 0xc0, 0x00, 0x10, 0x4e, 0xef, 0x31, 0x07, 0x20, 0x42, 0x44, 0x44, 0x00, 0x18,
    0x50, 0x78, 0x07, 0xc0, 0x04, 0x10, 0x4e, 0xef, 0xc6, 0x49, 0xc7, 0x04, 0x80, 0x2e, 0x00, 0x5d, 0xd0, 0x49, 0xe7, 0x04, 0x80, 0x79, 0x00, 0x5d,
    0x11, 0x00, 0x20, 0x02, 0x40, 0x04, 0x00, 0x00, 0xe8, 0x48, 0xe7, 0x04, 0x00, 0x4e, 0x00, 0x5d, 0x7f, 0x49, 0xd7, 0x04, 0x00, 0x3b, 0x00, 0x5d,
    0xd2, 0x49, 0xf7, 0x04, 0x00, 0x40, 0x00, 0x5d, 0x31, 0x22, 0x20, 0x02, 0x01, 0x44, 0x00, 0x08, 0x5d, 0x49, 0xb7, 0x05, 0x00, 0x6b, 0x00, 0x5d,
    0xf3, 0x4a, 0xa7, 0x05, 0x00, 0x70, 0x00, 0x5d, 0xee, 0x48, 0xc7, 0x04, 0x00, 0x77, 0x00, 0x5d, 0x11, 0x00, 0x22, 0x02, 0x40, 0x04, 0x00, 0x00,
    0xf2, 0x48, 0xd7, 0x04, 0x00, 0x79, 0x00, 0x5d, 0xf6, 0x48, 0xf7, 0x04, 0x00, 0x55, 0x00, 0x5d, 0xc2, 0x48, 0x87, 0x05, 0x80, 0x4e, 0x00, 0x5d,
    0x11, 0x00, 0x26, 0x02, 0xc0, 0x44, 0x00, 0x00, 0xce, 0x48, 0x97, 0x05, 0x80, 0x53, 0x00, 0x5d, 0xcc, 0x48, 0xa7, 0x05, 0x80, 0x4a, 0x00, 0x5d,
    0xea, 0x48, 0xb7, 0x05, 0x80, 0x52, 0x00, 0x5d, 0x11, 0x00, 0x22, 0x02, 0x40, 0x04, 0x00, 0x00, 0xca, 0x49, 0x87, 0x05, 0x00, 0x65, 0x00, 0x5d,
    0xc8, 0x49, 0x97, 0x05, 0x00, 0x64, 0x00, 0x5d, 0xef, 0x49, 0xa7, 0x05, 0x80, 0x77, 0x00, 0x5d, 0x11, 0x00, 0x22, 0x02, 0x40, 0x44, 0x00, 0x08,
    0x5f, 0x4a, 0xc7, 0x04, 0x80, 0x2f, 0x00, 0x5d, 0x5e, 0x4a, 0xd7, 0x04, 0x00, 0x2f, 0x00, 0x5d, 0x5c, 0x4a, 0xe7, 0x04, 0x00, 0x2e, 0x00, 0x5d,
    0x11, 0x00, 0x22, 0x02, 0x40, 0x04, 0x00, 0x00, 0x98, 0x4a, 0xf7, 0x04, 0x00, 0x4c, 0x00, 0x5d, 0x76, 0x4a, 0x87, 0x05, 0x00, 0x57, 0x00, 0x5d,
    0x80, 0x4a, 0x97, 0x05, 0x00, 0x6e, 0x00, 0x5d, 0x11, 0x00, 0x20, 0x02, 0x40, 0x44, 0x00, 0x08, 0x9c, 0x4a, 0xb7, 0x05, 0x00, 0x7c, 0x00, 0x5d,
    0x7a, 0x4b, 0xc7, 0x04, 0x00, 0x3d, 0x00, 0x5d, 0x96, 0x4b, 0xd7, 0x04, 0x00, 0x4b, 0x00, 0x5d, 0x11, 0x00, 0x42, 0x0a, 0x44, 0xc0, 0x04, 0x08,
    0xa4, 0x4b, 0xe7, 0x04, 0x00, 0x52, 0x00, 0x5d, 0xd6, 0x4b, 0xf7, 0x04, 0x80, 0x7b, 0x00, 0x5d, 0xda, 0x4b, 0x87, 0x05, 0x00, 0x5b, 0x00, 0x5d,
    0xf1, 0x0f, 0x20, 0x20, 0x00, 0x44, 0x04, 0x08, 0x4c, 0x78, 0x07, 0xe0, 0x04, 0x10, 0x4e, 0xef, 0xd4, 0x4b, 0x97, 0x05, 0x00, 0x6a, 0x00, 0x5d,
    0xd8, 0x4b, 0xa7, 0x05, 0x00, 0x7a, 0x00, 0x5d, 0x12, 0x01, 0xa0, 0xe7, 0x02, 0x40, 0x00, 0x00, 0xe0, 0x4b, 0xb7, 0x05, 0x00, 0x6f, 0x00, 0x5d,
    0x48, 0x7e, 0x07, 0xd0, 0x00, 0x10, 0x4e, 0xef, 0xdc, 0x44, 0x27, 0x05, 0x00, 0x71, 0x00, 0x5d, 0xf1, 0x07, 0x20, 0x02, 0x40, 0x04, 0x00, 0x00,
    0x58, 0x78, 0x07, 0xf0, 0x04, 0x10, 0x4e, 0xef, 0xfb, 0x45, 0x17, 0x05, 0x00, 0x4d, 0x00, 0x5d, 0xf7, 0x45, 0x37, 0x05, 0x00, 0x78, 0x00, 0x5d,
    0x11, 0x00, 0x22, 0x26, 0x40, 0x44, 0x24, 0x08, 0xe6, 0x44, 0x07, 0x05, 0x00, 0x73, 0x00, 0x5d, 0x93, 0x44, 0x17, 0x05, 0x80, 0x49, 0x00, 0x5d,
    0xe2, 0x44, 0x37, 0x05, 0x80, 0x7a, 0x00, 0x5d, 0x11, 0x01, 0x22, 0x22, 0x40, 0x04, 0x04, 0x00, 0xde, 0x44, 0x47, 0x05, 0x80, 0x7e, 0x00, 0x5d,
    0xb6, 0x44, 0x57, 0x05, 0x80, 0x4d, 0x00, 0x5d, 0xaa, 0x44, 0x67, 0x05, 0x00, 0x7e, 0x00, 0x5d, 0x11, 0x01, 0x20, 0x22, 0x40, 0x44, 0x04, 0x08,
    0xae, 0x44, 0x77, 0x05, 0x80, 0x40, 0x00, 0x5d, 0xf1, 0x45, 0x07, 0x05, 0x80, 0x78, 0x00, 0x5d, 0xa0, 0x45, 0x27, 0x05, 0x00, 0x50, 0x00, 0x5d,
    0x11, 0x01, 0x22, 0x22, 0x40, 0x84, 0x05, 0x01, 0x9a, 0x45, 0x47, 0x05, 0x00, 0x7f, 0x00, 0x5d, 0x9e, 0x45, 0x57, 0x05, 0x00, 0x4f, 0x00, 0x5d,
    0xa8, 0x45, 0x67, 0x05, 0x00, 0x54, 0x00, 0x5d, 0x11, 0x01, 0x20, 0x22, 0x40, 0x44, 0x04, 0x08, 0xa2, 0x45, 0x77, 0x05, 0x00, 0x51, 0x00, 0x5d,
    0xa6, 0x46, 0x07, 0x05, 0x00, 0x53, 0x00, 0x5d, 0x77, 0x46, 0x17, 0x05, 0x80, 0x3b, 0x00, 0x5d, 0x11, 0x01, 0x22, 0x22, 0x40, 0x04, 0x04, 0x00,
    0xac, 0x46, 0x27, 0x05, 0x00, 0x56, 0x00, 0x5d, 0xb0, 0x46, 0x37, 0x05, 0x00, 0x58, 0x00, 0x5d, 0xb2, 0x46, 0x47, 0x05, 0x00, 0x59, 0x00, 0x5d,
    0x11, 0x01, 0x22, 0x22, 0x40, 0x44, 0x04, 0x00, 0x7b, 0x46, 0x57, 0x05, 0x80, 0x3d, 0x00, 0x5d, 0xb4, 0x46, 0x67, 0x05, 0x00, 0x5a, 0x00, 0x5d,
    0xb8, 0x46, 0x77, 0x05, 0x00, 0x5c, 0x00, 0x5d, 0x11, 0x01, 0x22, 0x22, 0x40, 0x04, 0x04, 0x00, 0xba, 0x47, 0x07, 0x05, 0x00, 0x5d, 0x00, 0x5d,
    0xbc, 0x47, 0x17, 0x05, 0x00, 0x5e, 0x00, 0x5d, 0xc0, 0x47, 0x27, 0x05, 0x00, 0x60, 0x00, 0x5d, 0x91, 0x81, 0x22, 0x22, 0x40, 0x44, 0x04, 0x08,
    0xc4, 0x47, 0x37, 0x05, 0x00, 0x62, 0x00, 0x5d, 0xfa, 0x47, 0x47, 0x05, 0x00, 0x7d, 0x00, 0x5d, 0xec, 0x47, 0x57, 0x05, 0x00, 0x76, 0x00, 0x5d,
    0x11, 0x01, 0x42, 0x22, 0x00, 0x44, 0x5c, 0x00, 0xe4, 0x47, 0x67, 0x05, 0x00, 0x72, 0x00, 0x5d, 0xf0, 0x47, 0x77, 0x05, 0x00, 0x5f, 0x00, 0x5d,
    0x44, 0x7e, 0x07, 0xe0, 0x00, 0x10, 0x4e, 0xef, 0x01, 0x01, 0x20, 0x02, 0x40, 0x44, 0x00, 0x08, 0xbe, 0x48, 0x07, 0x05, 0x00, 0x77, 0x00, 0x5d,
    0xf2, 0x48, 0x17, 0x05, 0x00, 0x79, 0x00, 0x5d, 0xe8, 0x48, 0x27, 0x05, 0x00, 0x74, 0x00, 0x5d, 0x11, 0x00, 0x22, 0x02, 0x40, 0x44, 0x00, 0x08,
    0xf6, 0x48, 0x37, 0x05, 0x00, 0x7b, 0x00, 0x5d, 0xc2, 0x48, 0x47, 0x05, 0x00, 0x61, 0x00, 0x5d, 0xce, 0x48, 0x57, 0x05, 0x00, 0x67, 0x00, 0x5d,
    0x01, 0x00, 0x20, 0x02, 0x00, 0x44, 0x00, 0x08, 0xcc, 0x48, 0x67, 0x05, 0x00, 0x66, 0x00, 0x5d, 0xea, 0x48, 0x77, 0x05, 0x00, 0x75, 0x00, 0x5d,
    0xc6, 0x49, 0x07, 0x05, 0x00, 0x63, 0x00, 0x5d, 0x11, 0x00, 0x22, 0x02, 0x40, 0x44, 0x00, 0x08, 0x7f, 0x49, 0x17, 0x05, 0x80, 0x3f, 0x00, 0x5d,
    0xd0, 0x49, 0x27, 0x05, 0x00, 0x68, 0x00, 0x5d, 0xd2, 0x49, 0x37, 0x05, 0x00, 0x69, 0x00, 0x5d, 0x01, 0x00, 0x20, 0x02, 0x40, 0x44, 0x00, 0x08,
    0xca, 0x49, 0x47, 0x05, 0x00, 0x65, 0x00, 0x5d, 0xc8, 0x49, 0x57, 0x05, 0x00, 0x64, 0x00, 0x5d, 0xef, 0x49, 0x67, 0x05, 0x80, 0x77, 0x00, 0x5d,
    0x11, 0x00, 0x20, 0x02, 0x40, 0x44, 0x00, 0x08, 0x5d, 0x49, 0x77, 0x05, 0x80, 0x2e, 0x00, 0x5d, 0x5f, 0x4a, 0x07, 0x05, 0x80, 0x2f, 0x00, 0x5d,
    0x5e, 0x4a, 0x17, 0x05, 0x00, 0x2f, 0x00, 0x5d, 0x01, 0x00, 0x20, 0x02, 0x40, 0xc4, 0x40, 0x08, 0x5c, 0x4a, 0x27, 0x05, 0x00, 0x2e, 0x00, 0x5d,
    0x98, 0x4a, 0x37, 0x05, 0x00, 0x4c, 0x00, 0x5d, 0xee, 0x4a, 0x47, 0x05, 0x00, 0x3b, 0x00, 0x5d, 0x11, 0x00, 0x22, 0x02, 0x40, 0x44, 0x00, 0x00,
    0x80, 0x4a, 0x57, 0x05, 0x00, 0x40, 0x00, 0x5d, 0xf4, 0x4a, 0x67, 0x05, 0x80, 0x79, 0x00, 0x5d, 0x9c, 0x4a, 0x77, 0x05, 0x00, 0x4e, 0x00, 0x5d,
    0x01, 0x00, 0x20, 0x02, 0x40, 0x44, 0x00, 0x08, 0x7a, 0x4b, 0x07, 0x05, 0x00, 0x3d, 0x00, 0x5d, 0x96, 0x4b, 0x17, 0x05, 0x00, 0x4b, 0x00, 0x5d,
    0xa4, 0x4b, 0x27, 0x05, 0x00, 0x52, 0x00, 0x5d, 0x51, 0x20, 0x22, 0x02, 0x40, 0x44, 0x00, 0x08, 0xd6, 0x4b, 0x37, 0x05, 0x00, 0x6b, 0x00, 0x5d,
    0xda, 0x4b, 0x47, 0x05, 0x00, 0x6d, 0x00, 0x5d, 0xf8, 0x4b, 0x57, 0x05, 0x00, 0x6a, 0x00, 0x5d, 0x01, 0x00, 0x40, 0x02, 0x00, 0x44, 0x3c, 0x00,
    0xd8, 0x4b, 0x67, 0x05, 0x00, 0x6c, 0x00, 0x5d, 0xe0, 0x4b, 0x77, 0x05, 0x00, 0x70, 0x00, 0x5d, 0x48, 0x7e, 0x07, 0xf0, 0x00, 0x10, 0x4e, 0xef,
    0x11, 0x01, 0xa0, 0xff, 0x00, 0xc0, 0x1f, 0x00, 0xfe, 0x45, 0xc7, 0x04, 0x80, 0x78, 0x00, 0x5d, 0xf3, 0x92, 0x07, 0x04, 0x00, 0x00, 0x40, 0x04,
    0x76, 0x7c, 0x07, 0x04, 0x00, 0x00, 0x40, 0x04, 0xf1, 0x07, 0x00, 0x22, 0xc2, 0xc4, 0x1f, 0x00, 0x50, 0xf3, 0x07, 0x00, 0x01, 0x10, 0x4e, 0xef,
    0xf1, 0x45, 0xd7, 0x04, 0x80, 0x7d, 0x00, 0x5d, 0x54, 0xf3, 0x07, 0x10, 0x01, 0x10, 0x4e, 0xef, 0x11, 0x03, 0x22, 0x22, 0x42, 0x44, 0x0c, 0x01,
    0xd4, 0x45, 0xe7, 0x04, 0x00, 0x50, 0x00, 0x5d, 0xfb, 0x45, 0xf7, 0x04, 0x80, 0x7b, 0x00, 0x5d, 0xa0, 0x45, 0xa7, 0x05, 0x00, 0x54, 0x00, 0x5d,
    0x01, 0x00, 0x20, 0x02, 0x40, 0x44, 0x00, 0x08, 0xfc, 0x47, 0xd7, 0x04, 0x00, 0x5e, 0x00, 0x5d, 0xe6, 0x44, 0xc7, 0x04, 0x00, 0x73, 0x00, 0x5d,
    0x93, 0x44, 0xd7, 0x04, 0x80, 0x49, 0x00, 0x5d, 0x11, 0x00, 0x22, 0x02, 0x40, 0x44, 0x00, 0x08, 0xdc, 0x44, 0xe7, 0x04, 0x00, 0x6e, 0x00, 0x5d,
    0xe2, 0x44, 0xf7, 0x04, 0x00, 0x71, 0x00, 0x5d, 0xde, 0x44, 0x87, 0x05, 0x00, 0x6f, 0x00, 0x5d, 0x01, 0x00, 0x20, 0x02, 0x40, 0x44, 0x00, 0x10,
    0xb6, 0x44, 0x97, 0x05, 0x00, 0x5b, 0x00, 0x5d, 0xaa, 0x44, 0xa7, 0x05, 0x00, 0x55, 0x00, 0x5d, 0xae, 0x44, 0xb7, 0x05, 0x00, 0x57, 0x00, 0x5d,
    0x11, 0x00, 0x22, 0x02, 0x40, 0x44, 0x00, 0x00, 0x9a, 0x45, 0x87, 0x05, 0x00, 0x4d, 0x00, 0x5d, 0x9e, 0x45, 0x97, 0x05, 0x00, 0x4f, 0x00, 0x5d,
    0xa2, 0x45, 0xb7, 0x05, 0x00, 0x51, 0x00, 0x5d, 0x01, 0x11, 0x20, 0x2e, 0x48, 0x44, 0x04, 0x08, 0xf7, 0x46, 0xc7, 0x04, 0x00, 0x53, 0x00, 0x5d,
    0xa8, 0x46, 0xd7, 0x04, 0x80, 0x3b, 0x00, 0x5d, 0xac, 0x46, 0xe7, 0x04, 0x00, 0x56, 0x00, 0x5d, 0x11, 0x01, 0x22, 0x22, 0x40, 0x44, 0x04, 0x08,
    0xb0, 0x46, 0xf7, 0x04, 0x00, 0x58, 0x00, 0x5d, 0xb2, 0x46, 0x87, 0x05, 0x00, 0x59, 0x00, 0x5d, 0x7b, 0x46, 0x97, 0x05, 0x80, 0x3d, 0x00, 0x5d,
    0x01, 0x01, 0x20, 0x22, 0x00, 0xc4, 0x04, 0x08, 0xb4, 0x46, 0xa7, 0x05, 0x00, 0x5a, 0x00, 0x5d, 0xb8, 0x46, 0xb7, 0x05, 0x00, 0x5c, 0x00, 0x5d,
    0xba, 0x47, 0xc7, 0x04, 0x00, 0x5d, 0x00, 0x5d, 0x11, 0x09, 0x22, 0x32, 0x50, 0x44, 0x04, 0x08, 0xbc, 0x47, 0xe7, 0x04, 0x00, 0x60, 0x00, 0x5d,
    0xc4, 0x47, 0xf7, 0x04, 0x00, 0x62, 0x00, 0x5d, 0xfa, 0x47, 0x87, 0x05, 0x00, 0x7d, 0x00, 0x5d, 0x01, 0x01, 0x20, 0x22, 0x40, 0x48, 0x04, 0x00,
    0xec, 0x47, 0x97, 0x05, 0x00, 0x76, 0x00, 0x5d, 0xe4, 0x47, 0xa7, 0x05, 0x00, 0x72, 0x00, 0x5d, 0xf0, 0x47, 0xb7, 0x05, 0x00, 0x78, 0x00, 0x5d,
    0x31, 0x17, 0x20, 0x02, 0x40, 0x44, 0x00, 0x08, 0x44, 0x76, 0x07, 0x00, 0x05, 0x10, 0x4e, 0xef, 0xbe, 0x48, 0xc7, 0x04, 0x00, 0x5f, 0x00, 0x5d,
    0xf2, 0x48, 0xd7, 0x04, 0x00, 0x79, 0x00, 0x5d, 0x01, 0x00, 0x20, 0x02, 0x40, 0x44, 0x00, 0x08, 0xf5, 0x48, 0xe7, 0x04, 0x00, 0x74, 0x00, 0x5d,
    0xf6, 0x48, 0xf7, 0x04, 0x00, 0x7b, 0x00, 0x5d, 0xc2, 0x48, 0x87, 0x05, 0x00, 0x61, 0x00, 0x5d, 0x11, 0x00, 0x22, 0x02, 0x40, 0x48, 0x00, 0x00,
    0xce, 0x48, 0x97, 0x05, 0x00, 0x67, 0x00, 0x5d, 0xcc, 0x48, 0xa7, 0x05, 0x00, 0x66, 0x00, 0x5d, 0xea, 0x48, 0xb7, 0x05, 0x00, 0x75, 0x00, 0x5d,
    0x01, 0x0f, 0x20, 0x22, 0x40, 0x44, 0x00, 0x08, 0x48, 0x4a, 0xc7, 0x04, 0x80, 0x2f, 0x00, 0x5d, 0xe8, 0x49, 0xd7, 0x04, 0x80, 0x3f, 0x00, 0x5d,
    0xa6, 0x49, 0xb7, 0x05, 0x80, 0x2e, 0x00, 0x5d, 0x11, 0x00, 0x22, 0x02, 0xc0, 0x44, 0x08, 0x00, 0xfd, 0x49, 0xc7, 0x04, 0x00, 0x63, 0x00, 0x5d,
    0xf9, 0x49, 0xe7, 0x04, 0x00, 0x68, 0x00, 0x5d, 0x9b, 0x49, 0xf7, 0x04, 0x00, 0x69, 0x00, 0x5d, 0x01, 0x00, 0x20, 0x46, 0x40, 0x44, 0x20, 0x00,
    0x5c, 0x4a, 0xe7, 0x04, 0x00, 0x2e, 0x00, 0x5d, 0x7d, 0x4a, 0xf7, 0x04, 0x00, 0x4c, 0x00, 0x5d, 0x5d, 0x4b, 0xc7, 0x04, 0x00, 0x3d, 0x00, 0x5d,
    0x11, 0x00, 0x22, 0x02, 0x40, 0x44, 0x00, 0x00, 0xca, 0x49, 0x87, 0x05, 0x00, 0x65, 0x00, 0x5d, 0xc8, 0x49, 0x97, 0x05, 0x00, 0x64, 0x00, 0x5d,
    0xef, 0x49, 0xa7, 0x05, 0x80, 0x77, 0x00, 0x5d, 0x01, 0x00, 0x20, 0x02, 0x40, 0x44, 0x44, 0x00, 0x79, 0x4a, 0xd7, 0x04, 0x00, 0x2f, 0x00, 0x5d,
    0x77, 0x4a, 0x87, 0x05, 0x00, 0x77, 0x00, 0x5d, 0x7f, 0x52, 0x47, 0x04, 0x80, 0x7b, 0x00, 0x5d, 0x11, 0x00, 0x22, 0x02, 0x40, 0xc4, 0x04, 0x00,
    0x80, 0x4a, 0x97, 0x05, 0x00, 0x40, 0x00, 0x5d, 0xc0, 0x4a, 0xa7, 0x05, 0x00, 0x7a, 0x00, 0x5d, 0xd0, 0x4a, 0xb7, 0x05, 0x00, 0x4e, 0x00, 0x5d,
    0x01, 0x08, 0x20, 0x02, 0x40, 0x44, 0x88, 0x08, 0x7a, 0x4b, 0xd7, 0x04, 0x00, 0x4b, 0x00, 0x5d, 0x4e, 0x4b, 0xe7, 0x04, 0x00, 0x52, 0x00, 0x5d,
    0x4f, 0x4b, 0xf7, 0x04, 0x00, 0x6b, 0x00, 0x5d, 0x11, 0x00, 0x22, 0x02, 0x40, 0x44, 0x00, 0x08, 0xc6, 0x4b, 0x87, 0x05, 0x00, 0x6d, 0x00, 0x5d,
    0xf8, 0x4b, 0x97, 0x05, 0x00, 0x7c, 0x00, 0x5d, 0x97, 0x4b, 0xa7, 0x05, 0x00, 0x6c, 0x00, 0x5d, 0x02, 0x00, 0x00, 0x46, 0x02, 0xf4, 0x3f, 0x00,
    0xe0, 0x4b, 0xb7, 0x05, 0x00, 0x70, 0x00, 0x5d, 0xf7, 0x56, 0x47, 0x04, 0x00, 0x24, 0x00, 0x5d, 0x58, 0x76, 0x07, 0x30, 0x05, 0x10, 0x4e, 0xef,
    0x10, 0x00, 0x24, 0xea, 0x04, 0xc4, 0x04, 0x00, 0x96, 0x51, 0x47, 0x04, 0x00, 0x7f, 0x00, 0x5d, 0x48, 0x76, 0x07, 0x10, 0x05, 0x10, 0x4e, 0xef,
    0x5e, 0x55, 0x57, 0x04, 0x00, 0x74, 0x00, 0x5d, 0x11, 0x08, 0x20, 0x02, 0x80, 0x04, 0x00, 0x00, 0xfe, 0x50, 0x67, 0x04, 0x00, 0x6e, 0x00, 0x5d,
    0xd6, 0x53, 0x47, 0x04, 0x00, 0x5d, 0x00, 0x5d, 0x5f, 0x54, 0x47, 0x04, 0x00, 0x5f, 0x00, 0x5d, 0x11, 0x00, 0x26, 0x62, 0x88, 0xc4, 0x04, 0x08,
    0xa4, 0x51, 0x57, 0x04, 0x80, 0x78, 0x00, 0x5d, 0xd8, 0x52, 0x57, 0x04, 0x00, 0x54, 0x00, 0x5d, 0x98, 0x56, 0x57, 0x04, 0x80, 0x3c, 0x00, 0x5d,
    0x11, 0x08, 0x24, 0x22, 0x82, 0x04, 0x00, 0x00, 0xdc, 0x51, 0x67, 0x04, 0x00, 0x6a, 0x00, 0x5d, 0xe8, 0x53, 0x67, 0x04, 0x00, 0x5e, 0x00, 0x5d,
    0x9c, 0x56, 0x67, 0x04, 0x00, 0x2e, 0x00, 0x5d, 0x11, 0x00, 0x26, 0x02, 0x80, 0x44, 0x00, 0x00, 0xe6, 0x50, 0x47, 0x04, 0x00, 0x73, 0x00, 0x5d,
    0xba, 0x55, 0x47, 0x04, 0x80, 0x7e, 0x00, 0x5d, 0x5d, 0x57, 0x47, 0x04, 0x80, 0x2e, 0x00, 0x5d, 0x11, 0x00, 0x24, 0x02, 0x80, 0x04, 0x00, 0x00,
    0x93, 0x50, 0x57, 0x04, 0x80, 0x49, 0x00, 0x5d, 0xda, 0x53, 0x57, 0x04, 0x00, 0x7e, 0x00, 0x5d, 0xee, 0x54, 0x57, 0x04, 0x00, 0x79, 0x00, 0x5d,
    0x31, 0x01, 0x22, 0x02, 0x81, 0x44, 0x00, 0x10, 0x7a, 0x57, 0x57, 0x04, 0x00, 0x3d, 0x00, 0x5d, 0xd4, 0x52, 0x67, 0x04, 0x00, 0x56, 0x00, 0x5d,
    0xf4, 0x54, 0x67, 0x04, 0x80, 0x7a, 0x00, 0x5d, 0x31, 0x10, 0x24, 0x0e, 0x08, 0x04, 0x00, 0x00, 0xbc, 0x55, 0x67, 0x04, 0x80, 0x7c, 0x00, 0x5d,
    0xa8, 0x57, 0x67, 0x04, 0x00, 0x27, 0x00, 0x5d, 0xe2, 0x50, 0x77, 0x04, 0x00, 0x71, 0x00, 0x5d, 0x11, 0x00, 0x24, 0x02, 0x80, 0x44, 0x02, 0x12,
    0xd2, 0x51, 0x77, 0x04, 0x80, 0x7d, 0x00, 0x5d, 0x79, 0x52, 0x77, 0x04, 0x00, 0x58, 0x00, 0x5d, 0xc4, 0x53, 0x77, 0x04, 0x00, 0x62, 0x00, 0x5d,
    0x11, 0x00, 0x24, 0x02, 0x80, 0x04, 0x00, 0x00, 0xf6, 0x54, 0x77, 0x04, 0x00, 0x7b, 0x00, 0x5d, 0xbe, 0x55, 0x77, 0x04, 0x80, 0x4d, 0x00, 0x5d,
    0x5c, 0x56, 0x77, 0x04, 0x80, 0x3e, 0x00, 0x5d, 0x12, 0x00, 0x00, 0x46, 0x04, 0x74, 0x3c, 0x00, 0xf1, 0x57, 0x77, 0x04, 0x80, 0x27, 0x00, 0x5d,
    0x95, 0x52, 0x87, 0x04, 0x00, 0x59, 0x00, 0x5d, 0x44, 0xf3, 0x07, 0x20, 0x01, 0x10, 0x4e, 0xef, 0x10, 0x02, 0x22, 0xe2, 0x00, 0x44, 0x08, 0x08,
    0x9f, 0x52, 0x97, 0x04, 0x80, 0x3d, 0x00, 0x5d, 0x4c, 0x76, 0x07, 0x20, 0x05, 0x10, 0x4e, 0xef, 0xa3, 0x52, 0xa7, 0x04, 0x00, 0x5a, 0x00, 0x5d,
    0x11, 0x02, 0x20, 0x20, 0x00, 0x44, 0x04, 0x18, 0xb8, 0x52, 0xb7, 0x04, 0x00, 0x5c, 0x00, 0x5d, 0xde, 0x50, 0x87, 0x04, 0x00, 0x6f, 0x00, 0x5d,
    0xf5, 0x50, 0x97, 0x04, 0x00, 0x5b, 0x00, 0x5d, 0x11, 0x01, 0x26, 0x22, 0x00, 0x44, 0x04, 0x08, 0xac, 0x50, 0xa7, 0x04, 0x00, 0x55, 0x00, 0x5d,
    0xae, 0x50, 0xb7, 0x04, 0x00, 0x57, 0x00, 0x5d, 0x99, 0x53, 0x87, 0x04, 0x00, 0x7d, 0x00, 0x5d, 0x11, 0x01, 0x22, 0x40, 0x04, 0x44, 0x08, 0x08,
    0xec, 0x53, 0x97, 0x04, 0x00, 0x76, 0x00, 0x5d, 0x52, 0x53, 0xa7, 0x04, 0x00, 0x72, 0x00, 0x5d, 0x9b, 0x51, 0x87, 0x04, 0x00, 0x4d, 0x00, 0x5d,
    0x11, 0x11, 0x22, 0x22, 0xc0, 0x44, 0x04, 0x10, 0x50, 0x51, 0x97, 0x04, 0x00, 0x4f, 0x00, 0x5d, 0x7d, 0x51, 0xa7, 0x04, 0x00, 0x50, 0x00, 0x5d,
    0x81, 0x51, 0xb7, 0x04, 0x00, 0x51, 0x00, 0x5d, 0x11, 0x22, 0x20, 0x40, 0x00, 0x44, 0x44, 0x18, 0x53, 0x53, 0xb7, 0x04, 0x00, 0x78, 0x00, 0x5d,
    0xf9, 0x55, 0xa7, 0x04, 0x80, 0x77, 0x00, 0x5d, 0x51, 0x54, 0x87, 0x04, 0x00, 0x61, 0x00, 0x5d, 0x11, 0x01, 0x26, 0x2a, 0x44, 0x44, 0x04, 0x00,
    0xf2, 0x54, 0x97, 0x04, 0x00, 0x67, 0x00, 0x5d, 0xf0, 0x54, 0xa7, 0x04, 0x00, 0x66, 0x00, 0x5d, 0xfa, 0x54, 0xb7, 0x04, 0x00, 0x75, 0x00, 0x5d,
    0x11, 0x01, 0x22, 0x20, 0x00, 0x44, 0x04, 0x10, 0xfb, 0x55, 0x87, 0x04, 0x00, 0x65, 0x00, 0x5d, 0xa0, 0x55, 0x97, 0x04, 0x00, 0x64, 0x00, 0x5d,
    0xfd, 0x55, 0xb7, 0x04, 0x00, 0x53, 0x00, 0x5d, 0x11, 0x01, 0x26, 0x22, 0x40, 0x44, 0x04, 0x08, 0xef, 0x56, 0x87, 0x04, 0x80, 0x3b, 0x00, 0x5d,
    0xb4, 0x56, 0x97, 0x04, 0x00, 0x40, 0x00, 0x5d, 0xc0, 0x56, 0xa7, 0x04, 0x00, 0x60, 0x00, 0x5d, 0x11, 0x01, 0x20, 0x20, 0x00, 0x44, 0x04, 0x08,
    0xfc, 0x56, 0xb7, 0x04, 0x00, 0x68, 0x00, 0x5d, 0xaa, 0x57, 0x87, 0x04, 0x00, 0x63, 0x00, 0x5d, 0xb0, 0x57, 0x97, 0x04, 0x00, 0x7c, 0x00, 0x5d,
    0x11, 0x01, 0x42, 0x22, 0x00, 0xf4, 0x5c, 0x00, 0x97, 0x57, 0xa7, 0x04, 0x80, 0x4b, 0x00, 0x5d, 0xb6, 0x57, 0xb7, 0x04, 0x00, 0x70, 0x00, 0x5d,
    0x48, 0xf3, 0x07, 0x30, 0x01, 0x10, 0x4e, 0xef, 0x10, 0x08, 0x22, 0xfe, 0x00, 0x04, 0x00, 0x00, 0x7b, 0x44, 0xa7, 0x05, 0x00, 0x56, 0x00, 0x5d,
    0x54, 0x76, 0x07, 0x50, 0x05, 0x10, 0x4e, 0xef, 0xc2, 0x44, 0xe7, 0x04, 0x00, 0x7f, 0x00, 0x5d, 0x31, 0x02, 0x22, 0x02, 0x41, 0x44, 0x00, 0x08,
    0xce, 0x44, 0xf7, 0x04, 0x00, 0x71, 0x00, 0x5d, 0xac, 0x45, 0xd7, 0x04, 0x00, 0x52, 0x00, 0x5d, 0xc6, 0x44, 0xc7, 0x04, 0x00, 0x73, 0x00, 0x5d,
    0x11, 0x04, 0x22, 0x46, 0x00, 0x04, 0x20, 0x00, 0xfe, 0x44, 0x87, 0x05, 0x00, 0x6f, 0x00, 0x5d, 0xb2, 0x44, 0xb7, 0x05, 0x00, 0x57, 0x00, 0x5d,
    0xa4, 0x45, 0xe7, 0x04, 0x00, 0x6e, 0x00, 0x5d, 0x11, 0x00, 0x20, 0x02, 0xc0, 0x44, 0x00, 0x10, 0x9a, 0x45, 0xf7, 0x04, 0x00, 0x69, 0x00, 0x5d,
    0xcc, 0x46, 0xd7, 0x04, 0x00, 0x6c, 0x00, 0x5d, 0xd0, 0x46, 0xe7, 0x04, 0x00, 0x6a, 0x00, 0x5d, 0x11, 0x00, 0x22, 0x42, 0x04, 0x04, 0x00, 0x00,
    0xe4, 0x47, 0xe7, 0x04, 0x00, 0x74, 0x00, 0x5d, 0xe2, 0x47, 0x97, 0x05, 0x00, 0x76, 0x00, 0x5d, 0xca, 0x44, 0xd7, 0x04, 0x80, 0x49, 0x00, 0x5d,
    0x11, 0x00, 0x24, 0x02, 0x40, 0x44, 0x00, 0x08, 0xf5, 0x44, 0x97, 0x05, 0x80, 0x7a, 0x00, 0x5d, 0xae, 0x45, 0xc7, 0x04, 0x00, 0x4b, 0x00, 0x5d,
    0x9e, 0x45, 0x87, 0x05, 0x80, 0x4d, 0x00, 0x5d, 0x11, 0x00, 0x22, 0x02, 0x40, 0x04, 0x00, 0x00, 0xa2, 0x45, 0x97, 0x05, 0x00, 0x28, 0x00, 0x5d,
    0x77, 0x45, 0xa7, 0x05, 0x80, 0x3e, 0x00, 0x5d, 0xc8, 0x45, 0xb7, 0x05, 0x80, 0x40, 0x00, 0x5d, 0x31, 0x01, 0x22, 0x02, 0x41, 0x44, 0x00, 0x08,
    0x7f, 0x46, 0xc7, 0x04, 0x80, 0x3f, 0x00, 0x5d, 0xd4, 0x46, 0xf7, 0x04, 0x80, 0x3c, 0x00, 0x5d, 0xd2, 0x46, 0x87, 0x05, 0x80, 0x4a, 0x00, 0x5d,
    0x11, 0x00, 0x22, 0x02, 0x40, 0x04, 0x00, 0x00, 0xd8, 0x46, 0x97, 0x05, 0x80, 0x4f, 0x00, 0x5d, 0xdc, 0x46, 0xa7, 0x05, 0x80, 0x51, 0x00, 0x5d,
    0xe0, 0x46, 0xb7, 0x05, 0x00, 0x5c, 0x00, 0x5d, 0x11, 0x00, 0x22, 0x02, 0x40, 0x44, 0x02, 0x0a, 0xd6, 0x47, 0xc7, 0x04, 0x00, 0x6b, 0x00, 0x5d,
    0xda, 0x47, 0xd7, 0x04, 0x00, 0x6d, 0x00, 0x5d, 0xde, 0x47, 0xf7, 0x04, 0x00, 0x62, 0x00, 0x5d, 0x11, 0x00, 0x22, 0x02, 0x40, 0x08, 0x81, 0x00,
    0xe6, 0x47, 0x87, 0x05, 0x80, 0x4c, 0x00, 0x5d, 0xe8, 0x47, 0xa7, 0x05, 0x00, 0x29, 0x00, 0x5d, 0xec, 0x47, 0xb7, 0x05, 0x80, 0x29, 0x00, 0x5d,
    0x30, 0x11, 0xa0, 0xff, 0x01, 0x40, 0x00, 0x00, 0xea, 0x48, 0x87, 0x05, 0x80, 0x28, 0x00, 0x5d, 0x44, 0xf3, 0x07, 0x40, 0x01, 0x10, 0x4e, 0xef,
    0x93, 0x48, 0xc7, 0x04, 0x80, 0x2f, 0x00, 0x5d, 0x31, 0x17, 0x20, 0x46, 0x40, 0x44, 0x20, 0x08, 0x50, 0x76, 0x07, 0x40, 0x05, 0x10, 0x4e, 0xef,
    0xa6, 0x49, 0x97, 0x05, 0x00, 0x50, 0x00, 0x5d, 0x5f, 0x4a, 0x87, 0x05, 0x80, 0x77, 0x00, 0x5d, 0x11, 0x22, 0x20, 0x44, 0x00, 0x44, 0x20, 0x18,
    0xa0, 0x4a, 0xf7, 0x04, 0x00, 0x2e, 0x00, 0x5d, 0xb8, 0x49, 0xd7, 0x04, 0x00, 0x2f, 0x00, 0x5d, 0xef, 0x4a, 0x97, 0x05, 0x00, 0x5a, 0x00, 0x5d,
    0x11, 0x22, 0x20, 0x02, 0x40, 0x44, 0x00, 0x08, 0x5c, 0x4a, 0xa7, 0x05, 0x00, 0x60, 0x00, 0x5d, 0xee, 0x48, 0xd7, 0x04, 0x00, 0x77, 0x00, 0x5d,
    0xf4, 0x48, 0xe7, 0x04, 0x00, 0x7a, 0x00, 0x5d, 0x11, 0x00, 0x22, 0x00, 0x00, 0x44, 0x00, 0x08, 0xf6, 0x48, 0xf7, 0x04, 0x00, 0x7b, 0x00, 0x5d,
    0xf2, 0x48, 0x97, 0x05, 0x00, 0x79, 0x00, 0x5d, 0xf0, 0x48, 0xa7, 0x05, 0x00, 0x78, 0x00, 0x5d, 0x11, 0x00, 0x20, 0x02, 0x40, 0x44, 0x00, 0x08,
    0xfa, 0x48, 0xb7, 0x05, 0x00, 0x7d, 0x00, 0x5d, 0xba, 0x49, 0xc7, 0x04, 0x00, 0x5d, 0x00, 0x5d, 0xbc, 0x49, 0xe7, 0x04, 0x00, 0x5e, 0x00, 0x5d,
    0x11, 0x00, 0x22, 0x00, 0x00, 0x44, 0x00, 0x08, 0xbe, 0x49, 0xf7, 0x04, 0x00, 0x5f, 0x00, 0x5d, 0xfb, 0x49, 0x87, 0x05, 0x80, 0x7d, 0x00, 0x5d,
    0x80, 0x49, 0xa7, 0x05, 0x80, 0x7c, 0x00, 0x5d, 0x11, 0x00, 0x24, 0x02, 0x40, 0x44, 0x00, 0x08, 0x96, 0x49, 0xb7, 0x05, 0x80, 0x7e, 0x00, 0x5d,
    0xf7, 0x4a, 0xc7, 0x04, 0x80, 0x7b, 0x00, 0x5d, 0x98, 0x4a, 0xd7, 0x04, 0x00, 0x4c, 0x00, 0x5d, 0x11, 0x00, 0x22, 0x00, 0x00, 0x44, 0x00, 0x08,
    0x9c, 0x4a, 0xe7, 0x04, 0x00, 0x4e, 0x00, 0x5d, 0x5e, 0x4a, 0xb7, 0x05, 0x00, 0x7e, 0x00, 0x5d, 0x5d, 0x4b, 0xc7, 0x04, 0x80, 0x2e, 0x00, 0x5d,
    0x11, 0x00, 0x22, 0x0e, 0x48, 0x48, 0x00, 0x08, 0x7a, 0x4b, 0xd7, 0x04, 0x00, 0x3d, 0x00, 0x5d, 0xa8, 0x4b, 0xe7, 0x04, 0x00, 0x54, 0x00, 0x5d,
    0xf1, 0x4b, 0xf7, 0x04, 0x80, 0x78, 0x00, 0x5d, 0x30, 0x01, 0x22, 0xfe, 0x01, 0x04, 0x04, 0x00, 0xaa, 0x4b, 0x87, 0x05, 0x00, 0x55, 0x00, 0x5d,
    0x4c, 0x76, 0x07, 0x60, 0x05, 0x10, 0x4e, 0xef, 0xb0, 0x4b, 0x97, 0x05, 0x00, 0x58, 0x00, 0x5d, 0x11, 0x01, 0x42, 0x2a, 0x04, 0xf4, 0x5c, 0x00,
    0xb4, 0x4b, 0xa7, 0x05, 0x80, 0x4b, 0x00, 0x5d, 0xc0, 0x4b, 0xb7, 0x05, 0x00, 0x5b, 0x00, 0x5d, 0x48, 0xf3, 0x07, 0x50, 0x01, 0x10, 0x4e, 0xef,
    0x10, 0x00, 0x22, 0xfe, 0x00, 0x44, 0x00, 0x08, 0xc4, 0x44, 0x27, 0x05, 0x00, 0x61, 0x00, 0x5d, 0x58, 0x76, 0x07, 0x70, 0x05, 0x10, 0x4e, 0xef,
    0xc6, 0x44, 0x07, 0x05, 0x00, 0x63, 0x00, 0x5d, 0x01, 0x00, 0x20, 0x26, 0x40, 0x44, 0x24, 0x08, 0xca, 0x44, 0x17, 0x05, 0x00, 0x65, 0x00, 0x5d,
    0xce, 0x44, 0x37, 0x05, 0x00, 0x67, 0x00, 0x5d, 0xc2, 0x44, 0x47, 0x05, 0x00, 0x7f, 0x00, 0x5d, 0x11, 0x01, 0x22, 0x22, 0x40, 0x44, 0x04, 0x00,
    0xb6, 0x44, 0x57, 0x05, 0x80, 0x7a, 0x00, 0x5d, 0x7b, 0x44, 0x67, 0x05, 0x80, 0x3d, 0x00, 0x5d, 0xb2, 0x44, 0x77, 0x05, 0x00, 0x59, 0x00, 0x5d,
    0x01, 0x01, 0x20, 0x22, 0x40, 0x44, 0x04, 0x08, 0xae, 0x45, 0x07, 0x05, 0x00, 0x57, 0x00, 0x5d, 0xac, 0x45, 0x17, 0x05, 0x00, 0x56, 0x00, 0x5d,
    0xa4, 0x45, 0x27, 0x05, 0x00, 0x52, 0x00, 0x5d, 0x11, 0x01, 0x22, 0x22, 0x40, 0x44, 0x04, 0x08, 0x9a, 0x45, 0x37, 0x05, 0x00, 0x4d, 0x00, 0x5d,
    0x9e, 0x45, 0x47, 0x05, 0x00, 0x4f, 0x00, 0x5d, 0xa2, 0x45, 0x57, 0x05, 0x00, 0x51, 0x00, 0x5d, 0x01, 0x01, 0x20, 0x22, 0x00, 0x44, 0x04, 0x08,
    0x77, 0x45, 0x67, 0x05, 0x80, 0x3b, 0x00, 0x5d, 0xc8, 0x45, 0x77, 0x05, 0x00, 0x64, 0x00, 0x5d, 0x7f, 0x46, 0x07, 0x05, 0x80, 0x3f, 0x00, 0x5d,
    0x11, 0x01, 0x22, 0x22, 0x40, 0x44, 0x04, 0x08, 0xcc, 0x46, 0x17, 0x05, 0x00, 0x66, 0x00, 0x5d, 0xd0, 0x46, 0x27, 0x05, 0x00, 0x68, 0x00, 0x5d,
    0xd4, 0x46, 0x37, 0x05, 0x00, 0x6a, 0x00, 0x5d, 0x01, 0x01, 0x20, 0x22, 0x40, 0x44, 0x04, 0x08, 0xd2, 0x46, 0x47, 0x05, 0x00, 0x69, 0x00, 0x5d,
    0xd8, 0x46, 0x57, 0x05, 0x00, 0x6c, 0x00, 0x5d, 0xdc, 0x46, 0x67, 0x05, 0x00, 0x6e, 0x00, 0x5d, 0x11, 0x01, 0x20, 0x22, 0x40, 0x44, 0x04, 0x08,
    0xe0, 0x46, 0x77, 0x05, 0x00, 0x70, 0x00, 0x5d, 0xd6, 0x47, 0x07, 0x05, 0x00, 0x6b, 0x00, 0x5d, 0xda, 0x47, 0x17, 0x05, 0x00, 0x6d, 0x00, 0x5d,
    0x01, 0x01, 0x20, 0x32, 0x50, 0x44, 0x04, 0x08, 0xe4, 0x47, 0x27, 0x05, 0x00, 0x72, 0x00, 0x5d, 0xde, 0x47, 0x37, 0x05, 0x00, 0x6f, 0x00, 0x5d,
    0xe6, 0x47, 0x47, 0x05, 0x00, 0x73, 0x00, 0x5d, 0x11, 0x01, 0x22, 0x22, 0x40, 0x48, 0x04, 0x00, 0xe2, 0x47, 0x57, 0x05, 0x00, 0x71, 0x00, 0x5d,
    0xe8, 0x47, 0x67, 0x05, 0x00, 0x74, 0x00, 0x5d, 0xec, 0x47, 0x77, 0x05, 0x00, 0x76, 0x00, 0x5d, 0x11, 0x17, 0x20, 0x20, 0x00, 0x44, 0x04, 0x08,
    0x44, 0xf3, 0x07, 0x60, 0x01, 0x10, 0x4e, 0xef, 0x93, 0x48, 0x07, 0x05, 0x80, 0x49, 0x00, 0x5d, 0xee, 0x48, 0x17, 0x05, 0x00, 0x77, 0x00, 0x5d,
    0x11, 0x01, 0x22, 0x22, 0x40, 0x44, 0x04, 0x08, 0xf4, 0x48, 0x27, 0x05, 0x00, 0x7a, 0x00, 0x5d, 0xf6, 0x48, 0x37, 0x05, 0x00, 0x7b, 0x00, 0x5d,
    0xea, 0x48, 0x47, 0x05, 0x00, 0x75, 0x00, 0x5d, 0x11, 0x01, 0x22, 0x20, 0x00, 0x44, 0x04, 0x00, 0xf2, 0x48, 0x57, 0x05, 0x00, 0x79, 0x00, 0x5d,
    0xf0, 0x48, 0x67, 0x05, 0x00, 0x78, 0x00, 0x5d, 0xfa, 0x48, 0x77, 0x05, 0x00, 0x7d, 0x00, 0x5d, 0x11, 0x01, 0x22, 0x22, 0x40, 0x44, 0x04, 0x08,
    0xba, 0x49, 0x07, 0x05, 0x00, 0x5d, 0x00, 0x5d, 0xb8, 0x49, 0x17, 0x05, 0x00, 0x5c, 0x00, 0x5d, 0xbc, 0x49, 0x27, 0x05, 0x00, 0x5e, 0x00, 0x5d,
    0x11, 0x01, 0x22, 0x20, 0x00, 0x44, 0x04, 0x08, 0xbe, 0x49, 0x37, 0x05, 0x00, 0x5f, 0x00, 0x5d, 0xfb, 0x49, 0x47, 0x05, 0x80, 0x7d, 0x00, 0x5d,
    0xa6, 0x49, 0x57, 0x05, 0x00, 0x53, 0x00, 0x5d, 0x11, 0x01, 0x22, 0x22, 0x00, 0x44, 0x04, 0x08, 0x80, 0x49, 0x67, 0x05, 0x00, 0x40, 0x00, 0x5d,
    0x96, 0x49, 0x77, 0x05, 0x00, 0x4b, 0x00, 0x5d, 0xf7, 0x4a, 0x07, 0x05, 0x80, 0x7b, 0x00, 0x5d, 0x11, 0x01, 0x22, 0x20, 0x00, 0x44, 0x04, 0x08,
    0x98, 0x4a, 0x17, 0x05, 0x00, 0x4c, 0x00, 0x5d, 0x9c, 0x4a, 0x27, 0x05, 0x00, 0x4e, 0x00, 0x5d, 0xa0, 0x4a, 0x37, 0x05, 0x00, 0x50, 0x00, 0x5d,
    0x11, 0x01, 0x22, 0x22, 0x40, 0x44, 0x04, 0x08, 0x5f, 0x4a, 0x47, 0x05, 0x80, 0x2f, 0x00, 0x5d, 0xf8, 0x4a, 0x57, 0x05, 0x80, 0x77, 0x00, 0x5d,
    0x5c, 0x4a, 0x67, 0x05, 0x00, 0x2e, 0x00, 0x5d, 0x11, 0x01, 0x20, 0x20, 0x00, 0x44, 0x04, 0x08, 0x5e, 0x4a, 0x77, 0x05, 0x00, 0x2f, 0x00, 0x5d,
    0x5d, 0x4b, 0x07, 0x05, 0x80, 0x2e, 0x00, 0x5d, 0xfc, 0x4b, 0x17, 0x05, 0x00, 0x3d, 0x00, 0x5d, 0x71, 0x41, 0x22, 0x22, 0x40, 0x44, 0x04, 0x08,
    0xa8, 0x4b, 0x27, 0x05, 0x00, 0x54, 0x00, 0x5d, 0xf1, 0x4b, 0x37, 0x05, 0x80, 0x78, 0x00, 0x5d, 0xaa, 0x4b, 0x47, 0x05, 0x00, 0x55, 0x00, 0x5d,
    0x11, 0x01, 0x22, 0x20, 0x00, 0x48, 0x85, 0x00, 0xb0, 0x4b, 0x57, 0x05, 0x00, 0x58, 0x00, 0x5d, 0xb4, 0x4b, 0x67, 0x05, 0x00, 0x5a, 0x00, 0x5d,
    0xc0, 0x4b, 0x77, 0x05, 0x00, 0x60, 0x00, 0x5d, 0x31, 0x17, 0x20, 0x02, 0x01, 0xf4, 0x1f, 0x00, 0x48, 0xf3, 0x07, 0x70, 0x01, 0x10, 0x4e, 0xef,
    0xfe, 0x45, 0xc7, 0x04, 0x00, 0x57, 0x00, 0x5d, 0x7a, 0x92, 0x07, 0x06, 0x00, 0x00, 0x40, 0x04, 0xf0, 0x07, 0x20, 0xfe, 0x00, 0x40, 0x20, 0x18,
    0xef, 0x7c, 0x07, 0x06, 0x00, 0x00, 0x40, 0x04, 0x50, 0x7a, 0x07, 0x80, 0x01, 0x10, 0x4e, 0xef, 0xae, 0x45, 0xd7, 0x04, 0x00, 0x56, 0x00, 0x5d,
    0xf1, 0x07, 0x20, 0x26, 0x40, 0x44, 0x20, 0x10, 0x54, 0x7a, 0x07, 0x90, 0x01, 0x10, 0x4e, 0xef, 0xc6, 0x44, 0xc7, 0x04, 0x00, 0x63, 0x00, 0x5d,
    0xac, 0x45, 0xe7, 0x04, 0x00, 0x52, 0x00, 0x5d, 0x11, 0x00, 0x22, 0x00, 0x00, 0x44, 0x00, 0x18, 0xca, 0x44, 0xd7, 0x04, 0x00, 0x65, 0x00, 0x5d,
    0xc4, 0x44, 0xe7, 0x04, 0x00, 0x62, 0x00, 0x5d, 0xce, 0x44, 0xf7, 0x04, 0x00, 0x67, 0x00, 0x5d, 0x11, 0x00, 0x22, 0x02, 0x40, 0x44, 0x00, 0x08,
    0xc2, 0x44, 0x87, 0x05, 0x00, 0x61, 0x00, 0x5d, 0xb6, 0x44, 0x97, 0x05, 0x00, 0x5b, 0x00, 0x5d, 0x7b, 0x44, 0xa7, 0x05, 0x80, 0x3d, 0x00, 0x5d,
    0x11, 0x00, 0x20, 0x00, 0x00, 0x44, 0x00, 0x08, 0xb2, 0x44, 0xb7, 0x05, 0x00, 0x59, 0x00, 0x5d, 0x9a, 0x45, 0xf7, 0x04, 0x00, 0x4d, 0x00, 0x5d,
    0x9e, 0x45, 0x87, 0x05, 0x00, 0x4f, 0x00, 0x5d, 0x11, 0x00, 0x22, 0x02, 0x40, 0xc4, 0x04, 0x00, 0xa2, 0x45, 0x97, 0x05, 0x00, 0x51, 0x00, 0x5d,
    0x77, 0x45, 0xa7, 0x05, 0x80, 0x3b, 0x00, 0x5d, 0xc8, 0x45, 0xb7, 0x05, 0x00, 0x64, 0x00, 0x5d, 0x11, 0x08, 0x22, 0x00, 0x00, 0x44, 0x00, 0x08,
    0xa4, 0x46, 0xc7, 0x04, 0x80, 0x3f, 0x00, 0x5d, 0xcc, 0x46, 0xd7, 0x04, 0x00, 0x66, 0x00, 0x5d, 0xd0, 0x46, 0xe7, 0x04, 0x00, 0x68, 0x00, 0x5d,
    0x11, 0x00, 0x22, 0x02, 0x40, 0x44, 0x00, 0x08, 0xd4, 0x46, 0xf7, 0x04, 0x00, 0x6a, 0x00, 0x5d, 0xd2, 0x46, 0x87, 0x05, 0x00, 0x69, 0x00, 0x5d,
    0xd8, 0x46, 0x97, 0x05, 0x00, 0x6c, 0x00, 0x5d, 0x11, 0x00, 0x22, 0x00, 0x00, 0x44, 0x00, 0x08, 0xdc, 0x46, 0xa7, 0x05, 0x00, 0x6e, 0x00, 0x5d,
    0xe0, 0x46, 0xb7, 0x05, 0x00, 0x70, 0x00, 0x5d, 0x81, 0x47, 0xc7, 0x04, 0x00, 0x6b, 0x00, 0x5d, 0x11, 0x00, 0x22, 0x02, 0x40, 0x44, 0x02, 0x0a,
    0xda, 0x47, 0xd7, 0x04, 0x00, 0x6d, 0x00, 0x5d, 0xe4, 0x47, 0xe7, 0x04, 0x00, 0x72, 0x00, 0x5d, 0xde, 0x47, 0xf7, 0x04, 0x00, 0x6f, 0x00, 0x5d,
    0x11, 0x00, 0x22, 0x00, 0x00, 0x44, 0x00, 0x18, 0xe6, 0x47, 0x87, 0x05, 0x00, 0x73, 0x00, 0x5d, 0xe2, 0x47, 0x97, 0x05, 0x00, 0x71, 0x00, 0x5d,
    0xe8, 0x47, 0xa7, 0x05, 0x00, 0x74, 0x00, 0x5d, 0x12, 0x00, 0x00, 0x26, 0x42, 0x44, 0x3c, 0x00, 0xec, 0x47, 0xb7, 0x05, 0x00, 0x76, 0x00, 0x5d,
    0x9f, 0x4a, 0xf7, 0x04, 0x00, 0x50, 0x00, 0x5d, 0x44, 0xef, 0x07, 0x80, 0x05, 0x10, 0x4e, 0xef, 0x11, 0x02, 0x22, 0x22, 0x02, 0x04, 0x04, 0x00,
    0x95, 0x4a, 0xe7, 0x04, 0x00, 0x4e, 0x00, 0x5d, 0xa0, 0x4a, 0xa7, 0x05, 0x00, 0x2e, 0x00, 0x5d, 0x97, 0x49, 0xd7, 0x04, 0x00, 0x5c, 0x00, 0x5d,
    0x11, 0x01, 0x20, 0x42, 0x44, 0x44, 0x0c, 0x00, 0x79, 0x49, 0xe7, 0x04, 0x00, 0x5e, 0x00, 0x5d, 0x9c, 0x4a, 0x87, 0x05, 0x80, 0x2f, 0x00, 0x5d,
    0x7f, 0x4a, 0xb7, 0x05, 0x00, 0x2f, 0x00, 0x5d, 0x11, 0x11, 0x24, 0x22, 0x40, 0x04, 0x04, 0x00, 0x5c, 0x4b, 0xd7, 0x04, 0x00, 0x7e, 0x00, 0x5d,
    0x99, 0x48, 0xc7, 0x04, 0x80, 0x49, 0x00, 0x5d, 0x9d, 0x48, 0xd7, 0x04, 0x00, 0x77, 0x00, 0x5d, 0x11, 0x01, 0x22, 0x22, 0x40, 0x44, 0x00, 0x08,
    0xf4, 0x48, 0xe7, 0x04, 0x00, 0x7a, 0x00, 0x5d, 0xf6, 0x48, 0xf7, 0x04, 0x00, 0x7b, 0x00, 0x5d, 0xea, 0x48, 0x87, 0x05, 0x00, 0x75, 0x00, 0x5d,
    0x11, 0x00, 0x22, 0x02, 0x40, 0x04, 0x00, 0x00, 0xf2, 0x48, 0x97, 0x05, 0x00, 0x79, 0x00, 0x5d, 0xf0, 0x48, 0xa7, 0x05, 0x00, 0x78, 0x00, 0x5d,
    0xfa, 0x48, 0xb7, 0x05, 0x00, 0x7d, 0x00, 0x5d, 0x11, 0x01, 0x22, 0x22, 0x40, 0x44, 0x00, 0x08, 0xba, 0x49, 0xc7, 0x04, 0x00, 0x5d, 0x00, 0x5d,
    0xf5, 0x49, 0xf7, 0x04, 0x00, 0x5f, 0x00, 0x5d, 0xfb, 0x49, 0x87, 0x05, 0x80, 0x7d, 0x00, 0x5d, 0x11, 0x00, 0x22, 0x02, 0x40, 0x04, 0x00, 0x00,
    0xa6, 0x49, 0x97, 0x05, 0x00, 0x53, 0x00, 0x5d, 0xb8, 0x49, 0xa7, 0x05, 0x00, 0x40, 0x00, 0x5d, 0xbc, 0x49, 0xb7, 0x05, 0x00, 0x4b, 0x00, 0x5d,
    0x11, 0x01, 0x26, 0x22, 0x40, 0x44, 0x00, 0x00, 0xf7, 0x4a, 0xc7, 0x04, 0x80, 0x7b, 0x00, 0x5d, 0x98, 0x4a, 0xd7, 0x04, 0x00, 0x4c, 0x00, 0x5d,
    0xf8, 0x4a, 0x97, 0x05, 0x00, 0x7c, 0x00, 0x5d, 0x11, 0x01, 0x22, 0x2e, 0x48, 0x08, 0x85, 0x00, 0x5d, 0x4b, 0xc7, 0x04, 0x80, 0x2e, 0x00, 0x5d,
    0x5e, 0x4b, 0xe7, 0x04, 0x00, 0x54, 0x00, 0x5d, 0x5f, 0x4b, 0xf7, 0x04, 0x80, 0x78, 0x00, 0x5d, 0x10, 0x00, 0x22, 0xfe, 0x02, 0xc4, 0x00, 0x08,
    0xd6, 0x4b, 0x87, 0x05, 0x00, 0x55, 0x00, 0x5d, 0x4c, 0xef, 0x07, 0xa0, 0x05, 0x10, 0x4e, 0xef, 0xfc, 0x4b, 0x97, 0x05, 0x00, 0x58, 0x00, 0x5d,
    0x11, 0x00, 0x42, 0x02, 0x00, 0x74, 0x3c, 0x00, 0xf9, 0x4b, 0xa7, 0x05, 0x00, 0x5a, 0x00, 0x5d, 0xfd, 0x4b, 0xb7, 0x05, 0x00, 0x60, 0x00, 0x5d,
    0x48, 0xef, 0x07, 0x90, 0x05, 0x10, 0x4e, 0xef, 0x10, 0x01, 0x44, 0xfe, 0x00, 0x04, 0x44, 0x00, 0x93, 0x52, 0x47, 0x04, 0x00, 0x52, 0x00, 0x5d,
    0x58, 0xef, 0x07, 0xb0, 0x05, 0x10, 0x4e, 0xef, 0xa4, 0x56, 0x47, 0x04, 0x80, 0x7b, 0x00, 0x5d, 0x11, 0x02, 0x26, 0x22, 0x82, 0x44, 0x10, 0x10,
    0x96, 0x55, 0x47, 0x04, 0x00, 0x5d, 0x00, 0x5d, 0xf7, 0x55, 0x57, 0x04, 0x80, 0x4b, 0x00, 0x5d, 0x9b, 0x50, 0x47, 0x04, 0x00, 0x63, 0x00, 0x5d,
    0x11, 0x11, 0x22, 0x02, 0x00, 0x04, 0x00, 0x00, 0x97, 0x53, 0x67, 0x04, 0x00, 0x72, 0x00, 0x5d, 0xee, 0x53, 0x47, 0x04, 0x80, 0x40, 0x00, 0x5d,
    0xb4, 0x51, 0x57, 0x04, 0x00, 0x57, 0x00, 0x5d, 0x11, 0x00, 0x24, 0x02, 0x00, 0x44, 0x00, 0x18, 0x80, 0x53, 0x57, 0x04, 0x00, 0x6d, 0x00, 0x5d,
    0xa8, 0x56, 0x57, 0x04, 0x00, 0x4c, 0x00, 0x5d, 0x7d, 0x51, 0x67, 0x04, 0x00, 0x56, 0x00, 0x5d, 0x11, 0x22, 0x22, 0x22, 0x82, 0x04, 0x00, 0x00,
    0xba, 0x54, 0x67, 0x04, 0x00, 0x7a, 0x00, 0x5d, 0xe4, 0x51, 0x77, 0x04, 0x00, 0x4d, 0x00, 0x5d, 0xbe, 0x54, 0x77, 0x04, 0x00, 0x7b, 0x00, 0x5d,
    0x11, 0x00, 0x24, 0x02, 0xc0, 0x44, 0x00, 0x00, 0xaa, 0x51, 0x47, 0x04, 0x00, 0x7f, 0x00, 0x5d, 0xf1, 0x54, 0x47, 0x04, 0x80, 0x4c, 0x00, 0x5d,
    0x5d, 0x57, 0x47, 0x04, 0x80, 0x2e, 0x00, 0x5d, 0x11, 0x00, 0x24, 0x26, 0x80, 0x04, 0x20, 0x00, 0xca, 0x50, 0x57, 0x04, 0x00, 0x65, 0x00, 0x5d,
    0xcc, 0x52, 0x57, 0x04, 0x00, 0x66, 0x00, 0x5d, 0xae, 0x54, 0x57, 0x04, 0x80, 0x4e, 0x00, 0x5d, 0x11, 0x00, 0x22, 0x02, 0x80, 0x44, 0x00, 0x10,
    0x5c, 0x57, 0x57, 0x04, 0x00, 0x2e, 0x00, 0x5d, 0xda, 0x50, 0x67, 0x04, 0x00, 0x62, 0x00, 0x5d, 0xc0, 0x52, 0x67, 0x04, 0x00, 0x68, 0x00, 0x5d,
    0x11, 0x00, 0x24, 0x02, 0x80, 0x84, 0x01, 0x01, 0x98, 0x55, 0x67, 0x04, 0x80, 0x3c, 0x00, 0x5d, 0xac, 0x56, 0x67, 0x04, 0x80, 0x4a, 0x00, 0x5d,
    0x5e, 0x57, 0x67, 0x04, 0x00, 0x2f, 0x00, 0x5d, 0x11, 0x00, 0x24, 0x0a, 0x84, 0x44, 0x02, 0x12, 0x81, 0x50, 0x77, 0x04, 0x00, 0x67, 0x00, 0x5d,
    0xf4, 0x52, 0x77, 0x04, 0x00, 0x6a, 0x00, 0x5d, 0xc6, 0x53, 0x77, 0x04, 0x00, 0x6f, 0x00, 0x5d, 0x31, 0x10, 0x24, 0x02, 0x80, 0x08, 0x00, 0x00,
    0x9a, 0x55, 0x77, 0x04, 0x80, 0x7a, 0x00, 0x5d, 0xb0, 0x56, 0x77, 0x04, 0x80, 0x4f, 0x00, 0x5d, 0x5f, 0x57, 0x77, 0x04, 0x80, 0x2f, 0x00, 0x5d,
    0x30, 0x01, 0x26, 0xe2, 0x01, 0x44, 0x04, 0x18, 0xf6, 0x50, 0x97, 0x04, 0x00, 0x5b, 0x00, 0x5d, 0x44, 0x7a, 0x07, 0xa0, 0x01, 0x10, 0x4e, 0xef,
    0xde, 0x50, 0x87, 0x04, 0x00, 0x61, 0x00, 0x5d, 0x11, 0x01, 0x22, 0x22, 0x00, 0x44, 0x04, 0x08, 0xd0, 0x50, 0xa7, 0x04, 0x80, 0x3d, 0x00, 0x5d,
    0xfe, 0x50, 0xb7, 0x04, 0x00, 0x59, 0x00, 0x5d, 0xf5, 0x51, 0x87, 0x04, 0x00, 0x4f, 0x00, 0x5d, 0x01, 0x01, 0x20, 0x22, 0xc0, 0x44, 0x04, 0x00,
    0xa2, 0x51, 0x97, 0x04, 0x00, 0x51, 0x00, 0x5d, 0x95, 0x51, 0xa7, 0x04, 0x80, 0x3b, 0x00, 0x5d, 0x99, 0x51, 0xb7, 0x04, 0x00, 0x64, 0x00, 0x5d,
    0x11, 0x01, 0x26, 0x22, 0x40, 0x44, 0x04, 0x00, 0x9f, 0x52, 0x87, 0x04, 0x00, 0x69, 0x00, 0x5d, 0xa3, 0x52, 0x97, 0x04, 0x00, 0x6c, 0x00, 0x5d,
    0xa1, 0x52, 0xa7, 0x04, 0x00, 0x6e, 0x00, 0x5d, 0x01, 0x01, 0x20, 0x22, 0x40, 0x44, 0x04, 0x18, 0x9d, 0x53, 0x87, 0x04, 0x00, 0x73, 0x00, 0x5d,
    0xa7, 0x53, 0x97, 0x04, 0x00, 0x71, 0x00, 0x5d, 0xa9, 0x53, 0xa7, 0x04, 0x00, 0x74, 0x00, 0x5d, 0x11, 0x01, 0x24, 0x02, 0x40, 0x44, 0x44, 0x10,
    0xa5, 0x53, 0xb7, 0x04, 0x00, 0x76, 0x00, 0x5d, 0x79, 0x55, 0xa7, 0x04, 0x00, 0x5c, 0x00, 0x5d, 0xb6, 0x55, 0xb7, 0x04, 0x00, 0x5e, 0x00, 0x5d,
    0x01, 0x00, 0x20, 0x02, 0xc0, 0x44, 0x00, 0x18, 0x52, 0x52, 0xb7, 0x04, 0x00, 0x70, 0x00, 0x5d, 0x51, 0x54, 0x87, 0x04, 0x00, 0x75, 0x00, 0x5d,
    0x53, 0x54, 0x97, 0x04, 0x00, 0x79, 0x00, 0x5d, 0x11, 0x00, 0x22, 0x02, 0x00, 0x44, 0x00, 0x08, 0x50, 0x54, 0xa7, 0x04, 0x00, 0x78, 0x00, 0x5d,
    0x9e, 0x54, 0xb7, 0x04, 0x00, 0x7d, 0x00, 0x5d, 0xb2, 0x55, 0x87, 0x04, 0x80, 0x7d, 0x00, 0x5d, 0x01, 0x00, 0x20, 0x26, 0xc0, 0x44, 0x20, 0x18,
    0x77, 0x55, 0x97, 0x04, 0x00, 0x53, 0x00, 0x5d, 0x7b, 0x56, 0x87, 0x04, 0x00, 0x4e, 0x00, 0x5d, 0xb8, 0x56, 0x97, 0x04, 0x00, 0x7c, 0x00, 0x5d,
    0x31, 0x10, 0x22, 0x02, 0x00, 0x44, 0x00, 0x08, 0xbc, 0x56, 0xa7, 0x04, 0x00, 0x50, 0x00, 0x5d, 0x7f, 0x56, 0xb7, 0x04, 0x80, 0x3f, 0x00, 0x5d,
    0xc2, 0x57, 0x87, 0x04, 0x00, 0x6b, 0x00, 0x5d, 0x01, 0x00, 0x20, 0x02, 0x40, 0x48, 0x00, 0x00, 0xc4, 0x57, 0x97, 0x04, 0x00, 0x7e, 0x00, 0x5d,
    0xc8, 0x57, 0xa7, 0x04, 0x80, 0x7c, 0x00, 0x5d, 0xfd, 0x57, 0xb7, 0x04, 0x80, 0x7e, 0x00, 0x5d, 0x1d, 0x0f, 0x00, 0x22, 0x40, 0xc4, 0x1f, 0x00,
    0x48, 0x7a, 0x07, 0xb0, 0x01, 0x10, 0x4e, 0xef, 0xce, 0x44, 0xe7, 0x04, 0x00, 0x6d, 0x00, 0x5d, 0x54, 0xef, 0x07, 0xd0, 0x05, 0x10, 0x4e, 0xef,
    0x11, 0x01, 0x22, 0x80, 0x00, 0x44, 0x44, 0x08, 0xd2, 0x44, 0x87, 0x05, 0x00, 0x6f, 0x00, 0x5d, 0xd6, 0x44, 0x97, 0x05, 0x00, 0x7b, 0x00, 0x5d,
    0xda, 0x44, 0xb7, 0x05, 0x00, 0x7f, 0x00, 0x5d, 0x11, 0x01, 0x26, 0x02, 0x00, 0x44, 0x88, 0x00, 0xdc, 0x45, 0xf7, 0x04, 0x00, 0x72, 0x00, 0x5d,
    0xe2, 0x45, 0x87, 0x05, 0x80, 0x7a, 0x00, 0x5d, 0xf0, 0x46, 0xf7, 0x04, 0x00, 0x7a, 0x00, 0x5d, 0x11, 0x00, 0x20, 0x00, 0x00, 0x44, 0x00, 0x18,
    0xf2, 0x47, 0xd7, 0x04, 0x00, 0x40, 0x00, 0x5d, 0x9b, 0x44, 0xc7, 0x04, 0x80, 0x4d, 0x00, 0x5d, 0xca, 0x44, 0xd7, 0x04, 0x00, 0x65, 0x00, 0x5d,
    0x11, 0x00, 0x22, 0x02, 0x00, 0x44, 0x00, 0x08, 0x81, 0x44, 0xf7, 0x04, 0x80, 0x40, 0x00, 0x5d, 0xd0, 0x44, 0xa7, 0x05, 0x00, 0x68, 0x00, 0x5d,
    0xde, 0x45, 0xc7, 0x04, 0x00, 0x55, 0x00, 0x5d, 0x11, 0x00, 0x22, 0x00, 0x00, 0x44, 0x00, 0x08, 0xd4, 0x45, 0xd7, 0x04, 0x00, 0x5a, 0x00, 0x5d,
    0xd8, 0x45, 0xe7, 0x04, 0x80, 0x3e, 0x00, 0x5d, 0xe0, 0x45, 0x97, 0x05, 0x00, 0x51, 0x00, 0x5d, 0x11, 0x11, 0x22, 0x22, 0x00, 0x44, 0x04, 0x08,
    0xe4, 0x45, 0xa7, 0x05, 0x80, 0x4a, 0x00, 0x5d, 0xe6, 0x45, 0xb7, 0x05, 0x80, 0x4c, 0x00, 0x5d, 0x93, 0x46, 0xc7, 0x04, 0x80, 0x49, 0x00, 0x5d,
    0x11, 0x01, 0x22, 0x20, 0x00, 0x44, 0x04, 0x08, 0xe8, 0x46, 0xd7, 0x04, 0x00, 0x66, 0x00, 0x5d, 0xec, 0x46, 0xe7, 0x04, 0x00, 0x60, 0x00, 0x5d,
    0xea, 0x46, 0x87, 0x05, 0x80, 0x4f, 0x00, 0x5d, 0x51, 0x21, 0x22, 0x22, 0x40, 0x44, 0x04, 0x00, 0xf4, 0x46, 0x97, 0x05, 0x80, 0x51, 0x00, 0x5d,
    0xf8, 0x46, 0xa7, 0x05, 0x80, 0x50, 0x00, 0x5d, 0xfc, 0x46, 0xb7, 0x05, 0x00, 0x29, 0x00, 0x5d, 0x11, 0x01, 0x22, 0x20, 0x00, 0x44, 0x06, 0x0a,
    0xee, 0x47, 0xc7, 0x04, 0x00, 0x77, 0x00, 0x5d, 0x97, 0x47, 0xe7, 0x04, 0x80, 0x4b, 0x00, 0x5d, 0xf6, 0x47, 0xf7, 0x04, 0x00, 0x63, 0x00, 0x5d,
    0x11, 0x01, 0x26, 0x22, 0xc0, 0xc4, 0x04, 0x08, 0xfa, 0x47, 0x87, 0x05, 0x80, 0x4e, 0x00, 0x5d, 0xfe, 0x47, 0x97, 0x05, 0x80, 0x53, 0x00, 0x5d,
    0xf9, 0x47, 0xa7, 0x05, 0x80, 0x54, 0x00, 0x5d, 0x12, 0x09, 0x00, 0x02, 0x40, 0xc4, 0x5c, 0x00, 0xf5, 0x47, 0xb7, 0x05, 0x80, 0x52, 0x00, 0x5d,
    0xa6, 0x48, 0x87, 0x05, 0x80, 0x28, 0x00, 0x5d, 0x44, 0x7a, 0x07, 0xc0, 0x01, 0x10, 0x4e, 0xef, 0x01, 0x00, 0x40, 0x02, 0x40, 0x44, 0x3c, 0x00,
    0xfb, 0x48, 0x97, 0x05, 0x80, 0x29, 0x00, 0x5d, 0x80, 0x48, 0xa7, 0x05, 0x00, 0x28, 0x00, 0x5d, 0x50, 0xef, 0x07, 0xc0, 0x05, 0x10, 0x4e, 0xef,
    0x12, 0x02, 0x40, 0x42, 0x44, 0x48, 0x88, 0x08, 0xaa, 0x48, 0xb7, 0x05, 0x00, 0x4f, 0x00, 0x5d, 0x9e, 0x49, 0xc7, 0x04, 0x00, 0x4b, 0x00, 0x5d,
    0x96, 0x49, 0xf7, 0x04, 0x00, 0x4d, 0x00, 0x5d, 0x02, 0x22, 0x40, 0x42, 0x44, 0x48, 0x88, 0x08, 0x9a, 0x49, 0x97, 0x05, 0x80, 0x3b, 0x00, 0x5d,
    0x77, 0x4a, 0xe7, 0x04, 0x00, 0x56, 0x00, 0x5d, 0xac, 0x4a, 0xf7, 0x04, 0x00, 0x58, 0x00, 0x5d, 0x12, 0x22, 0x42, 0x42, 0x44, 0x44, 0x81, 0x00,
    0xb0, 0x4a, 0x87, 0x05, 0x80, 0x3d, 0x00, 0x5d, 0x7b, 0x4a, 0x97, 0x05, 0x00, 0x5c, 0x00, 0x5d, 0xb8, 0x4a, 0xb7, 0x05, 0x80, 0x3f, 0x00, 0x5d,
    0x01, 0x11, 0x20, 0x22, 0x40, 0x44, 0x04, 0x08, 0xd2, 0x44, 0x47, 0x05, 0x00, 0x69, 0x00, 0x5d, 0xd6, 0x44, 0x57, 0x05, 0x00, 0x6b, 0x00, 0x5d,
    0xd0, 0x44, 0x67, 0x05, 0x00, 0x68, 0x00, 0x5d, 0x31, 0x01, 0x22, 0x02, 0x41, 0x44, 0x04, 0x08, 0xda, 0x44, 0x77, 0x05, 0x00, 0x6d, 0x00, 0x5d,
    0x7f, 0x44, 0x27, 0x05, 0x00, 0x67, 0x00, 0x5d, 0xc6, 0x44, 0x07, 0x05, 0x80, 0x4d, 0x00, 0x5d, 0x21, 0x01, 0x40, 0x22, 0x01, 0xc4, 0x5f, 0x00,
    0xca, 0x44, 0x17, 0x05, 0x00, 0x65, 0x00, 0x5d, 0xce, 0x44, 0x37, 0x05, 0x80, 0x40, 0x00, 0x5d, 0x44, 0x00, 0x27, 0x00, 0x00, 0x00, 0x28, 0x38,
    0x11, 0x01, 0x22, 0x02, 0x40, 0xc4, 0x40, 0x08, 0xa2, 0x49, 0xd7, 0x04, 0x80, 0x7b, 0x00, 0x5d, 0x9c, 0x49, 0xa7, 0x05, 0x80, 0x3c, 0x00, 0x5d,
    0xf7, 0x49, 0x87, 0x05, 0x00, 0x59, 0x00, 0x5d, 0x01, 0x00, 0x20, 0x02, 0x80, 0x44, 0x00, 0x08, 0xa0, 0x49, 0xb7, 0x05, 0x00, 0x5b, 0x00, 0x5d,
    0xb4, 0x4a, 0xa7, 0x05, 0x00, 0x5e, 0x00, 0x5d, 0xc2, 0x4b, 0x87, 0x05, 0x00, 0x61, 0x00, 0x5d, 0x11, 0x00, 0x22, 0x02, 0x40, 0x48, 0x00, 0x00,
    0xc4, 0x4b, 0x97, 0x05, 0x00, 0x62, 0x00, 0x5d, 0xc8, 0x4b, 0xa7, 0x05, 0x00, 0x64, 0x00, 0x5d, 0xcc, 0x4b, 0xb7, 0x05, 0x80, 0x7e, 0x00, 0x5d,
    0x30, 0x01, 0x22, 0xe2, 0x01, 0x04, 0x04, 0x00, 0xde, 0x45, 0x07, 0x05, 0x00, 0x6f, 0x00, 0x5d, 0x58, 0x7a, 0x07, 0xd0, 0x01, 0x10, 0x4e, 0xef,
    0xd4, 0x45, 0x17, 0x05, 0x00, 0x6a, 0x00, 0x5d, 0x11, 0x01, 0x22, 0x22, 0x40, 0x44, 0x04, 0x08, 0xd8, 0x45, 0x27, 0x05, 0x00, 0x6c, 0x00, 0x5d,
    0xdc, 0x45, 0x37, 0x05, 0x00, 0x6e, 0x00, 0x5d, 0xe2, 0x45, 0x47, 0x05, 0x00, 0x71, 0x00, 0x5d, 0x11, 0x01, 0x22, 0x22, 0x40, 0x08, 0x04, 0x00,
    0xe0, 0x45, 0x57, 0x05, 0x00, 0x70, 0x00, 0x5d, 0xe4, 0x45, 0x67, 0x05, 0x00, 0x72, 0x00, 0x5d, 0xe6, 0x45, 0x77, 0x05, 0x00, 0x73, 0x00, 0x5d,
    0xf1, 0x17, 0x20, 0x22, 0xc0, 0x44, 0x04, 0x10, 0x45, 0x75, 0x47, 0x04, 0x00, 0x04, 0x47, 0x5c, 0xf1, 0x48, 0xc7, 0x04, 0x80, 0x78, 0x00, 0x5d,
    0xa4, 0x4a, 0xc7, 0x04, 0x00, 0x52, 0x00, 0x5d, 0x11, 0x01, 0x20, 0x02, 0x40, 0x04, 0x00, 0x00, 0xb2, 0x4b, 0xc7, 0x04, 0x80, 0x2e, 0x00, 0x5d,
    0xae, 0x48, 0xd7, 0x04, 0x00, 0x57, 0x00, 0x5d, 0xba, 0x48, 0xe7, 0x04, 0x00, 0x5d, 0x00, 0x5d, 0x11, 0x00, 0x20, 0x02, 0x80, 0x44, 0x00, 0x10,
    0xbe, 0x48, 0xf7, 0x04, 0x00, 0x5f, 0x00, 0x5d, 0x98, 0x49, 0xe7, 0x04, 0x00, 0x4c, 0x00, 0x5d, 0xa8, 0x4a, 0xd7, 0x04, 0x00, 0x54, 0x00, 0x5d,
    0x11, 0x01, 0x22, 0x2e, 0x48, 0x08, 0x04, 0x00, 0xb6, 0x4b, 0xd7, 0x04, 0x00, 0x2e, 0x00, 0x5d, 0xbc, 0x4b, 0xe7, 0x04, 0x00, 0x2f, 0x00, 0x5d,
    0xc0, 0x4b, 0xf7, 0x04, 0x80, 0x2f, 0x00, 0x5d, 0x10, 0x00, 0xa0, 0xff, 0x02, 0xc0, 0x04, 0x08, 0x93, 0x46, 0x07, 0x05, 0x80, 0x49, 0x00, 0x5d,
    0x5c, 0x7a, 0x07, 0xe0, 0x01, 0x10, 0x4e, 0xef, 0xe8, 0x46, 0x17, 0x05, 0x00, 0x74, 0x00, 0x5d, 0x11, 0x0f, 0x20, 0x22, 0x40, 0x44, 0x04, 0x08,
    0x48, 0xef, 0x07, 0xf0, 0x05, 0x10, 0x4e, 0xef, 0xec, 0x46, 0x27, 0x05, 0x00, 0x76, 0x00, 0x5d, 0xf0, 0x46, 0x37, 0x05, 0x00, 0x78, 0x00, 0x5d,
    0x11, 0x01, 0x22, 0x20, 0x00, 0x44, 0x04, 0x08, 0xea, 0x46, 0x47, 0x05, 0x00, 0x75, 0x00, 0x5d, 0xf4, 0x46, 0x57, 0x05, 0x00, 0x7a, 0x00, 0x5d,
    0xf8, 0x46, 0x67, 0x05, 0x00, 0x7c, 0x00, 0x5d, 0x11, 0x01, 0x20, 0x22, 0x40, 0x44, 0x04, 0x08, 0xfc, 0x46, 0x77, 0x05, 0x00, 0x7e, 0x00, 0x5d,
    0xee, 0x47, 0x07, 0x05, 0x00, 0x77, 0x00, 0x5d, 0xf2, 0x47, 0x17, 0x05, 0x00, 0x79, 0x00, 0x5d, 0x11, 0x01, 0x22, 0x30, 0x10, 0x44, 0x04, 0x08,
    0x97, 0x47, 0x27, 0x05, 0x80, 0x4b, 0x00, 0x5d, 0xf6, 0x47, 0x37, 0x05, 0x00, 0x7b, 0x00, 0x5d, 0xfa, 0x47, 0x47, 0x05, 0x00, 0x7d, 0x00, 0x5d,
    0x11, 0x01, 0x22, 0x22, 0x40, 0x48, 0x04, 0x00, 0xfe, 0x47, 0x57, 0x05, 0x00, 0x7f, 0x00, 0x5d, 0xf9, 0x47, 0x67, 0x05, 0x80, 0x7c, 0x00, 0x5d,
    0xf5, 0x47, 0x77, 0x05, 0x80, 0x7a, 0x00, 0x5d, 0xf0, 0x07, 0x20, 0xe6, 0x02, 0x04, 0x08, 0x00, 0x4c, 0x74, 0x57, 0x04, 0x00, 0x00, 0x10, 0x5c,
    0x44, 0xef, 0x07, 0xe0, 0x05, 0x10, 0x4e, 0xef, 0xfd, 0x58, 0x07, 0x05, 0x80, 0x78, 0x00, 0x5d, 0x11, 0x00, 0x22, 0x42, 0x44, 0x44, 0x00, 0x08,
    0xae, 0x58, 0x17, 0x05, 0x00, 0x57, 0x00, 0x5d, 0xf1, 0x58, 0x47, 0x05, 0x00, 0x53, 0x00, 0x5d, 0xba, 0x58, 0x27, 0x05, 0x00, 0x5d, 0x00, 0x5d,
    0x11, 0x00, 0x22, 0x02, 0x40, 0x04, 0x81, 0x00, 0xbe, 0x58, 0x37, 0x05, 0x00, 0x5f, 0x00, 0x5d, 0xfb, 0x58, 0x57, 0x05, 0x80, 0x7d, 0x00, 0x5d,
    0xa6, 0x58, 0x67, 0x05, 0x00, 0x40, 0x00, 0x5d, 0x11, 0x00, 0x20, 0x02, 0x40, 0x44, 0x00, 0x08, 0xaa, 0x58, 0x77, 0x05, 0x00, 0x55, 0x00, 0x5d,
    0x9e, 0x59, 0x07, 0x05, 0x00, 0x4f, 0x00, 0x5d, 0xa2, 0x59, 0x17, 0x05, 0x00, 0x51, 0x00, 0x5d, 0x31, 0x02, 0x22, 0x42, 0x41, 0x04, 0x08, 0x00,
    0x98, 0x59, 0x27, 0x05, 0x00, 0x4c, 0x00, 0x5d, 0x58, 0x59, 0x37, 0x05, 0x00, 0x4b, 0x00, 0x5d, 0xf7, 0x59, 0x47, 0x05, 0x80, 0x7b, 0x00, 0x5d,
    0x11, 0x02, 0x22, 0x42, 0x40, 0x48, 0x08, 0x00, 0x9a, 0x59, 0x57, 0x05, 0x00, 0x4d, 0x00, 0x5d, 0x9c, 0x59, 0x67, 0x05, 0x00, 0x4e, 0x00, 0x5d,
    0xa0, 0x59, 0x77, 0x05, 0x00, 0x50, 0x00, 0x5d, 0xf1, 0x27, 0x20, 0x42, 0x40, 0x04, 0x08, 0x00, 0x59, 0x73, 0x27, 0x00, 0x00, 0x00, 0x28, 0x38,
    0xe2, 0x5d, 0x87, 0x04, 0x00, 0x71, 0x00, 0x5d, 0xe0, 0x5d, 0x97, 0x04, 0x00, 0x70, 0x00, 0x5d, 0x11, 0x02, 0x22, 0x42, 0x40, 0x44, 0x00, 0x00,
    0xe4, 0x5d, 0xa7, 0x04, 0x00, 0x72, 0x00, 0x5d, 0xe6, 0x5d, 0xb7, 0x04, 0x00, 0x73, 0x00, 0x5d, 0xa4, 0x5a, 0x07, 0x05, 0x00, 0x52, 0x00, 0x5d,
    0x31, 0x12, 0x22, 0x42, 0x40, 0x04, 0x08, 0x00, 0xde, 0x5d, 0x47, 0x04, 0x00, 0x6f, 0x00, 0x5d, 0xd4, 0x5d, 0x57, 0x04, 0x00, 0x6a, 0x00, 0x5d,
    0xd8, 0x5d, 0x67, 0x04, 0x00, 0x6c, 0x00, 0x5d, 0x11, 0x02, 0x20, 0x02, 0x00, 0x84, 0x9f, 0x00, 0xdc, 0x5d, 0x77, 0x04, 0x00, 0x6e, 0x00, 0x5d,
    0xb2, 0x5b, 0x07, 0x05, 0x00, 0x59, 0x00, 0x5d, 0x5d, 0x94, 0x27, 0x00, 0x00, 0x00, 0x00, 0x1c, 0xfd, 0x0f, 0x20, 0xfc, 0x00, 0xc4, 0x1f, 0x00,
    0x50, 0x72, 0x97, 0x05, 0x00, 0x04, 0x47, 0x5c, 0x37, 0x5d, 0x07, 0x06, 0x80, 0x03, 0x6d, 0x5b, 0x50, 0x71, 0x07, 0x05, 0x00, 0x00, 0x10, 0x5c,
    0xf0, 0x07, 0xa0, 0xe2, 0x00, 0x98, 0x1f, 0x00, 0x80, 0x4c, 0x27, 0x00, 0x00, 0x00, 0x48, 0x38, 0x4c, 0x7a, 0x07, 0xf0, 0x01, 0x10, 0x4e, 0xef,
    0x96, 0x50, 0x27, 0x00, 0x00, 0x00, 0x48, 0x38, 0xf3, 0x07, 0x20, 0xfe, 0x00, 0x40, 0x08, 0x18, 0x00, 0x00, 0x37, 0x34, 0x00, 0x00, 0xf0, 0xf0,
    0x3c, 0x80, 0x07, 0x00, 0x02, 0x00, 0x5c, 0xef, 0xa8, 0x5a, 0x17, 0x05, 0x00, 0x54, 0x00, 0x5d, 0xf1, 0x07, 0x00, 0x42, 0xc0, 0xc4, 0x1f, 0x00,
    0x3d, 0x80, 0x07, 0x20, 0x02, 0x00, 0x5c, 0xef, 0x77, 0x5a, 0x27, 0x05, 0x80, 0x3b, 0x00, 0x5d, 0x3e, 0x80, 0x07, 0x40, 0x02, 0x00, 0x5c, 0xef,
    0x10, 0x02, 0x22, 0xfe, 0x00, 0x40, 0x08, 0x08, 0xac, 0x5a, 0x37, 0x05, 0x00, 0x56, 0x00, 0x5d, 0x3f, 0x80, 0x07, 0x60, 0x02, 0x00, 0x5c, 0xef,
    0xb0, 0x5a, 0x47, 0x05, 0x00, 0x58, 0x00, 0x5d, 0xf3, 0x07, 0x20, 0xfe, 0x00, 0x40, 0x08, 0x08, 0x00, 0x00, 0x27, 0x34, 0x00, 0x00, 0xf0, 0xf0,
    0x40, 0x80, 0x07, 0x00, 0x06, 0x00, 0x5c, 0xef, 0x7b, 0x5a, 0x57, 0x05, 0x80, 0x3d, 0x00, 0x5d, 0xf1, 0x07, 0x00, 0x42, 0x40, 0xc4, 0x1f, 0x00,
    0x41, 0x80, 0x07, 0x20, 0x06, 0x00, 0x5c, 0xef, 0xb4, 0x5a, 0x67, 0x05, 0x00, 0x5a, 0x00, 0x5d, 0x42, 0x80, 0x07, 0x40, 0x06, 0x00, 0x5c, 0xef,
    0x10, 0x02, 0x20, 0xfe, 0x00, 0x40, 0x08, 0x08, 0xb8, 0x5a, 0x77, 0x05, 0x00, 0x5c, 0x00, 0x5d, 0x43, 0x80, 0x07, 0x60, 0x06, 0x00, 0x5c, 0xef,
    0xb6, 0x5b, 0x17, 0x05, 0x00, 0x5b, 0x00, 0x5d, 0xf3, 0x07, 0x20, 0xfe, 0x00, 0xc0, 0x09, 0x09, 0x00, 0x00, 0x17, 0x34, 0x00, 0x00, 0xf0, 0xf0,
    0x38, 0x96, 0x07, 0x00, 0x02, 0x00, 0x5c, 0xef, 0xbc, 0x5b, 0x27, 0x05, 0x00, 0x5e, 0x00, 0x5d, 0xf1, 0x07, 0x00, 0x42, 0x40, 0xc4, 0x1f, 0x00,
    0x39, 0x96, 0x07, 0x20, 0x02, 0x00, 0x5c, 0xef, 0xc0, 0x5b, 0x37, 0x05, 0x00, 0x60, 0x00, 0x5d, 0x3a, 0x96, 0x07, 0x40, 0x02, 0x00, 0x5c, 0xef,
    0x10, 0x02, 0x22, 0xfe, 0x00, 0x40, 0x08, 0x08, 0xc2, 0x5b, 0x47, 0x05, 0x00, 0x61, 0x00, 0x5d, 0x3b, 0x96, 0x07, 0x60, 0x02, 0x00, 0x5c, 0xef,
    0xc4, 0x5b, 0x57, 0x05, 0x00, 0x62, 0x00, 0x5d, 0xf1, 0x07, 0x01, 0x42, 0x40, 0xc4, 0x1f, 0x00, 0x34, 0x96, 0x07, 0x00, 0x06, 0x00, 0x5c, 0xef,
    0xc8, 0x5b, 0x67, 0x05, 0x00, 0x64, 0x00, 0x5d, 0x35, 0x96, 0x07, 0x20, 0x06, 0x00, 0x5c, 0xef, 0x10, 0x02, 0x20, 0xfe, 0x00, 0x40, 0x08, 0x08,
    0xcc, 0x5b, 0x77, 0x05, 0x00, 0x66, 0x00, 0x5d, 0x36, 0x96, 0x07, 0x40, 0x06, 0x00, 0x5c, 0xef, 0xc6, 0x5c, 0x47, 0x04, 0x00, 0x63, 0x00, 0x5d,
    0xf1, 0x07, 0x20, 0x40, 0x00, 0x44, 0x08, 0x08, 0x37, 0x96, 0x07, 0x60, 0x06, 0x00, 0x5c, 0xef, 0xca, 0x5c, 0x57, 0x04, 0x00, 0x65, 0x00, 0x5d,
    0x7f, 0x5c, 0x67, 0x04, 0x80, 0x3f, 0x00, 0x5d, 0x11, 0x02, 0x22, 0x42, 0x40, 0x44, 0x08, 0x08, 0xce, 0x5c, 0x77, 0x04, 0x00, 0x67, 0x00, 0x5d,
    0xd2, 0x5c, 0x87, 0x04, 0x00, 0x69, 0x00, 0x5d, 0xd6, 0x5c, 0x97, 0x04, 0x00, 0x6b, 0x00, 0x5d, 0x11, 0x02, 0x22, 0x40, 0x00, 0x44, 0x08, 0x08,
    0xd0, 0x5c, 0xa7, 0x04, 0x00, 0x68, 0x00, 0x5d, 0xda, 0x5c, 0xb7, 0x04, 0x00, 0x6d, 0x00, 0x5d, 0x93, 0x5e, 0x47, 0x04, 0x80, 0x49, 0x00, 0x5d,
    0x11, 0x02, 0x22, 0x42, 0x40, 0x44, 0x08, 0x08, 0xe8, 0x5e, 0x57, 0x04, 0x00, 0x74, 0x00, 0x5d, 0xec, 0x5e, 0x67, 0x04, 0x00, 0x76, 0x00, 0x5d,
    0xf0, 0x5e, 0x77, 0x04, 0x00, 0x78, 0x00, 0x5d, 0x11, 0x02, 0x22, 0x40, 0x00, 0x44, 0x08, 0x08, 0xea, 0x5e, 0x87, 0x04, 0x00, 0x75, 0x00, 0x5d,
    0xf4, 0x5e, 0x97, 0x04, 0x00, 0x7a, 0x00, 0x5d, 0xf8, 0x5e, 0xa7, 0x04, 0x00, 0x7c, 0x00, 0x5d, 0x11, 0x02, 0x20, 0x42, 0x40, 0x44, 0x08, 0x08,
    0xfc, 0x5e, 0xb7, 0x04, 0x00, 0x7e, 0x00, 0x5d, 0xee, 0x5f, 0x47, 0x04, 0x00, 0x77, 0x00, 0x5d, 0xf2, 0x5f, 0x57, 0x04, 0x00, 0x79, 0x00, 0x5d,
    0x11, 0x02, 0x22, 0x50, 0x10, 0x44, 0x08, 0x08, 0x97, 0x5f, 0x67, 0x04, 0x80, 0x4b, 0x00, 0x5d, 0xf6, 0x5f, 0x77, 0x04, 0x00, 0x7b, 0x00, 0x5d,
    0xfa, 0x5f, 0x87, 0x04, 0x00, 0x7d, 0x00, 0x5d, 0x11, 0x02, 0x22, 0x42, 0x40, 0x44, 0x08, 0x00, 0xfe, 0x5f, 0x97, 0x04, 0x00, 0x7f, 0x00, 0x5d,
    0xf9, 0x5f, 0xa7, 0x04, 0x80, 0x7c, 0x00, 0x5d, 0xf5, 0x5f, 0xb7, 0x04, 0x80, 0x7a, 0x00, 0x5d, 0xff, 0x07, 0xa0, 0xfe, 0x00, 0xf4, 0x1f, 0x00,
    0x00, 0x00, 0x07, 0x00, 0x80, 0x1b, 0xa8, 0xf0, 0x00, 0x00, 0x07, 0x00, 0x00, 0x00, 0x98, 0xef, 0x0f, 0x00, 0x06, 0x03, 0x00, 0x00, 0x40, 0xe2,
    0xb1, 0xf8, 0x20, 0x16, 0x00, 0xc4, 0x02, 0x00, 0x3c, 0x90, 0x0a, 0x04, 0x00, 0xa0, 0xd6, 0xee, 0x40, 0x8e, 0x09, 0x04, 0x00, 0xa0, 0xd6, 0xee,
    0x38, 0x8c, 0x0b, 0x04, 0x00, 0xa0, 0xd6, 0xee, 0xb2, 0x00, 0x00, 0x06, 0x5f, 0xc4, 0x1f, 0x00, 0x34, 0x8a, 0x0c, 0x04, 0x00, 0xa0, 0xd6, 0xee,
    0xfd, 0x4c, 0x47, 0x04, 0x80, 0x7e, 0x00, 0x5d, 0x54, 0x7c, 0x07, 0x10, 0x06, 0x10, 0x4e, 0xef, 0x51, 0x00, 0x22, 0x0e, 0x40, 0x44, 0x02, 0x08,
    0xae, 0x4c, 0x57, 0x04, 0x00, 0x57, 0x00, 0x5d, 0xba, 0x4c, 0x67, 0x04, 0x00, 0x5d, 0x00, 0x5d, 0xbe, 0x4c, 0x77, 0x04, 0x00, 0x5f, 0x00, 0x5d,
    0x11, 0x00, 0x22, 0x00, 0x00, 0x44, 0x00, 0x08, 0xf1, 0x4c, 0x87, 0x04, 0x80, 0x78, 0x00, 0x5d, 0xfb, 0x4c, 0x97, 0x04, 0x80, 0x7d, 0x00, 0x5d,
    0xa6, 0x4c, 0xa7, 0x04, 0x00, 0x53, 0x00, 0x5d, 0x11, 0x00, 0x20, 0x02, 0x40, 0x44, 0x00, 0x08, 0xaa, 0x4c, 0xb7, 0x04, 0x00, 0x55, 0x00, 0x5d,
    0x9e, 0x4d, 0x47, 0x04, 0x00, 0x4f, 0x00, 0x5d, 0xa2, 0x4d, 0x57, 0x04, 0x00, 0x51, 0x00, 0x5d, 0x31, 0x01, 0x22, 0x20, 0x01, 0x44, 0x04, 0x08,
    0x98, 0x4d, 0x67, 0x04, 0x00, 0x4c, 0x00, 0x5d, 0x4c, 0x4d, 0x77, 0x04, 0x00, 0x2c, 0x00, 0x5d, 0x50, 0x4d, 0x87, 0x04, 0x80, 0x7b, 0x00, 0x5d,
    0x11, 0x01, 0x22, 0x22, 0x40, 0x44, 0x04, 0x00, 0x9a, 0x4d, 0x97, 0x04, 0x00, 0x4d, 0x00, 0x5d, 0x9c, 0x4d, 0xa7, 0x04, 0x00, 0x4e, 0x00, 0x5d,
    0xa0, 0x4d, 0xb7, 0x04, 0x00, 0x50, 0x00, 0x5d, 0x11, 0x00, 0x22, 0x00, 0x00, 0x44, 0x00, 0x08, 0xa4, 0x4e, 0x47, 0x04, 0x00, 0x52, 0x00, 0x5d,
    0xa8, 0x4e, 0x57, 0x04, 0x00, 0x54, 0x00, 0x5d, 0x77, 0x4e, 0x67, 0x04, 0x80, 0x3b, 0x00, 0x5d, 0x11, 0x00, 0x22, 0x02, 0x40, 0x44, 0x00, 0x08,
    0xac, 0x4e, 0x77, 0x04, 0x00, 0x56, 0x00, 0x5d, 0xb0, 0x4e, 0x87, 0x04, 0x00, 0x58, 0x00, 0x5d, 0x7b, 0x4e, 0x97, 0x04, 0x80, 0x3d, 0x00, 0x5d,
    0x11, 0x00, 0x22, 0x00, 0x00, 0x44, 0x00, 0x08, 0xb4, 0x4e, 0xa7, 0x04, 0x00, 0x5a, 0x00, 0x5d, 0xb8, 0x4e, 0xb7, 0x04, 0x00, 0x5c, 0x00, 0x5d,
    0xb2, 0x4f, 0x47, 0x04, 0x00, 0x59, 0x00, 0x5d, 0x31, 0x11, 0x22, 0x22, 0x41, 0x48, 0x04, 0x08, 0x4d, 0x4f, 0x57, 0x04, 0x00, 0x5b, 0x00, 0x5d,
    0x4e, 0x4f, 0x67, 0x04, 0x00, 0x5e, 0x00, 0x5d, 0x51, 0x4f, 0x77, 0x04, 0x00, 0x60, 0x00, 0x5d, 0x10, 0x00, 0x22, 0xfe, 0x02, 0x84, 0x00, 0x00,
    0x52, 0x4f, 0x87, 0x04, 0x00, 0x61, 0x00, 0x5d, 0x44, 0x7c, 0x07, 0x00, 0x06, 0x10, 0x4e, 0xef, 0xc4, 0x4f, 0x97, 0x04, 0x00, 0x62, 0x00, 0x5d,
    0x11, 0x00, 0x22, 0xfe, 0x00, 0x48, 0x20, 0x00, 0x53, 0x4f, 0xa7, 0x04, 0x00, 0x64, 0x00, 0x5d, 0x59, 0x00, 0xe7, 0x0c, 0x80, 0x07, 0x98, 0x5c,
    0x4f, 0x4f, 0xb7, 0x04, 0x00, 0x66, 0x00, 0x5d, 0xf0, 0x07, 0x20, 0xe2, 0x01, 0xc4, 0x1f, 0x00, 0x5a, 0x00, 0x27, 0x0d, 0x80, 0x07, 0x98, 0x5c,
    0x48, 0x92, 0x07, 0x00, 0x02, 0x10, 0x4e, 0xef, 0x5b, 0x00, 0x67, 0x0d, 0x80, 0x07, 0x98, 0x5c, 0xe1, 0x07, 0x20, 0xfe, 0x00, 0xc4, 0x1f, 0x00,
    0x8b, 0x00, 0xe7, 0x0d, 0x80, 0x07, 0x98, 0x5c, 0x5f, 0x00, 0x37, 0x09, 0x80, 0x07, 0x98, 0x5c, 0xc8, 0x00, 0x67, 0x0e, 0x80, 0x07, 0x98, 0x5c,
    0xf1, 0x07, 0x20, 0xfe, 0x00, 0xc4, 0x1f, 0x00, 0x8d, 0x00, 0x67, 0x0a, 0x80, 0x07, 0x98, 0x5c, 0x8e, 0x00, 0xe7, 0x09, 0x80, 0x07, 0x98, 0x5c,
    0x9b, 0x00, 0x27, 0x05, 0x80, 0x07, 0x98, 0x5c, 0xe1, 0x07, 0x20, 0xfe, 0x00, 0xc4, 0x1f, 0x08, 0x79, 0x00, 0x37, 0x05, 0x80, 0x07, 0x98, 0x5c,
    0x7d, 0x00, 0xf7, 0x04, 0x80, 0x07, 0x98, 0x5c, 0xff, 0x5d, 0x07, 0x06, 0x80, 0x83, 0x53, 0x5b, 0xf1, 0x07, 0x20, 0xfe, 0x00, 0x44, 0x20, 0x08,
    0xff, 0x5d, 0x67, 0x00, 0x00, 0x30, 0x45, 0x38, 0x07, 0xf0, 0x07, 0xe0, 0x80, 0x03, 0x90, 0x50, 0xd2, 0x48, 0x77, 0x04, 0x80, 0x2c, 0x00, 0x5d,
    0x01, 0x00, 0x40, 0x02, 0xc0, 0xc0, 0x04, 0x18, 0xd6, 0x48, 0x47, 0x05, 0x00, 0x2d, 0x00, 0x5d, 0xde, 0x48, 0x57, 0x05, 0x80, 0x2d, 0x00, 0x5d,
    0x8a, 0x49, 0x67, 0x04, 0x00, 0x6c, 0x00, 0x5d, 0x11, 0x0f, 0x20, 0x22, 0x40, 0x44, 0x04, 0x00, 0x58, 0x92, 0x07, 0x10, 0x02, 0x10, 0x4e, 0xef,
    0xbc, 0x49, 0x57, 0x05, 0x00, 0x70, 0x00, 0x5d, 0xcc, 0x4a, 0x57, 0x04, 0x00, 0x74, 0x00, 0x5d, 0x11, 0x01, 0x20, 0x40, 0x00, 0x44, 0x44, 0x08,
    0xce, 0x48, 0x67, 0x04, 0x80, 0x3f, 0x00, 0x5d, 0xb6, 0x49, 0x47, 0x05, 0x00, 0x71, 0x00, 0x5d, 0xe8, 0x4a, 0x77, 0x04, 0x00, 0x78, 0x00, 0x5d,
    0x11, 0x01, 0x24, 0x22, 0x40, 0x44, 0x04, 0x10, 0xd8, 0x4a, 0x77, 0x05, 0x00, 0x7e, 0x00, 0x5d, 0xe0, 0x4b, 0x67, 0x04, 0x80, 0x4b, 0x00, 0x5d,
    0x5c, 0x4b, 0x67, 0x05, 0x80, 0x7c, 0x00, 0x5d, 0x11, 0x00, 0x22, 0x00, 0x00, 0x44, 0x00, 0x08, 0xe6, 0x48, 0x67, 0x05, 0x00, 0x68, 0x00, 0x5d,
    0x93, 0x48, 0x77, 0x05, 0x00, 0x6d, 0x00, 0x5d, 0x94, 0x49, 0x57, 0x04, 0x00, 0x6a, 0x00, 0x5d, 0x11, 0x00, 0x26, 0x02, 0x00, 0x44, 0x00, 0x00,
    0x91, 0x49, 0x77, 0x04, 0x00, 0x6e, 0x00, 0x5d, 0xc0, 0x49, 0x67, 0x05, 0x00, 0x72, 0x00, 0x5d, 0x7f, 0x4a, 0x47, 0x04, 0x80, 0x2f, 0x00, 0x5d,
    0x11, 0x22, 0x20, 0xfc, 0x02, 0xc4, 0x1f, 0x00, 0xe2, 0x4b, 0x77, 0x04, 0x00, 0x7b, 0x00, 0x5d, 0xfc, 0x00, 0xc7, 0x04, 0x80, 0x07, 0x98, 0x5c,
    0xf0, 0x00, 0xd7, 0x04, 0x80, 0x07, 0x98, 0x5c, 0xf0, 0x07, 0x20, 0xfe, 0x00, 0xc4, 0x1f, 0x00, 0x97, 0x00, 0xe7, 0x04, 0x80, 0x07, 0x98, 0x5c,
    0x4c, 0x7c, 0x07, 0x20, 0x06, 0x10, 0x4e, 0xef, 0xf9, 0x00, 0x17, 0x05, 0x80, 0x07, 0x98, 0x5c, 0x11, 0x01, 0x26, 0x22, 0x00, 0x04, 0x04, 0x00,
    0xc6, 0x48, 0x47, 0x04, 0x00, 0x63, 0x00, 0x5d, 0xca, 0x48, 0x57, 0x04, 0x00, 0x65, 0x00, 0x5d, 0x8b, 0x49, 0x47, 0x04, 0x80, 0x45, 0x00, 0x5d,
    0x31, 0x01, 0x20, 0x22, 0x41, 0x44, 0x04, 0x08, 0xc8, 0x49, 0x77, 0x05, 0x00, 0x64, 0x00, 0x5d, 0xe4, 0x4a, 0x67, 0x04, 0x00, 0x76, 0x00, 0x5d,
    0xc2, 0x4a, 0x47, 0x05, 0x00, 0x75, 0x00, 0x5d, 0x11, 0x00, 0x22, 0x22, 0x00, 0x04, 0x04, 0x00, 0xd0, 0x4a, 0x57, 0x05, 0x00, 0x7a, 0x00, 0x5d,
    0xd4, 0x4a, 0x67, 0x05, 0x00, 0x7c, 0x00, 0x5d, 0xda, 0x4b, 0x47, 0x04, 0x00, 0x77, 0x00, 0x5d, 0x11, 0x01, 0x22, 0x22, 0x40, 0x44, 0x04, 0x08,
    0xdc, 0x4b, 0x57, 0x04, 0x00, 0x79, 0x00, 0x5d, 0xf7, 0x4b, 0x47, 0x05, 0x00, 0x7d, 0x00, 0x5d, 0x5f, 0x4b, 0x57, 0x05, 0x00, 0x7f, 0x00, 0x5d,
    0x11, 0x01, 0x00, 0xfe, 0x04, 0xf4, 0x1f, 0x00, 0x5e, 0x4b, 0x77, 0x05, 0x80, 0x7a, 0x00, 0x5d, 0xf6, 0x00, 0x07, 0x05, 0x80, 0x07, 0x98, 0x5c,
    0x50, 0x7c, 0x07, 0x30, 0x06, 0x10, 0x4e, 0xef, 0xf0, 0x0f, 0x20, 0xe2, 0x02, 0x04, 0x05, 0x00, 0xf4, 0x00, 0xa7, 0x09, 0x80, 0x07, 0x98, 0x5c,
    0x48, 0x92, 0x07, 0x20, 0x02, 0x10, 0x4e, 0xef, 0xea, 0x58, 0x47, 0x04, 0x80, 0x7e, 0x00, 0x5d, 0x11, 0x01, 0x22, 0x2e, 0x48, 0x44, 0x06, 0x0a,
    0xee, 0x58, 0x57, 0x04, 0x00, 0x57, 0x00, 0x5d, 0xec, 0x58, 0x67, 0x04, 0x00, 0x5d, 0x00, 0x5d, 0xf5, 0x58, 0x77, 0x04, 0x00, 0x5f, 0x00, 0x5d,
    0x11, 0x01, 0x22, 0x22, 0x40, 0x04, 0x04, 0x00, 0xa6, 0x58, 0x47, 0x05, 0x80, 0x78, 0x00, 0x5d, 0x9e, 0x58, 0x57, 0x05, 0x80, 0x7d, 0x00, 0x5d,
    0x9a, 0x58, 0x67, 0x05, 0x80, 0x46, 0x00, 0x5d, 0x11, 0x01, 0x20, 0x42, 0x40, 0x44, 0x44, 0x18, 0xfe, 0x58, 0x77, 0x05, 0x00, 0x55, 0x00, 0x5d,
    0xfa, 0x59, 0x47, 0x04, 0x00, 0x47, 0x00, 0x5d, 0x58, 0x59, 0x57, 0x04, 0x00, 0x51, 0x00, 0x5d, 0x11, 0x01, 0x24, 0x42, 0x44, 0x04, 0x04, 0x00,
    0xf8, 0x59, 0x67, 0x04, 0x00, 0x4c, 0x00, 0x5d, 0x8e, 0x5a, 0x57, 0x04, 0x00, 0x54, 0x00, 0x5d, 0x90, 0x5a, 0x67, 0x04, 0x80, 0x3b, 0x00, 0x5d,
    0x11, 0x01, 0x24, 0x42, 0xc0, 0x44, 0x44, 0x00, 0xfc, 0x59, 0x77, 0x04, 0x00, 0x7e, 0x00, 0x5d, 0x8d, 0x5a, 0x47, 0x04, 0x00, 0x52, 0x00, 0x5d,
    0x98, 0x5a, 0x77, 0x04, 0x00, 0x56, 0x00, 0x5d, 0x11, 0x01, 0x22, 0x22, 0x40, 0x04, 0x85, 0x00, 0xf1, 0x5b, 0x47, 0x04, 0x00, 0x59, 0x00, 0x5d,
    0x77, 0x5b, 0x57, 0x04, 0x00, 0x78, 0x00, 0x5d, 0xa8, 0x5b, 0x67, 0x04, 0x80, 0x4b, 0x00, 0x5d, 0x12, 0x01, 0x00, 0x02, 0x80, 0xc4, 0x5c, 0x00,
    0xa2, 0x5b, 0x77, 0x04, 0x80, 0x7c, 0x00, 0x5d, 0xf2, 0x59, 0x77, 0x05, 0x00, 0x50, 0x00, 0x5d, 0x44, 0x92, 0x07, 0x30, 0x02, 0x10, 0x4e, 0xef,
    0x31, 0x02, 0x22, 0x02, 0x01, 0xc4, 0x08, 0x00, 0xa4, 0x5a, 0x77, 0x05, 0x00, 0x5c, 0x00, 0x5d, 0xa0, 0x5a, 0x67, 0x05, 0x00, 0x5a, 0x00, 0x5d,
    0xae, 0x48, 0xc7, 0x04, 0x00, 0x63, 0x00, 0x5d, 0x01, 0x08, 0x20, 0x02, 0x40, 0x44, 0x88, 0x08, 0xb4, 0x49, 0x17, 0x05, 0x00, 0x5e, 0x00, 0x5d,
    0xbe, 0x48, 0xd7, 0x04, 0x00, 0x65, 0x00, 0x5d, 0xc6, 0x48, 0xe7, 0x04, 0x00, 0x67, 0x00, 0x5d, 0x31, 0x02, 0x22, 0x02, 0x01, 0x44, 0x00, 0x00,
    0xb8, 0x49, 0x27, 0x05, 0x00, 0x60, 0x00, 0x5d, 0xbc, 0x49, 0x37, 0x05, 0x00, 0x64, 0x00, 0x5d, 0x8c, 0x59, 0x67, 0x05, 0x00, 0x4e, 0x00, 0x5d,
    0x01, 0x00, 0x20, 0x42, 0x04, 0xc4, 0x08, 0x08, 0xca, 0x48, 0xf7, 0x04, 0x00, 0x69, 0x00, 0x5d, 0xce, 0x48, 0x07, 0x05, 0x00, 0x6b, 0x00, 0x5d,
    0xc0, 0x4a, 0xc7, 0x04, 0x80, 0x3f, 0x00, 0x5d, 0x11, 0x08, 0x20, 0x02, 0x80, 0x44, 0x00, 0x08, 0xc8, 0x4a, 0xd7, 0x04, 0x00, 0x66, 0x00, 0x5d,
    0xf6, 0x59, 0x47, 0x05, 0x00, 0x7b, 0x00, 0x5d, 0x8f, 0x5a, 0x47, 0x05, 0x00, 0x58, 0x00, 0x5d, 0x01, 0x00, 0x20, 0x02, 0x80, 0x44, 0x00, 0x08,
    0x9c, 0x5a, 0x57, 0x05, 0x80, 0x3d, 0x00, 0x5d, 0xac, 0x5b, 0x57, 0x05, 0x00, 0x62, 0x00, 0x5d, 0xd2, 0x48, 0x17, 0x05, 0x00, 0x6f, 0x00, 0x5d,
    0x11, 0x22, 0x20, 0x26, 0x40, 0x44, 0x20, 0x00, 0xd6, 0x48, 0x27, 0x05, 0x00, 0x73, 0x00, 0x5d, 0x7f, 0x4a, 0xe7, 0x04, 0x00, 0x72, 0x00, 0x5d,
    0xcc, 0x4a, 0xf7, 0x04, 0x00, 0x74, 0x00, 0x5d, 0x01, 0x00, 0x20, 0x02, 0x40, 0x44, 0x00, 0x08, 0xf4, 0x59, 0x57, 0x05, 0x00, 0x7a, 0x00, 0x5d,
    0xfb, 0x5b, 0x47, 0x05, 0x80, 0x4d, 0x00, 0x5d, 0xc4, 0x5b, 0x67, 0x05, 0x80, 0x3c, 0x00, 0x5d, 0x12, 0x00, 0x00, 0x26, 0x00, 0xc4, 0x3f, 0x00,
    0xaa, 0x5b, 0x77, 0x05, 0x80, 0x3e, 0x00, 0x5d, 0xde, 0x48, 0x37, 0x05, 0x80, 0x49, 0x00, 0x5d, 0x54, 0x7c, 0x07, 0x40, 0x06, 0x10, 0x4e, 0xef,
    0x11, 0x00, 0x22, 0x00, 0x00, 0x44, 0x00, 0x08, 0xb2, 0x49, 0xc7, 0x04, 0x80, 0x45, 0x00, 0x5d, 0xb0, 0x49, 0xd7, 0x04, 0x00, 0x4a, 0x00, 0x5d,
    0x7b, 0x49, 0xe7, 0x04, 0x00, 0x45, 0x00, 0x5d, 0x11, 0x00, 0x22, 0x02, 0x80, 0x44, 0x00, 0x08, 0xba, 0x49, 0xf7, 0x04, 0x80, 0x48, 0x00, 0x5d,
    0xb6, 0x49, 0x07, 0x05, 0x00, 0x5b, 0x00, 0x5d, 0xc2, 0x4a, 0x07, 0x05, 0x00, 0x61, 0x00, 0x5d, 0x11, 0x00, 0x22, 0x00, 0x00, 0x44, 0x00, 0x00,
    0xd0, 0x4a, 0x17, 0x05, 0x00, 0x68, 0x00, 0x5d, 0xd4, 0x4a, 0x27, 0x05, 0x00, 0x6a, 0x00, 0x5d, 0xd8, 0x4a, 0x37, 0x05, 0x00, 0x6c, 0x00, 0x5d,
    0x11, 0x00, 0x22, 0x02, 0x40, 0x44, 0x00, 0x08, 0xda, 0x4b, 0xc7, 0x04, 0x00, 0x6d, 0x00, 0x5d, 0xdc, 0x4b, 0xd7, 0x04, 0x00, 0x6e, 0x00, 0x5d,
    0xe0, 0x4b, 0xe7, 0x04, 0x00, 0x70, 0x00, 0x5d, 0x11, 0x00, 0x22, 0x40, 0x04, 0xc4, 0x40, 0x08, 0xe2, 0x4b, 0xf7, 0x04, 0x00, 0x71, 0x00, 0x5d,
    0xe6, 0x4b, 0x07, 0x05, 0x80, 0x7b, 0x00, 0x5d, 0xe4, 0x4b, 0x17, 0x05, 0x80, 0x2f, 0x00, 0x5d, 0x11, 0x00, 0x42, 0x02, 0x00, 0xc0, 0x88, 0x00,
    0xe8, 0x4b, 0x27, 0x05, 0x00, 0x2e, 0x00, 0x5d, 0xf0, 0x4b, 0x37, 0x05, 0x00, 0x2f, 0x00, 0x5d, 0xf7, 0x45, 0xd7, 0x04, 0x00, 0x2c, 0x00, 0x5d,
    0x1d, 0x0f, 0x00, 0x22, 0x40, 0x44, 0x9d, 0x00, 0x48, 0x92, 0x07, 0x40, 0x02, 0x10, 0x4e, 0xef, 0x93, 0x44, 0xc7, 0x04, 0x00, 0x75, 0x00, 0x5d,
    0x58, 0x7c, 0x07, 0x50, 0x06, 0x10, 0x4e, 0xef, 0x01, 0x01, 0x20, 0x62, 0x40, 0xc4, 0x50, 0x08, 0x91, 0x44, 0x27, 0x05, 0x00, 0x4d, 0x00, 0x5d,
    0x5e, 0x45, 0x27, 0x05, 0x00, 0x46, 0x00, 0x5d, 0xea, 0x44, 0xd7, 0x04, 0x00, 0x77, 0x00, 0x5d, 0x11, 0x00, 0x20, 0x02, 0x40, 0x44, 0x00, 0x08,
    0x9a, 0x44, 0x37, 0x05, 0x00, 0x7f, 0x00, 0x5d, 0x8b, 0x45, 0xc7, 0x04, 0x00, 0x7d, 0x00, 0x5d, 0x8a, 0x45, 0xe7, 0x04, 0x00, 0x7c, 0x00, 0x5d,
    0x01, 0x00, 0x20, 0x02, 0xc0, 0x44, 0x0c, 0x01, 0x94, 0x45, 0xf7, 0x04, 0x00, 0x7e, 0x00, 0x5d, 0x5f, 0x45, 0x07, 0x05, 0x00, 0x7b, 0x00, 0x5d,
    0x8c, 0x45, 0x37, 0x05, 0x00, 0x79, 0x00, 0x5d, 0x11, 0x00, 0x22, 0x82, 0x50, 0x44, 0x00, 0x08, 0xec, 0x44, 0xe7, 0x04, 0x00, 0x76, 0x00, 0x5d,
    0xee, 0x44, 0xf7, 0x04, 0x80, 0x7a, 0x00, 0x5d, 0xa6, 0x44, 0x07, 0x05, 0x00, 0x53, 0x00, 0x5d, 0x01, 0x00, 0x20, 0x02, 0x00, 0x44, 0x10, 0x08,
    0x9e, 0x44, 0x17, 0x05, 0x00, 0x4f, 0x00, 0x5d, 0x5c, 0x45, 0x17, 0x05, 0x00, 0x7a, 0x00, 0x5d, 0x8d, 0x46, 0xc7, 0x04, 0x80, 0x46, 0x00, 0x5d,
    0x11, 0x04, 0x22, 0x82, 0x40, 0x44, 0x10, 0x08, 0x8e, 0x46, 0xd7, 0x04, 0x00, 0x47, 0x00, 0x5d, 0x90, 0x46, 0xe7, 0x04, 0x00, 0x48, 0x00, 0x5d,
    0x98, 0x46, 0xf7, 0x04, 0x00, 0x4c, 0x00, 0x5d, 0x01, 0x00, 0x20, 0x02, 0x40, 0x44, 0x00, 0x08, 0x8f, 0x46, 0x07, 0x05, 0x80, 0x47, 0x00, 0x5d,
    0x9c, 0x46, 0x17, 0x05, 0x00, 0x4e, 0x00, 0x5d, 0xa0, 0x46, 0x27, 0x05, 0x00, 0x50, 0x00, 0x5d, 0x11, 0x00, 0x20, 0x82, 0x40, 0xc4, 0x10, 0x08,
    0xa4, 0x46, 0x37, 0x05, 0x00, 0x52, 0x00, 0x5d, 0xf1, 0x47, 0xc7, 0x04, 0x80, 0x78, 0x00, 0x5d, 0x77, 0x47, 0xd7, 0x04, 0x80, 0x3b, 0x00, 0x5d,
    0x01, 0x0c, 0x40, 0x8e, 0x48, 0x40, 0x00, 0x08, 0xf8, 0x47, 0xe7, 0x04, 0x00, 0x54, 0x00, 0x5d, 0xf2, 0x47, 0xf7, 0x04, 0x00, 0x51, 0x00, 0x5d,
    0xf6, 0x47, 0x07, 0x05, 0x80, 0x7d, 0x00, 0x5d, 0xf1, 0x87, 0x20, 0x12, 0x40, 0x44, 0x00, 0x08, 0x4c, 0x92, 0x07, 0x60, 0x02, 0x10, 0x4e, 0xef,
    0xfa, 0x47, 0x17, 0x05, 0x00, 0x56, 0x00, 0x5d, 0xfc, 0x47, 0x27, 0x05, 0x00, 0x62, 0x00, 0x5d, 0x12, 0x00, 0x00, 0x26, 0x00, 0x74, 0x3c, 0x00,
    0xfe, 0x47, 0x37, 0x05, 0x00, 0x55, 0x00, 0x5d, 0xf5, 0x48, 0x47, 0x05, 0x00, 0x57, 0x00, 0x5d, 0x44, 0x92, 0x07, 0x50, 0x02, 0x10, 0x4e, 0xef,
    0x10, 0x22, 0x22, 0xfe, 0x00, 0x04, 0x44, 0x00, 0xa2, 0x48, 0x87, 0x05, 0x00, 0x67, 0x00, 0x5d, 0x50, 0x92, 0x07, 0x70, 0x02, 0x10, 0x4e, 0xef,
    0xae, 0x48, 0xb7, 0x05, 0x00, 0x6f, 0x00, 0x5d, 0x11, 0x22, 0x26, 0x22, 0x42, 0x44, 0x08, 0x08, 0xce, 0x49, 0x57, 0x05, 0x00, 0x58, 0x00, 0x5d,
    0xde, 0x49, 0x47, 0x05, 0x00, 0x59, 0x00, 0x5d, 0xf4, 0x49, 0x67, 0x05, 0x80, 0x3d, 0x00, 0x5d, 0x11, 0x11, 0x22, 0x42, 0x04, 0x04, 0x08, 0x00,
    0xb2, 0x49, 0x87, 0x05, 0x00, 0x5b, 0x00, 0x5d, 0xb0, 0x49, 0x97, 0x05, 0x00, 0x5a, 0x00, 0x5d, 0x97, 0x4a, 0x57, 0x05, 0x00, 0x64, 0x00, 0x5d,
    0x11, 0x11, 0x24, 0x22, 0xc0, 0x44, 0x88, 0x00, 0xb6, 0x4a, 0x87, 0x05, 0x00, 0x61, 0x00, 0x5d, 0x7b, 0x49, 0xa7, 0x05, 0x00, 0x5c, 0x00, 0x5d,
    0xb4, 0x49, 0xb7, 0x05, 0x00, 0x5e, 0x00, 0x5d, 0x11, 0x11, 0x22, 0x02, 0x00, 0x04, 0x00, 0x00, 0xc2, 0x4b, 0x87, 0x05, 0x00, 0x73, 0x00, 0x5d,
    0xc8, 0x4b, 0xa7, 0x05, 0x00, 0x74, 0x00, 0x5d, 0xac, 0x48, 0x67, 0x05, 0x00, 0x63, 0x00, 0x5d, 0x11, 0x00, 0x22, 0x02, 0xc0, 0x44, 0x00, 0x10,
    0xaa, 0x48, 0x77, 0x05, 0x00, 0x65, 0x00, 0x5d, 0xfb, 0x48, 0x97, 0x05, 0x00, 0x69, 0x00, 0x5d, 0xa8, 0x48, 0xa7, 0x05, 0x00, 0x6b, 0x00, 0x5d,
    0x11, 0x00, 0x22, 0x02, 0x40, 0x04, 0x88, 0x00, 0xf9, 0x4a, 0x47, 0x05, 0x00, 0x60, 0x00, 0x5d, 0xb8, 0x4a, 0x97, 0x05, 0x00, 0x68, 0x00, 0x5d,
    0xbc, 0x4a, 0xa7, 0x05, 0x00, 0x6a, 0x00, 0x5d, 0x31, 0x02, 0x20, 0x02, 0xc1, 0x44, 0x44, 0x10, 0xfd, 0x4b, 0x47, 0x05, 0x00, 0x6d, 0x00, 0x5d,
    0xe8, 0x45, 0x67, 0x05, 0x00, 0x45, 0x00, 0x5d, 0xe6, 0x45, 0x77, 0x05, 0x00, 0x4a, 0x00, 0x5d, 0x11, 0x02, 0x20, 0x42, 0x00, 0x04, 0x08, 0x00,
    0xbe, 0x48, 0x57, 0x05, 0x00, 0x5f, 0x00, 0x5d, 0xba, 0x49, 0x77, 0x05, 0x00, 0x5d, 0x00, 0x5d, 0x7f, 0x4a, 0x67, 0x05, 0x80, 0x3f, 0x00, 0x5d,
    0x11, 0x02, 0x26, 0x42, 0x00, 0x44, 0x08, 0x08, 0xcc, 0x4a, 0x77, 0x05, 0x00, 0x66, 0x00, 0x5d, 0xc0, 0x4a, 0xb7, 0x05, 0x00, 0x6c, 0x00, 0x5d,
    0x79, 0x4b, 0x57, 0x05, 0x00, 0x6e, 0x00, 0x5d, 0x11, 0x02, 0x22, 0x42, 0x40, 0x04, 0x08, 0x00, 0xe0, 0x4b, 0x67, 0x05, 0x00, 0x70, 0x00, 0x5d,
    0xe2, 0x4b, 0x77, 0x05, 0x00, 0x71, 0x00, 0x5d, 0xc4, 0x4b, 0x97, 0x05, 0x00, 0x72, 0x00, 0x5d, 0x12, 0x02, 0x04, 0x02, 0xc0, 0x44, 0x9d, 0x00,
    0xc6, 0x4b, 0xb7, 0x05, 0x00, 0x78, 0x00, 0x5d, 0xca, 0x44, 0x97, 0x05, 0x00, 0x4f, 0x00, 0x5d, 0x48, 0x7c, 0x07, 0x60, 0x06, 0x10, 0x4e, 0xef,
    0x11, 0x00, 0x20, 0x02, 0x40, 0x44, 0x00, 0x08, 0xd2, 0x44, 0xb7, 0x05, 0x00, 0x4d, 0x00, 0x5d, 0xd6, 0x45, 0x87, 0x05, 0x80, 0x2f, 0x00, 0x5d,
    0xd0, 0x45, 0x97, 0x05, 0x00, 0x2e, 0x00, 0x5d, 0x01, 0x11, 0x20, 0x26, 0x00, 0x44, 0x20, 0x18, 0x94, 0x45, 0xa7, 0x05, 0x00, 0x2f, 0x00, 0x5d,
    0xd4, 0x45, 0xb7, 0x05, 0x00, 0x46, 0x00, 0x5d, 0x8a, 0x46, 0x57, 0x05, 0x00, 0x47, 0x00, 0x5d, 0x11, 0x03, 0x20, 0x0a, 0x40, 0x44, 0x00, 0x08,
    0xda, 0x46, 0x87, 0x05, 0x80, 0x47, 0x00, 0x5d, 0x93, 0x44, 0x47, 0x05, 0x80, 0x49, 0x00, 0x5d, 0xea, 0x44, 0x57, 0x05, 0x00, 0x75, 0x00, 0x5d,
    0x01, 0x00, 0x20, 0x02, 0x40, 0x44, 0x00, 0x08, 0xec, 0x44, 0x67, 0x05, 0x00, 0x76, 0x00, 0x5d, 0xee, 0x44, 0x77, 0x05, 0x00, 0x77, 0x00, 0x5d,
    0xa6, 0x44, 0x87, 0x05, 0x00, 0x53, 0x00, 0x5d, 0x11, 0x00, 0x20, 0x02, 0xc0, 0x44, 0x00, 0x00, 0x91, 0x44, 0xa7, 0x05, 0x80, 0x48, 0x00, 0x5d,
    0x9a, 0x45, 0x47, 0x05, 0x80, 0x45, 0x00, 0x5d, 0x9e, 0x45, 0x57, 0x05, 0x80, 0x7b, 0x00, 0x5d, 0x01, 0x11, 0x20, 0x26, 0x40, 0x44, 0x24, 0x08,
    0x5e, 0x46, 0x47, 0x05, 0x80, 0x46, 0x00, 0x5d, 0x8c, 0x46, 0x67, 0x05, 0x00, 0x48, 0x00, 0x5d, 0x8e, 0x46, 0x77, 0x05, 0x00, 0x4c, 0x00, 0x5d,
    0x11, 0x00, 0x22, 0x02, 0x40, 0x44, 0x00, 0x00, 0xd8, 0x46, 0x97, 0x05, 0x00, 0x4e, 0x00, 0x5d, 0xdc, 0x46, 0xa7, 0x05, 0x00, 0x50, 0x00, 0x5d,
    0xa4, 0x46, 0xb7, 0x05, 0x00, 0x52, 0x00, 0x5d, 0x01, 0x01, 0x20, 0x22, 0x40, 0x44, 0x04, 0x08, 0x5f, 0x47, 0x47, 0x05, 0x80, 0x78, 0x00, 0x5d,
    0x5c, 0x47, 0x57, 0x05, 0x80, 0x3b, 0x00, 0x5d, 0xf8, 0x47, 0x67, 0x05, 0x00, 0x7c, 0x00, 0x5d, 0x72, 0x41, 0x02, 0x02, 0x40, 0xc4, 0x5f, 0x00,
    0x8f, 0x47, 0x77, 0x05, 0x00, 0x79, 0x00, 0x5d, 0xf6, 0x47, 0x87, 0x05, 0x00, 0x7b, 0x00, 0x5d, 0x54, 0x78, 0x07, 0x80, 0x06, 0x10, 0x4e, 0xef,
    0x31, 0x80, 0x22, 0x10, 0x00, 0x48, 0x00, 0x00, 0xfa, 0x47, 0x97, 0x05, 0x00, 0x7d, 0x00, 0x5d, 0xfc, 0x47, 0xa7, 0x05, 0x00, 0x7e, 0x00, 0x5d,
    0xfe, 0x47, 0xb7, 0x05, 0x00, 0x7f, 0x00, 0x5d, 0x30, 0x22, 0xa0, 0xe3, 0x01, 0x40, 0x00, 0x08, 0xf7, 0x50, 0x87, 0x04, 0x80, 0x49, 0x00, 0x5d,
    0x44, 0x7c, 0x07, 0x70, 0x06, 0x10, 0x4e, 0xef, 0xf5, 0x4c, 0x87, 0x04, 0x80, 0x7a, 0x00, 0x5d, 0xf1, 0x07, 0x20, 0x02, 0x40, 0x44, 0x04, 0x08,
    0x58, 0x78, 0x07, 0x90, 0x06, 0x10, 0x4e, 0xef, 0xbe, 0x4c, 0x97, 0x04, 0x00, 0x5f, 0x00, 0x5d, 0xf1, 0x4c, 0xa7, 0x04, 0x00, 0x56, 0x00, 0x5d,
    0x01, 0x00, 0x20, 0x42, 0x44, 0x44, 0x00, 0x10, 0xaa, 0x4c, 0xb7, 0x04, 0x00, 0x55, 0x00, 0x5d, 0x93, 0x4d, 0xb7, 0x04, 0x00, 0x5d, 0x00, 0x5d,
    0xde, 0x4d, 0x87, 0x04, 0x00, 0x6f, 0x00, 0x5d, 0x11, 0x00, 0x24, 0x02, 0x80, 0x44, 0x00, 0x10, 0x90, 0x4e, 0x87, 0x04, 0x80, 0x7c, 0x00, 0x5d,
    0x8b, 0x4f, 0x87, 0x04, 0x80, 0x7e, 0x00, 0x5d, 0x9a, 0x51, 0x87, 0x04, 0x00, 0x4d, 0x00, 0x5d, 0x01, 0x00, 0x20, 0x02, 0x00, 0x44, 0x00, 0x10,
    0x5e, 0x52, 0x87, 0x04, 0x00, 0x2f, 0x00, 0x5d, 0x5f, 0x53, 0x87, 0x04, 0x80, 0x2f, 0x00, 0x5d, 0xce, 0x4d, 0x97, 0x04, 0x00, 0x67, 0x00, 0x5d,
    0x11, 0x00, 0x24, 0x02, 0x80, 0x44, 0x00, 0x10, 0x97, 0x4e, 0x97, 0x04, 0x80, 0x4b, 0x00, 0x5d, 0x98, 0x4f, 0x97, 0x04, 0x80, 0x3c, 0x00, 0x5d,
    0x8d, 0x50, 0x97, 0x04, 0x00, 0x75, 0x00, 0x5d, 0x01, 0x00, 0x20, 0x02, 0x80, 0x44, 0x00, 0x00, 0x9e, 0x51, 0x97, 0x04, 0x00, 0x4f, 0x00, 0x5d,
    0x8a, 0x52, 0x97, 0x04, 0x00, 0x45, 0x00, 0x5d, 0x5c, 0x53, 0x97, 0x04, 0x00, 0x2e, 0x00, 0x5d, 0x11, 0x00, 0x24, 0x26, 0x02, 0x44, 0x20, 0x08,
    0xe4, 0x4d, 0xa7, 0x04, 0x00, 0x7a, 0x00, 0x5d, 0xac, 0x4e, 0xa7, 0x04, 0x80, 0x3f, 0x00, 0x5d, 0xa2, 0x4c, 0x47, 0x04, 0x00, 0x51, 0x00, 0x5d,
    0x01, 0x00, 0x20, 0x02, 0x40, 0x44, 0x00, 0x00, 0xfb, 0x4c, 0x57, 0x04, 0x80, 0x7d, 0x00, 0x5d, 0xa8, 0x4c, 0x67, 0x04, 0x00, 0x54, 0x00, 0x5d,
    0xae, 0x4c, 0x77, 0x04, 0x00, 0x57, 0x00, 0x5d, 0x11, 0x01, 0x24, 0x22, 0x80, 0x44, 0x04, 0x10, 0xe0, 0x4f, 0xa7, 0x04, 0x00, 0x70, 0x00, 0x5d,
    0x9c, 0x50, 0xa7, 0x04, 0x00, 0x76, 0x00, 0x5d, 0xa0, 0x51, 0xa7, 0x04, 0x00, 0x74, 0x00, 0x5d, 0x01, 0x01, 0x20, 0x22, 0x00, 0x44, 0x04, 0x10,
    0x8c, 0x52, 0xa7, 0x04, 0x00, 0x46, 0x00, 0x5d, 0x7c, 0x53, 0xa7, 0x04, 0x00, 0x7c, 0x00, 0x5d, 0xf0, 0x4e, 0xb7, 0x04, 0x00, 0x66, 0x00, 0x5d,
    0x11, 0x01, 0x24, 0x2a, 0x84, 0x44, 0x04, 0x10, 0xe2, 0x4f, 0xb7, 0x04, 0x00, 0x71, 0x00, 0x5d, 0xba, 0x50, 0xb7, 0x04, 0x00, 0x77, 0x00, 0x5d,
    0x92, 0x51, 0xb7, 0x04, 0x00, 0x73, 0x00, 0x5d, 0x01, 0x01, 0x40, 0x2e, 0x08, 0x40, 0x09, 0x18, 0x8e, 0x52, 0xb7, 0x04, 0x00, 0x47, 0x00, 0x5d,
    0x8f, 0x53, 0xb7, 0x04, 0x80, 0x47, 0x00, 0x5d, 0xb2, 0x4d, 0x47, 0x04, 0x00, 0x59, 0x00, 0x5d, 0x31, 0x17, 0x20, 0x42, 0x41, 0x44, 0x08, 0x08,
    0x48, 0x7e, 0x07, 0x80, 0x02, 0x10, 0x4e, 0xef, 0x4c, 0x4d, 0x57, 0x04, 0x00, 0x58, 0x00, 0x5d, 0x7b, 0x4d, 0x67, 0x04, 0x80, 0x3d, 0x00, 0x5d,
    0x11, 0x02, 0x20, 0x00, 0x00, 0x44, 0x00, 0x18, 0xb4, 0x4d, 0x77, 0x04, 0x00, 0x5a, 0x00, 0x5d, 0xb6, 0x4e, 0x47, 0x04, 0x00, 0x5b, 0x00, 0x5d,
    0xb8, 0x4e, 0x57, 0x04, 0x00, 0x5c, 0x00, 0x5d, 0x11, 0x00, 0x26, 0x02, 0x00, 0xc4, 0x88, 0x08, 0xbc, 0x4e, 0x67, 0x04, 0x00, 0x5e, 0x00, 0x5d,
    0xc0, 0x4e, 0x77, 0x04, 0x00, 0x60, 0x00, 0x5d, 0x4d, 0x4f, 0x47, 0x04, 0x00, 0x61, 0x00, 0x5d, 0x11, 0x0a, 0x22, 0x40, 0x00, 0x44, 0x00, 0x08,
    0x4e, 0x4f, 0x57, 0x04, 0x00, 0x62, 0x00, 0x5d, 0x79, 0x4f, 0x67, 0x04, 0x00, 0x64, 0x00, 0x5d, 0x9b, 0x50, 0x47, 0x04, 0x00, 0x53, 0x00, 0x5d,
    0x11, 0x00, 0x26, 0x02, 0x80, 0x44, 0x88, 0x00, 0xf8, 0x51, 0x57, 0x04, 0x00, 0x68, 0x00, 0x5d, 0xf9, 0x51, 0x77, 0x04, 0x00, 0x6a, 0x00, 0x5d,
    0x4f, 0x4f, 0x77, 0x04, 0x00, 0x63, 0x00, 0x5d, 0x11, 0x02, 0x22, 0x40, 0x00, 0x44, 0x04, 0x00, 0x81, 0x50, 0x57, 0x04, 0x00, 0x65, 0x00, 0x5d,
    0x7d, 0x50, 0x67, 0x04, 0x80, 0x48, 0x00, 0x5d, 0x99, 0x50, 0x77, 0x04, 0x00, 0x69, 0x00, 0x5d, 0x11, 0x02, 0x26, 0x42, 0x80, 0xc4, 0x08, 0x08,
    0xfd, 0x51, 0x47, 0x04, 0x00, 0x6b, 0x00, 0x5d, 0x94, 0x51, 0x67, 0x04, 0x00, 0x4a, 0x00, 0x5d, 0xb0, 0x52, 0x47, 0x04, 0x00, 0x6d, 0x00, 0x5d,
    0x11, 0x0a, 0x22, 0x40, 0x00, 0x44, 0x08, 0x10, 0xd0, 0x52, 0x57, 0x04, 0x00, 0x6c, 0x00, 0x5d, 0xdc, 0x52, 0x67, 0x04, 0x00, 0x6e, 0x00, 0x5d,
    0xd4, 0x52, 0x77, 0x04, 0x00, 0x52, 0x00, 0x5d, 0x11, 0x02, 0x22, 0x42, 0x40, 0x44, 0x0a, 0x0a, 0xa6, 0x53, 0x47, 0x04, 0x00, 0x7b, 0x00, 0x5d,
    0x77, 0x53, 0x57, 0x04, 0x00, 0x7d, 0x00, 0x5d, 0xfc, 0x53, 0x67, 0x04, 0x00, 0x7e, 0x00, 0x5d, 0x12, 0x02, 0x00, 0x22, 0x02, 0x74, 0x9d, 0x00,
    0xfe, 0x53, 0x77, 0x04, 0x00, 0x7f, 0x00, 0x5d, 0xd2, 0x48, 0x57, 0x05, 0x00, 0x5f, 0x00, 0x5d, 0x44, 0x7e, 0x07, 0x90, 0x02, 0x10, 0x4e, 0xef,
    0x10, 0x00, 0x20, 0xfe, 0x00, 0x04, 0x00, 0x00, 0xf6, 0x48, 0xb7, 0x05, 0x00, 0x57, 0x00, 0x5d, 0x50, 0x78, 0x07, 0xb0, 0x06, 0x10, 0x4e, 0xef,
    0x91, 0x49, 0x47, 0x05, 0x00, 0x6f, 0x00, 0x5d, 0x11, 0x00, 0x26, 0x02, 0x40, 0x44, 0x00, 0x00, 0x7f, 0x49, 0x67, 0x05, 0x00, 0x72, 0x00, 0x5d,
    0xd8, 0x49, 0x77, 0x05, 0x80, 0x49, 0x00, 0x5d, 0xcc, 0x49, 0xa7, 0x05, 0x80, 0x3d, 0x00, 0x5d, 0x11, 0x00, 0x20, 0x02, 0x40, 0x04, 0x00, 0x00,
    0xec, 0x4a, 0x97, 0x05, 0x00, 0x5c, 0x00, 0x5d, 0xc2, 0x48, 0x47, 0x05, 0x80, 0x7a, 0x00, 0x5d, 0xd6, 0x48, 0x67, 0x05, 0x80, 0x78, 0x00, 0x5d,
    0x11, 0x00, 0x22, 0x02, 0xc0, 0x44, 0x00, 0x08, 0xe6, 0x48, 0x77, 0x05, 0x00, 0x55, 0x00, 0x5d, 0xee, 0x48, 0x87, 0x05, 0x00, 0x51, 0x00, 0x5d,
    0xf2, 0x48, 0x97, 0x05, 0x80, 0x7d, 0x00, 0x5d, 0x11, 0x00, 0x20, 0x02, 0x40, 0x84, 0x08, 0x00, 0xf4, 0x48, 0xa7, 0x05, 0x00, 0x54, 0x00, 0x5d,
    0xa4, 0x49, 0x57, 0x05, 0x00, 0x67, 0x00, 0x5d, 0xda, 0x49, 0x87, 0x05, 0x00, 0x59, 0x00, 0x5d, 0x11, 0x08, 0x22, 0x02, 0x00, 0x44, 0x00, 0x08,
    0xde, 0x49, 0x97, 0x05, 0x00, 0x26, 0x00, 0x5d, 0xe4, 0x49, 0xb7, 0x05, 0x00, 0x5a, 0x00, 0x5d, 0x93, 0x4a, 0x47, 0x05, 0x00, 0x48, 0x00, 0x5d,
    0x11, 0x00, 0x22, 0x02, 0x40, 0x04, 0x00, 0x00, 0x97, 0x4a, 0x57, 0x05, 0x80, 0x4b, 0x00, 0x5d, 0xe8, 0x4a, 0x67, 0x05, 0x00, 0x56, 0x00, 0x5d,
    0xf0, 0x4a, 0x77, 0x05, 0x00, 0x78, 0x00, 0x5d, 0x11, 0x00, 0x22, 0x02, 0x40, 0x44, 0x00, 0x00, 0xea, 0x4a, 0x87, 0x05, 0x00, 0x5b, 0x00, 0x5d,
    0xbc, 0x4a, 0xa7, 0x05, 0x00, 0x5e, 0x00, 0x5d, 0xc0, 0x4a, 0xb7, 0x05, 0x00, 0x60, 0x00, 0x5d, 0x11, 0x00, 0x22, 0x02, 0x40, 0x04, 0x00, 0x00,
    0xc6, 0x4b, 0x47, 0x05, 0x80, 0x45, 0x00, 0x5d, 0xc4, 0x4b, 0x57, 0x05, 0x00, 0x4c, 0x00, 0x5d, 0xc8, 0x4b, 0x67, 0x05, 0x00, 0x70, 0x00, 0x5d,
    0x11, 0x00, 0x22, 0x06, 0x42, 0x44, 0x00, 0x08, 0xca, 0x4b, 0x77, 0x05, 0x00, 0x71, 0x00, 0x5d, 0xbe, 0x4b, 0x87, 0x05, 0x80, 0x26, 0x00, 0x5d,
    0xb8, 0x4b, 0x97, 0x05, 0x00, 0x27, 0x00, 0x5d, 0x11, 0x00, 0x42, 0x02, 0x00, 0xc0, 0x88, 0x00, 0x7b, 0x4b, 0xa7, 0x05, 0x80, 0x3c, 0x00, 0x5d,
    0xae, 0x4b, 0xb7, 0x05, 0x80, 0x27, 0x00, 0x5d, 0xb2, 0x44, 0x47, 0x05, 0x80, 0x7b, 0x00, 0x5d, 0xfd, 0x0f, 0x00, 0x02, 0x40, 0xc4, 0x1c, 0x00,
    0x48, 0x7e, 0x07, 0xa0, 0x02, 0x10, 0x4e, 0xef, 0xb6, 0x44, 0x57, 0x05, 0x80, 0x46, 0x00, 0x5d, 0x4c, 0x78, 0x07, 0xa0, 0x06, 0x10, 0x4e, 0xef,
    0x01, 0x00, 0x20, 0x02, 0x80, 0x44, 0x88, 0x10, 0xb4, 0x44, 0x67, 0x05, 0x00, 0x4e, 0x00, 0x5d, 0xa2, 0x45, 0x77, 0x05, 0x00, 0x49, 0x00, 0x5d,
    0xf7, 0x46, 0x87, 0x05, 0x00, 0x58, 0x00, 0x5d, 0x11, 0x00, 0x22, 0x02, 0x40, 0x44, 0x00, 0x08, 0xba, 0x44, 0x77, 0x05, 0x00, 0x5d, 0x00, 0x5d,
    0xaa, 0x44, 0x87, 0x05, 0x80, 0x4d, 0x00, 0x5d, 0xf1, 0x44, 0x97, 0x05, 0x80, 0x40, 0x00, 0x5d, 0x01, 0x00, 0x20, 0x02, 0x00, 0x44, 0x00, 0x08,
    0xa8, 0x44, 0xa7, 0x05, 0x80, 0x3e, 0x00, 0x5d, 0xfb, 0x44, 0xb7, 0x05, 0x80, 0x4c, 0x00, 0x5d, 0x9a, 0x45, 0x47, 0x05, 0x00, 0x4d, 0x00, 0x5d,
    0x11, 0x00, 0x22, 0x26, 0x40, 0x44, 0x20, 0x08, 0x9e, 0x45, 0x57, 0x05, 0x00, 0x4f, 0x00, 0x5d, 0xa0, 0x45, 0x67, 0x05, 0x00, 0x50, 0x00, 0x5d,
    0x8d, 0x45, 0x87, 0x05, 0x80, 0x7e, 0x00, 0x5d, 0x01, 0x00, 0x20, 0x02, 0x40, 0x44, 0x00, 0x00, 0x8b, 0x45, 0x97, 0x05, 0x00, 0x7c, 0x00, 0x5d,
    0x94, 0x45, 0xa7, 0x05, 0x00, 0x4a, 0x00, 0x5d, 0x92, 0x45, 0xb7, 0x05, 0x80, 0x7c, 0x00, 0x5d, 0x11, 0x01, 0x22, 0x22, 0x40, 0x44, 0x04, 0x08,
    0x5e, 0x46, 0x47, 0x05, 0x00, 0x2f, 0x00, 0x5d, 0x8a, 0x46, 0x57, 0x05, 0x00, 0x45, 0x00, 0x5d, 0x8c, 0x46, 0x67, 0x05, 0x00, 0x46, 0x00, 0x5d,
    0x01, 0x01, 0x20, 0x02, 0x40, 0x44, 0x00, 0x08, 0x8e, 0x46, 0x77, 0x05, 0x00, 0x47, 0x00, 0x5d, 0x90, 0x46, 0x97, 0x05, 0x00, 0x68, 0x00, 0x5d,
    0x98, 0x46, 0xa7, 0x05, 0x00, 0x6e, 0x00, 0x5d, 0x11, 0x00, 0x20, 0x22, 0x40, 0x44, 0x04, 0x08, 0x9c, 0x46, 0xb7, 0x05, 0x00, 0x6a, 0x00, 0x5d,
    0x5f, 0x47, 0x47, 0x05, 0x80, 0x2f, 0x00, 0x5d, 0x5c, 0x47, 0x57, 0x05, 0x00, 0x2e, 0x00, 0x5d, 0x01, 0x01, 0x40, 0x2e, 0x48, 0x40, 0x00, 0x08,
    0x7c, 0x47, 0x67, 0x05, 0x00, 0x3e, 0x00, 0x5d, 0x8f, 0x47, 0x77, 0x05, 0x80, 0x47, 0x00, 0x5d, 0xa6, 0x47, 0x87, 0x05, 0x00, 0x53, 0x00, 0x5d,
    0xf1, 0x17, 0x20, 0x06, 0x40, 0x44, 0x02, 0x0a, 0x54, 0x78, 0x07, 0xc0, 0x06, 0x10, 0x4e, 0xef, 0x77, 0x47, 0x97, 0x05, 0x80, 0x3b, 0x00, 0x5d,
    0xac, 0x47, 0xa7, 0x05, 0x00, 0x7e, 0x00, 0x5d, 0x52, 0x20, 0x00, 0x26, 0x00, 0x74, 0x3c, 0x00, 0xb0, 0x47, 0xb7, 0x05, 0x00, 0x7f, 0x00, 0x5d,
    0xe2, 0x48, 0xd7, 0x04, 0x00, 0x69, 0x00, 0x5d, 0x44, 0x7e, 0x07, 0xb0, 0x02, 0x10, 0x4e, 0xef, 0x10, 0x01, 0x22, 0xfe, 0x00, 0x04, 0x04, 0x00,
    0xd4, 0x48, 0xe7, 0x04, 0x00, 0x6b, 0x00, 0x5d, 0x58, 0x78, 0x07, 0xd0, 0x06, 0x10, 0x4e, 0xef, 0xce, 0x48, 0xf7, 0x04, 0x00, 0x73, 0x00, 0x5d,
    0x11, 0x01, 0x20, 0x22, 0x80, 0x44, 0x00, 0x08, 0xe0, 0x49, 0x37, 0x05, 0x00, 0x72, 0x00, 0x5d, 0xdc, 0x4a, 0xc7, 0x04, 0x80, 0x49, 0x00, 0x5d,
    0xc2, 0x48, 0xc7, 0x04, 0x00, 0x61, 0x00, 0x5d, 0x11, 0x11, 0x22, 0x22, 0x40, 0x04, 0x04, 0x00, 0xd2, 0x48, 0x07, 0x05, 0x00, 0x77, 0x00, 0x5d,
    0xd6, 0x48, 0x17, 0x05, 0x00, 0x79, 0x00, 0x5d, 0xd0, 0x48, 0x27, 0x05, 0x00, 0x7a, 0x00, 0x5d, 0x11, 0x01, 0x20, 0x22, 0x40, 0x44, 0x04, 0x08,
    0xe6, 0x48, 0x37, 0x05, 0x00, 0x7b, 0x00, 0x5d, 0x91, 0x49, 0xc7, 0x04, 0x80, 0x48, 0x00, 0x5d, 0xa4, 0x49, 0xd7, 0x04, 0x00, 0x52, 0x00, 0x5d,
    0x11, 0x01, 0x22, 0x22, 0x40, 0x04, 0x04, 0x00, 0x7f, 0x49, 0xe7, 0x04, 0x80, 0x3f, 0x00, 0x5d, 0xd8, 0x49, 0xf7, 0x04, 0x00, 0x6c, 0x00, 0x5d,
    0xda, 0x49, 0x07, 0x05, 0x00, 0x6d, 0x00, 0x5d, 0x11, 0x01, 0x22, 0x22, 0x00, 0x44, 0x04, 0x08, 0xde, 0x49, 0x17, 0x05, 0x00, 0x6f, 0x00, 0x5d,
    0xcc, 0x49, 0x27, 0x05, 0x00, 0x66, 0x00, 0x5d, 0xe4, 0x4a, 0xd7, 0x04, 0x80, 0x4b, 0x00, 0x5d, 0x11, 0x01, 0x22, 0x22, 0x40, 0x04, 0x04, 0x00,
    0xe8, 0x4a, 0xe7, 0x04, 0x00, 0x74, 0x00, 0x5d, 0xf0, 0x4a, 0xf7, 0x04, 0x00, 0x78, 0x00, 0x5d, 0x93, 0x4a, 0x07, 0x05, 0x00, 0x75, 0x00, 0x5d,
    0x11, 0x01, 0x22, 0x22, 0x40, 0x44, 0x04, 0x00, 0xec, 0x4a, 0x17, 0x05, 0x00, 0x76, 0x00, 0x5d, 0xbc, 0x4a, 0x27, 0x05, 0x00, 0x5e, 0x00, 0x5d,
    0xc0, 0x4a, 0x37, 0x05, 0x00, 0x60, 0x00, 0x5d, 0x11, 0x01, 0x22, 0x22, 0x40, 0x04, 0x04, 0x00, 0xc6, 0x4b, 0xc7, 0x04, 0x00, 0x63, 0x00, 0x5d,
    0xc4, 0x4b, 0xd7, 0x04, 0x00, 0x62, 0x00, 0x5d, 0xc8, 0x4b, 0xe7, 0x04, 0x00, 0x64, 0x00, 0x5d, 0x11, 0x01, 0x22, 0x22, 0x40, 0x44, 0x04, 0x08,
    0xca, 0x4b, 0xf7, 0x04, 0x00, 0x65, 0x00, 0x5d, 0xbe, 0x4b, 0x07, 0x05, 0x00, 0x5f, 0x00, 0x5d, 0xb8, 0x4b, 0x17, 0x05, 0x00, 0x5c, 0x00, 0x5d,
    0x11, 0x01, 0x42, 0x22, 0x00, 0x40, 0x20, 0x08, 0x7b, 0x4b, 0x27, 0x05, 0x80, 0x3d, 0x00, 0x5d, 0xae, 0x4b, 0x37, 0x05, 0x00, 0x57, 0x00, 0x5d,
    0xb2, 0x44, 0xc7, 0x04, 0x00, 0x59, 0x00, 0x5d, 0x31, 0x17, 0x20, 0x00, 0x00, 0x44, 0x00, 0x08, 0x48, 0x7e, 0x07, 0xc0, 0x02, 0x10, 0x4e, 0xef,
    0xb6, 0x44, 0xd7, 0x04, 0x00, 0x5b, 0x00, 0x5d, 0xb4, 0x44, 0xe7, 0x04, 0x00, 0x5a, 0x00, 0x5d, 0x11, 0x00, 0x22, 0x02, 0x40, 0x44, 0x00, 0x08,
    0xba, 0x44, 0xf7, 0x04, 0x00, 0x5d, 0x00, 0x5d, 0xaa, 0x44, 0x07, 0x05, 0x00, 0x55, 0x00, 0x5d, 0xf1, 0x44, 0x17, 0x05, 0x80, 0x78, 0x00, 0x5d,
    0x11, 0x00, 0x22, 0x00, 0x00, 0x44, 0x00, 0x08, 0xa8, 0x44, 0x27, 0x05, 0x00, 0x54, 0x00, 0x5d, 0xfb, 0x44, 0x37, 0x05, 0x80, 0x7d, 0x00, 0x5d,
    0x9a, 0x45, 0xc7, 0x04, 0x00, 0x4d, 0x00, 0x5d, 0x11, 0x00, 0x22, 0x02, 0x40, 0x44, 0x00, 0x08, 0x9e, 0x45, 0xd7, 0x04, 0x00, 0x4f, 0x00, 0x5d,
    0xa0, 0x45, 0xe7, 0x04, 0x00, 0x50, 0x00, 0x5d, 0xa2, 0x45, 0xf7, 0x04, 0x00, 0x51, 0x00, 0x5d, 0x11, 0x00, 0x22, 0x00, 0x00, 0x44, 0x00, 0x08,
    0x8d, 0x45, 0x07, 0x05, 0x80, 0x46, 0x00, 0x5d, 0x8b, 0x45, 0x17, 0x05, 0x80, 0x45, 0x00, 0x5d, 0x94, 0x45, 0x27, 0x05, 0x00, 0x4a, 0x00, 0x5d,
    0x11, 0x00, 0x20, 0x02, 0x40, 0x44, 0x00, 0x08, 0x92, 0x45, 0x37, 0x05, 0x00, 0x49, 0x00, 0x5d, 0x5e, 0x46, 0xc7, 0x04, 0x00, 0x2f, 0x00, 0x5d,
    0x8a, 0x46, 0xd7, 0x04, 0x00, 0x45, 0x00, 0x5d, 0x11, 0x00, 0x22, 0x00, 0x00, 0x44, 0x00, 0x08, 0x8c, 0x46, 0xe7, 0x04, 0x00, 0x46, 0x00, 0x5d,
    0x8e, 0x46, 0xf7, 0x04, 0x00, 0x47, 0x00, 0x5d, 0xf7, 0x46, 0x07, 0x05, 0x80, 0x7b, 0x00, 0x5d, 0x11, 0x00, 0x22, 0x02, 0x40, 0x44, 0x00, 0x00,
    0x90, 0x46, 0x17, 0x05, 0x00, 0x48, 0x00, 0x5d, 0x98, 0x46, 0x27, 0x05, 0x00, 0x4c, 0x00, 0x5d, 0x9c, 0x46, 0x37, 0x05, 0x00, 0x4e, 0x00, 0x5d,
    0x11, 0x00, 0x22, 0x00, 0x00, 0x44, 0x00, 0x08, 0x5f, 0x47, 0xc7, 0x04, 0x80, 0x2f, 0x00, 0x5d, 0x5c, 0x47, 0xd7, 0x04, 0x00, 0x2e, 0x00, 0x5d,
    0x7c, 0x47, 0xe7, 0x04, 0x00, 0x3e, 0x00, 0x5d, 0x72, 0x40, 0x02, 0x26, 0x40, 0xc4, 0x3f, 0x00, 0x8f, 0x47, 0xf7, 0x04, 0x80, 0x47, 0x00, 0x5d,
    0xa6, 0x47, 0x07, 0x05, 0x00, 0x53, 0x00, 0x5d, 0x4c, 0x7e, 0x07, 0xf0, 0x02, 0x10, 0x4e, 0xef, 0x11, 0x00, 0x22, 0x12, 0x50, 0x08, 0x81, 0x00,
    0x77, 0x47, 0x17, 0x05, 0x80, 0x3b, 0x00, 0x5d, 0xac, 0x47, 0x27, 0x05, 0x00, 0x56, 0x00, 0x5d, 0xb0, 0x47, 0x37, 0x05, 0x00, 0x58, 0x00, 0x5d,
    0x30, 0x11, 0xa0, 0xe3, 0x01, 0x40, 0x04, 0x08, 0xc2, 0x48, 0x47, 0x05, 0x00, 0x61, 0x00, 0x5d, 0x44, 0x7e, 0x07, 0xd0, 0x02, 0x10, 0x4e, 0xef,
    0xe2, 0x48, 0x57, 0x05, 0x00, 0x71, 0x00, 0x5d, 0xf1, 0x07, 0x20, 0x22, 0x40, 0x44, 0x04, 0x08, 0x50, 0x78, 0x07, 0xe0, 0x06, 0x10, 0x4e, 0xef,
    0xd4, 0x48, 0x67, 0x05, 0x00, 0x6a, 0x00, 0x5d, 0xce, 0x48, 0x77, 0x05, 0x00, 0x67, 0x00, 0x5d, 0x11, 0x01, 0x22, 0x20, 0x00, 0x44, 0x04, 0x08,
    0xd2, 0x48, 0x87, 0x05, 0x00, 0x69, 0x00, 0x5d, 0xd6, 0x48, 0x97, 0x05, 0x00, 0x6b, 0x00, 0x5d, 0xd0, 0x48, 0xa7, 0x05, 0x00, 0x68, 0x00, 0x5d,
    0x11, 0x01, 0x20, 0x22, 0x40, 0x44, 0x04, 0x08, 0xe6, 0x48, 0xb7, 0x05, 0x00, 0x73, 0x00, 0x5d, 0xea, 0x49, 0x47, 0x05, 0x80, 0x48, 0x00, 0x5d,
    0xa4, 0x49, 0x57, 0x05, 0x00, 0x52, 0x00, 0x5d, 0x11, 0x01, 0x22, 0x20, 0x00, 0x44, 0x04, 0x08, 0x7f, 0x49, 0x67, 0x05, 0x80, 0x3f, 0x00, 0x5d,
    0xd8, 0x49, 0x77, 0x05, 0x00, 0x6c, 0x00, 0x5d, 0xda, 0x49, 0x87, 0x05, 0x00, 0x6d, 0x00, 0x5d, 0x11, 0x01, 0x22, 0x22, 0x40, 0x44, 0x04, 0x00,
    0xde, 0x49, 0x97, 0x05, 0x00, 0x6f, 0x00, 0x5d, 0xcc, 0x49, 0xa7, 0x05, 0x00, 0x66, 0x00, 0x5d, 0xe0, 0x49, 0xb7, 0x05, 0x00, 0x70, 0x00, 0x5d,
    0x11, 0x01, 0x22, 0x20, 0x00, 0x44, 0x04, 0x08, 0xee, 0x4a, 0x47, 0x05, 0x00, 0x6e, 0x00, 0x5d, 0xe4, 0x4a, 0x57, 0x05, 0x00, 0x72, 0x00, 0x5d,
    0xe8, 0x4a, 0x67, 0x05, 0x00, 0x74, 0x00, 0x5d, 0x11, 0x01, 0x22, 0x22, 0x40, 0x44, 0x04, 0x08, 0xf0, 0x4a, 0x77, 0x05, 0x00, 0x78, 0x00, 0x5d,
    0x93, 0x4a, 0x87, 0x05, 0x80, 0x49, 0x00, 0x5d, 0xec, 0x4a, 0x97, 0x05, 0x00, 0x76, 0x00, 0x5d, 0x11, 0x01, 0x22, 0x20, 0x00, 0x44, 0x04, 0x08,
    0xbc, 0x4a, 0xa7, 0x05, 0x00, 0x5e, 0x00, 0x5d, 0xc0, 0x4a, 0xb7, 0x05, 0x00, 0x60, 0x00, 0x5d, 0xf2, 0x4b, 0x47, 0x05, 0x00, 0x63, 0x00, 0x5d,
    0x11, 0x01, 0x22, 0x22, 0x40, 0x44, 0x04, 0x08, 0xf4, 0x4b, 0x57, 0x05, 0x00, 0x62, 0x00, 0x5d, 0xc8, 0x4b, 0x67, 0x05, 0x00, 0x64, 0x00, 0x5d,
    0xca, 0x4b, 0x77, 0x05, 0x00, 0x65, 0x00, 0x5d, 0x11, 0x01, 0x22, 0x20, 0x00, 0x44, 0x04, 0x08, 0xbe, 0x4b, 0x87, 0x05, 0x00, 0x5f, 0x00, 0x5d,
    0xb8, 0x4b, 0x97, 0x05, 0x00, 0x5c, 0x00, 0x5d, 0x7b, 0x4b, 0xa7, 0x05, 0x80, 0x3d, 0x00, 0x5d, 0x12, 0x01, 0x00, 0x02, 0x81, 0xc4, 0x4c, 0x00,
    0xae, 0x4b, 0xb7, 0x05, 0x00, 0x57, 0x00, 0x5d, 0x97, 0x45, 0x67, 0x05, 0x00, 0x50, 0x00, 0x5d, 0x48, 0x7e, 0x07, 0xe0, 0x02, 0x10, 0x4e, 0xef,
    0x11, 0x00, 0x22, 0x02, 0x40, 0x04, 0x00, 0x00, 0xf6, 0x44, 0x47, 0x05, 0x00, 0x59, 0x00, 0x5d, 0xfa, 0x44, 0x57, 0x05, 0x00, 0x5b, 0x00, 0x5d,
    0xf8, 0x44, 0x67, 0x05, 0x00, 0x5a, 0x00, 0x5d, 0x11, 0x00, 0x22, 0x46, 0xc0, 0x44, 0x20, 0x00, 0xfc, 0x45, 0x57, 0x05, 0x00, 0x4f, 0x00, 0x5d,
    0xfe, 0x45, 0x77, 0x05, 0x00, 0x51, 0x00, 0x5d, 0xa0, 0x45, 0xa7, 0x05, 0x00, 0x4a, 0x00, 0x5d, 0x11, 0x00, 0x20, 0x02, 0x40, 0x04, 0x00, 0x00,
    0x8c, 0x46, 0x67, 0x05, 0x00, 0x46, 0x00, 0x5d, 0xba, 0x44, 0x77, 0x05, 0x00, 0x5d, 0x00, 0x5d, 0xaa, 0x44, 0x87, 0x05, 0x00, 0x55, 0x00, 0x5d,
    0x11, 0x00, 0x26, 0x02, 0x40, 0x44, 0x00, 0x00, 0x91, 0x44, 0x97, 0x05, 0x80, 0x78, 0x00, 0x5d, 0xa8, 0x44, 0xa7, 0x05, 0x00, 0x54, 0x00, 0x5d,
    0xfb, 0x44, 0xb7, 0x05, 0x80, 0x7d, 0x00, 0x5d, 0x11, 0x00, 0x22, 0x02, 0x40, 0x04, 0x88, 0x00, 0x9a, 0x45, 0x47, 0x05, 0x00, 0x4d, 0x00, 0x5d,
    0x9e, 0x45, 0x87, 0x05, 0x80, 0x46, 0x00, 0x5d, 0xa2, 0x45, 0x97, 0x05, 0x80, 0x45, 0x00, 0x5d, 0x11, 0x02, 0x20, 0x46, 0x40, 0x44, 0x28, 0x08,
    0xb2, 0x45, 0xb7, 0x05, 0x00, 0x49, 0x00, 0x5d, 0x5e, 0x46, 0x47, 0x05, 0x00, 0x2f, 0x00, 0x5d, 0x94, 0x46, 0x57, 0x05, 0x00, 0x45, 0x00, 0x5d,
    0x11, 0x02, 0x22, 0x42, 0x40, 0x04, 0x08, 0x00, 0xf9, 0x46, 0x77, 0x05, 0x00, 0x47, 0x00, 0x5d, 0xb4, 0x46, 0x87, 0x05, 0x80, 0x7b, 0x00, 0x5d,
    0x90, 0x46, 0x97, 0x05, 0x00, 0x48, 0x00, 0x5d, 0x11, 0x02, 0x22, 0x42, 0x00, 0x44, 0x08, 0x08, 0x98, 0x46, 0xa7, 0x05, 0x00, 0x4c, 0x00, 0x5d,
    0xc4, 0x46, 0xb7, 0x05, 0x00, 0x4e, 0x00, 0x5d, 0x5f, 0x47, 0x47, 0x05, 0x80, 0x2f, 0x00, 0x5d, 0x11, 0x02, 0x22, 0x42, 0x40, 0x84, 0x05, 0x01,
    0x5c, 0x47, 0x57, 0x05, 0x00, 0x2e, 0x00, 0x5d, 0x56, 0x47, 0x67, 0x05, 0x00, 0x3e, 0x00, 0x5d, 0x7e, 0x47, 0x77, 0x05, 0x80, 0x47, 0x00, 0x5d,
    0x11, 0x02, 0x22, 0x42, 0x40, 0x44, 0x0a, 0x0a, 0xb6, 0x47, 0x87, 0x05, 0x00, 0x53, 0x00, 0x5d, 0xc6, 0x47, 0x97, 0x05, 0x80, 0x3b, 0x00, 0x5d,
    0xac, 0x47, 0xa7, 0x05, 0x00, 0x56, 0x00, 0x5d, 0x12, 0x02, 0x00, 0x22, 0x02, 0x74, 0x89, 0x00, 0xdc, 0x47, 0xb7, 0x05, 0x00, 0x58, 0x00, 0x5d,
    0x8f, 0x49, 0x07, 0x05, 0x00, 0x75, 0x00, 0x5d, 0x44, 0x78, 0x07, 0xf0, 0x06, 0x10, 0x4e, 0xef, 0x10, 0x08, 0x20, 0xfe, 0x00, 0x04, 0x00, 0x00,
    0x7c, 0x4e, 0x17, 0x05, 0x00, 0x4a, 0x00, 0x5d, 0x58, 0x76, 0x07, 0x00, 0x07, 0x10, 0x4e, 0xef, 0x8a, 0x4a, 0x07, 0x05, 0x00, 0x77, 0x00, 0x5d,
    0x11, 0x00, 0x26, 0x02, 0x00, 0xc4, 0x44, 0x18, 0x92, 0x4d, 0x07, 0x05, 0x00, 0x4d, 0x00, 0x5d, 0xf7, 0x4d, 0x17, 0x05, 0x00, 0x7e, 0x00, 0x5d,
    0xea, 0x48, 0x27, 0x05, 0x00, 0x6a, 0x00, 0x5d, 0x11, 0x08, 0x20, 0x02, 0x80, 0x04, 0x00, 0x00, 0x94, 0x4e, 0x27, 0x05, 0x00, 0x46, 0x00, 0x5d,
    0xc2, 0x48, 0x07, 0x05, 0x00, 0x61, 0x00, 0x5d, 0x8b, 0x4b, 0x07, 0x05, 0x00, 0x79, 0x00, 0x5d, 0x11, 0x00, 0x24, 0x02, 0x80, 0x44, 0x00, 0x00,
    0xf1, 0x4c, 0x07, 0x05, 0x00, 0x7b, 0x00, 0x5d, 0x5e, 0x4e, 0x07, 0x05, 0x00, 0x2f, 0x00, 0x5d, 0x5f, 0x4f, 0x07, 0x05, 0x80, 0x2f, 0x00, 0x5d,
    0x11, 0x00, 0x24, 0x02, 0x80, 0x04, 0x00, 0x00, 0xe2, 0x48, 0x17, 0x05, 0x00, 0x71, 0x00, 0x5d, 0xa4, 0x49, 0x17, 0x05, 0x00, 0x52, 0x00, 0x5d,
    0xe4, 0x4a, 0x17, 0x05, 0x00, 0x72, 0x00, 0x5d, 0x11, 0x00, 0x26, 0x02, 0x80, 0x44, 0x00, 0x00, 0x8e, 0x4b, 0x17, 0x05, 0x00, 0x7a, 0x00, 0x5d,
    0x8d, 0x4c, 0x17, 0x05, 0x00, 0x7d, 0x00, 0x5d, 0x5c, 0x4f, 0x17, 0x05, 0x00, 0x2e, 0x00, 0x5d, 0x11, 0x11, 0x24, 0x22, 0x80, 0x04, 0x04, 0x00,
    0xd4, 0x49, 0x27, 0x05, 0x80, 0x3f, 0x00, 0x5d, 0xe8, 0x4a, 0x27, 0x05, 0x00, 0x74, 0x00, 0x5d, 0xc8, 0x4b, 0x27, 0x05, 0x00, 0x64, 0x00, 0x5d,
    0x11, 0x01, 0x24, 0x22, 0x80, 0x48, 0x88, 0x00, 0x77, 0x4c, 0x27, 0x05, 0x00, 0x7c, 0x00, 0x5d, 0x9c, 0x4d, 0x27, 0x05, 0x80, 0x4b, 0x00, 0x5d,
    0x78, 0x4f, 0x27, 0x05, 0x00, 0x2b, 0x00, 0x5d, 0x10, 0x01, 0x24, 0xfe, 0x04, 0x44, 0x05, 0x10, 0xee, 0x48, 0x37, 0x05, 0x00, 0x67, 0x00, 0x5d,
    0x54, 0x76, 0x07, 0x10, 0x07, 0x10, 0x4e, 0xef, 0xd8, 0x49, 0x37, 0x05, 0x00, 0x6c, 0x00, 0x5d, 0x01, 0x01, 0x20, 0x22, 0x80, 0x44, 0x04, 0x10,
    0xfc, 0x4a, 0x37, 0x05, 0x00, 0x78, 0x00, 0x5d, 0xca, 0x4b, 0x37, 0x05, 0x00, 0x65, 0x00, 0x5d, 0xa6, 0x4c, 0x37, 0x05, 0x00, 0x5d, 0x00, 0x5d,
    0x31, 0x01, 0x24, 0x22, 0x81, 0xc8, 0x05, 0x01, 0x9a, 0x4d, 0x37, 0x05, 0x00, 0x7f, 0x00, 0x5d, 0x8c, 0x4e, 0x37, 0x05, 0x80, 0x7c, 0x00, 0x5d,
    0x7e, 0x4f, 0x37, 0x05, 0x00, 0x3f, 0x00, 0x5d, 0x10, 0x00, 0x22, 0xe6, 0x02, 0x04, 0x00, 0x00, 0xf6, 0x48, 0x47, 0x04, 0x00, 0x69, 0x00, 0x5d,
    0x50, 0xf3, 0x07, 0x00, 0x03, 0x10, 0x4e, 0xef, 0xfe, 0x48, 0x57, 0x04, 0x00, 0x6b, 0x00, 0x5d, 0x11, 0x00, 0x26, 0x02, 0x80, 0x44, 0x00, 0x08,
    0xd0, 0x48, 0x67, 0x04, 0x00, 0x68, 0x00, 0x5d, 0xe6, 0x48, 0x77, 0x04, 0x00, 0x73, 0x00, 0x5d, 0xf5, 0x49, 0x47, 0x04, 0x00, 0x6d, 0x00, 0x5d,
    0x11, 0x00, 0x22, 0x02, 0x40, 0x04, 0x00, 0x00, 0xde, 0x49, 0x57, 0x04, 0x00, 0x6f, 0x00, 0x5d, 0xcc, 0x49, 0x67, 0x04, 0x00, 0x66, 0x00, 0x5d,
    0xe0, 0x49, 0x77, 0x04, 0x00, 0x70, 0x00, 0x5d, 0x11, 0x00, 0x26, 0x46, 0x40, 0x44, 0x28, 0x08, 0x93, 0x4a, 0x47, 0x04, 0x80, 0x49, 0x00, 0x5d,
    0xec, 0x4a, 0x57, 0x04, 0x00, 0x76, 0x00, 0x5d, 0x48, 0x4a, 0x67, 0x04, 0x00, 0x5e, 0x00, 0x5d, 0x11, 0x00, 0x24, 0x42, 0x04, 0x04, 0x08, 0x00,
    0xfa, 0x4d, 0x77, 0x04, 0x00, 0x59, 0x00, 0x5d, 0x4a, 0x4a, 0x77, 0x04, 0x00, 0x60, 0x00, 0x5d, 0x49, 0x4b, 0x47, 0x04, 0x00, 0x5f, 0x00, 0x5d,
    0x11, 0x02, 0x26, 0x42, 0xc0, 0x44, 0x08, 0x00, 0x97, 0x4b, 0x57, 0x04, 0x00, 0x5c, 0x00, 0x5d, 0xf9, 0x4b, 0x67, 0x04, 0x80, 0x3d, 0x00, 0x5d,
    0xae, 0x4b, 0x77, 0x04, 0x00, 0x57, 0x00, 0x5d, 0x11, 0x02, 0x22, 0x42, 0x40, 0x04, 0x08, 0x00, 0xfd, 0x4c, 0x47, 0x04, 0x00, 0x55, 0x00, 0x5d,
    0x91, 0x4c, 0x57, 0x04, 0x80, 0x48, 0x00, 0x5d, 0x79, 0x4c, 0x67, 0x04, 0x00, 0x54, 0x00, 0x5d, 0x11, 0x02, 0x20, 0x42, 0xc0, 0x44, 0x08, 0x18,
    0x9b, 0x4c, 0x77, 0x04, 0x80, 0x7d, 0x00, 0x5d, 0xf2, 0x4d, 0x47, 0x04, 0x00, 0x4f, 0x00, 0x5d, 0xf4, 0x4d, 0x57, 0x04, 0x00, 0x51, 0x00, 0x5d,
    0x11, 0x02, 0x20, 0x42, 0x40, 0x04, 0x08, 0x00, 0xf8, 0x4d, 0x67, 0x04, 0x00, 0x50, 0x00, 0x5d, 0xb4, 0x4e, 0x47, 0x04, 0x00, 0x5a, 0x00, 0x5d,
    0x90, 0x4e, 0x57, 0x04, 0x00, 0x48, 0x00, 0x5d, 0x11, 0x02, 0x26, 0x46, 0x80, 0x44, 0x28, 0x08, 0x98, 0x4e, 0x67, 0x04, 0x00, 0x4c, 0x00, 0x5d,
    0x7f, 0x4e, 0x77, 0x04, 0x00, 0x62, 0x00, 0x5d, 0xb2, 0x4f, 0x47, 0x04, 0x00, 0x5b, 0x00, 0x5d, 0x11, 0x02, 0x22, 0x52, 0x50, 0x08, 0x08, 0x00,
    0xc6, 0x4f, 0x57, 0x04, 0x00, 0x63, 0x00, 0x5d, 0xb0, 0x4f, 0x67, 0x04, 0x00, 0x56, 0x00, 0x5d, 0xba, 0x4f, 0x77, 0x04, 0x00, 0x6e, 0x00, 0x5d,
    0x10, 0x11, 0xa0, 0xeb, 0x04, 0x40, 0x00, 0x08, 0xce, 0x50, 0x87, 0x05, 0x00, 0x61, 0x00, 0x5d, 0x44, 0xf3, 0x07, 0x10, 0x03, 0x10, 0x4e, 0xef,
    0xf0, 0x50, 0x67, 0x05, 0x00, 0x68, 0x00, 0x5d, 0xf1, 0x07, 0x20, 0x02, 0xc0, 0x44, 0x00, 0x10, 0x4c, 0x76, 0x07, 0x20, 0x07, 0x10, 0x4e, 0xef,
    0xb8, 0x51, 0xa7, 0x05, 0x00, 0x6a, 0x00, 0x5d, 0xd2, 0x50, 0xa7, 0x05, 0x00, 0x75, 0x00, 0x5d, 0x31, 0x11, 0x20, 0x00, 0x01, 0x44, 0x00, 0x18,
    0xc2, 0x51, 0xb7, 0x05, 0x00, 0x6c, 0x00, 0x5d, 0xd0, 0x52, 0xa7, 0x05, 0x00, 0x74, 0x00, 0x5d, 0xd4, 0x52, 0x47, 0x05, 0x80, 0x49, 0x00, 0x5d,
    0x11, 0x00, 0x20, 0x02, 0x40, 0x44, 0x00, 0x10, 0xea, 0x50, 0x47, 0x05, 0x00, 0x7b, 0x00, 0x5d, 0x7b, 0x51, 0x97, 0x05, 0x00, 0x52, 0x00, 0x5d,
    0xc4, 0x51, 0x77, 0x05, 0x00, 0x70, 0x00, 0x5d, 0x31, 0x11, 0x22, 0x20, 0x01, 0x48, 0x04, 0x00, 0xd8, 0x52, 0x67, 0x05, 0x00, 0x24, 0x00, 0x5d,
    0xe8, 0x52, 0x77, 0x05, 0x00, 0x25, 0x00, 0x5d, 0x93, 0x53, 0x47, 0x05, 0x80, 0x24, 0x00, 0x5d, 0x10, 0x00, 0x22, 0xe6, 0x02, 0x44, 0x00, 0x08,
    0xd6, 0x50, 0x97, 0x05, 0x00, 0x71, 0x00, 0x5d, 0x48, 0xf3, 0x07, 0x20, 0x03, 0x10, 0x4e, 0xef, 0xda, 0x50, 0xb7, 0x05, 0x00, 0x77, 0x00, 0x5d,
    0x11, 0x00, 0x20, 0x02, 0x40, 0x04, 0x00, 0x00, 0xf6, 0x50, 0x77, 0x05, 0x00, 0x73, 0x00, 0x5d, 0xc0, 0x51, 0x57, 0x05, 0x00, 0x6f, 0x00, 0x5d,
    0xbc, 0x51, 0x67, 0x05, 0x00, 0x66, 0x00, 0x5d, 0x11, 0x00, 0x26, 0x46, 0x00, 0x44, 0x20, 0x00, 0xe0, 0x52, 0x57, 0x05, 0x00, 0x76, 0x00, 0x5d,
    0xa4, 0x53, 0x77, 0x05, 0x00, 0x57, 0x00, 0x5d, 0xee, 0x50, 0x57, 0x05, 0x00, 0x7f, 0x00, 0x5d, 0x11, 0x00, 0x26, 0x02, 0x00, 0x84, 0x00, 0x00,
    0xb6, 0x51, 0x87, 0x05, 0x80, 0x47, 0x00, 0x5d, 0xbe, 0x51, 0x47, 0x05, 0x80, 0x7a, 0x00, 0x5d, 0xcc, 0x52, 0x87, 0x05, 0x00, 0x45, 0x00, 0x5d,
    0x11, 0x00, 0x26, 0x02, 0x80, 0x44, 0x00, 0x08, 0xe4, 0x52, 0x97, 0x05, 0x00, 0x72, 0x00, 0x5d, 0xdc, 0x52, 0xb7, 0x05, 0x00, 0x7e, 0x00, 0x5d,
    0xde, 0x53, 0x87, 0x05, 0x80, 0x45, 0x00, 0x5d, 0x11, 0x00, 0x22, 0x02, 0x40, 0x04, 0x00, 0x00, 0xe2, 0x53, 0x97, 0x05, 0x00, 0x47, 0x00, 0x5d,
    0xec, 0x53, 0xa7, 0x05, 0x00, 0x64, 0x00, 0x5d, 0xe6, 0x53, 0xb7, 0x05, 0x00, 0x65, 0x00, 0x5d, 0x11, 0x00, 0x46, 0x02, 0x00, 0xc0, 0x88, 0x08,
    0xa8, 0x53, 0x57, 0x05, 0x80, 0x4b, 0x00, 0x5d, 0xa0, 0x53, 0x67, 0x05, 0x80, 0x7c, 0x00, 0x5d, 0xae, 0x44, 0xb7, 0x05, 0x00, 0x53, 0x00, 0x5d,
    0x11, 0x0f, 0x20, 0x22, 0x80, 0x44, 0x88, 0x08, 0x50, 0x76, 0x07, 0x30, 0x07, 0x10, 0x4e, 0xef, 0x8e, 0x46, 0x57, 0x05, 0x00, 0x48, 0x00, 0x5d,
    0xa6, 0x44, 0x57, 0x05, 0x80, 0x48, 0x00, 0x5d, 0x01, 0x01, 0x20, 0x22, 0xc0, 0x44, 0x88, 0x00, 0xaa, 0x44, 0x97, 0x05, 0x80, 0x46, 0x00, 0x5d,
    0x8f, 0x45, 0x87, 0x05, 0x00, 0x49, 0x00, 0x5d, 0x91, 0x45, 0x97, 0x05, 0x80, 0x7b, 0x00, 0x5d, 0x11, 0x00, 0x22, 0x22, 0x02, 0x44, 0x00, 0x08,
    0x8b, 0x46, 0x47, 0x05, 0x00, 0x5a, 0x00, 0x5d, 0x90, 0x46, 0x67, 0x05, 0x00, 0x4c, 0x00, 0x5d, 0xf1, 0x44, 0x87, 0x05, 0x80, 0x78, 0x00, 0x5d,
    0x01, 0x00, 0x20, 0x02, 0xc0, 0x44, 0x00, 0x08, 0x77, 0x44, 0xa7, 0x05, 0x80, 0x3b, 0x00, 0x5d, 0xfb, 0x44, 0x47, 0x05, 0x80, 0x7e, 0x00, 0x5d,
    0x9e, 0x44, 0x67, 0x05, 0x80, 0x3c, 0x00, 0x5d, 0x11, 0x00, 0x20, 0x02, 0x40, 0x44, 0x00, 0x08, 0xa2, 0x44, 0x77, 0x05, 0x80, 0x4d, 0x00, 0x5d,
    0x9c, 0x45, 0xa7, 0x05, 0x00, 0x4e, 0x00, 0x5d, 0x9a, 0x45, 0xb7, 0x05, 0x00, 0x4d, 0x00, 0x5d, 0x01, 0x00, 0x20, 0x42, 0x44, 0x44, 0x08, 0x08,
    0x8d, 0x45, 0x47, 0x05, 0x00, 0x79, 0x00, 0x5d, 0xf7, 0x45, 0x57, 0x05, 0x00, 0x7a, 0x00, 0x5d, 0x8a, 0x45, 0x67, 0x05, 0x00, 0x7c, 0x00, 0x5d,
    0x11, 0x02, 0x20, 0x02, 0x40, 0x44, 0x00, 0x08, 0x92, 0x45, 0x77, 0x05, 0x00, 0x7d, 0x00, 0x5d, 0x5e, 0x46, 0x87, 0x05, 0x00, 0x2f, 0x00, 0x5d,
    0x7c, 0x46, 0x97, 0x05, 0x00, 0x3e, 0x00, 0x5d, 0x01, 0x00, 0x20, 0x02, 0xc0, 0xc4, 0x48, 0x00, 0x94, 0x46, 0xa7, 0x05, 0x00, 0x4a, 0x00, 0x5d,
    0x8c, 0x46, 0xb7, 0x05, 0x00, 0x46, 0x00, 0x5d, 0x98, 0x46, 0x77, 0x05, 0x80, 0x3f, 0x00, 0x5d, 0x11, 0x00, 0x22, 0x02, 0x40, 0x44, 0x00, 0x08,
    0x5f, 0x47, 0x87, 0x05, 0x80, 0x2f, 0x00, 0x5d, 0x5c, 0x47, 0x97, 0x05, 0x00, 0x2e, 0x00, 0x5d, 0x78, 0x47, 0xa7, 0x05, 0x00, 0x3c, 0x00, 0x5d,
    0x62, 0x40, 0x00, 0x46, 0x40, 0xc4, 0x3f, 0x00, 0x7e, 0x47, 0xb7, 0x05, 0x00, 0x3f, 0x00, 0x5d, 0xb2, 0x47, 0x47, 0x05, 0x00, 0x59, 0x00, 0x5d,
    0x58, 0x76, 0x07, 0x50, 0x07, 0x10, 0x4e, 0xef, 0x11, 0x00, 0x22, 0x52, 0x50, 0x48, 0x08, 0x00, 0xac, 0x47, 0x57, 0x05, 0x00, 0x63, 0x00, 0x5d,
    0xb0, 0x47, 0x67, 0x05, 0x00, 0x58, 0x00, 0x5d, 0xb4, 0x47, 0x77, 0x05, 0x00, 0x5d, 0x00, 0x5d, 0x10, 0x08, 0xa0, 0xeb, 0x04, 0xc0, 0x04, 0x00,
    0xc6, 0x4a, 0xc7, 0x04, 0x00, 0x66, 0x00, 0x5d, 0x44, 0xf3, 0x07, 0x30, 0x03, 0x10, 0x4e, 0xef, 0xba, 0x48, 0xc7, 0x04, 0x00, 0x67, 0x00, 0x5d,
    0xf1, 0x07, 0x20, 0x00, 0x01, 0x44, 0x00, 0x08, 0x54, 0x76, 0x07, 0x40, 0x07, 0x10, 0x4e, 0xef, 0xcc, 0x4a, 0xd7, 0x04, 0x00, 0x72, 0x00, 0x5d,
    0x7f, 0x48, 0xe7, 0x04, 0x00, 0x69, 0x00, 0x5d, 0x31, 0x11, 0x22, 0x02, 0x01, 0x44, 0x00, 0x08, 0xce, 0x48, 0xf7, 0x04, 0x00, 0x6d, 0x00, 0x5d,
    0xe4, 0x4a, 0x37, 0x05, 0x00, 0x74, 0x00, 0x5d, 0xd6, 0x48, 0xd7, 0x04, 0x00, 0x6b, 0x00, 0x5d, 0x11, 0x00, 0x22, 0x00, 0x00, 0x44, 0x00, 0x08,
    0xd2, 0x48, 0x07, 0x05, 0x00, 0x75, 0x00, 0x5d, 0xca, 0x48, 0x17, 0x05, 0x00, 0x77, 0x00, 0x5d, 0xc8, 0x48, 0x27, 0x05, 0x00, 0x78, 0x00, 0x5d,
    0x11, 0x11, 0x20, 0x22, 0x40, 0x44, 0x04, 0x08, 0xda, 0x48, 0x37, 0x05, 0x00, 0x7b, 0x00, 0x5d, 0xb6, 0x49, 0xc7, 0x04, 0x00, 0x5b, 0x00, 0x5d,
    0x7b, 0x49, 0xd7, 0x04, 0x80, 0x3d, 0x00, 0x5d, 0x11, 0x01, 0x22, 0x20, 0x00, 0x44, 0x04, 0x08, 0xb8, 0x49, 0xe7, 0x04, 0x00, 0x5c, 0x00, 0x5d,
    0xc2, 0x49, 0xf7, 0x04, 0x00, 0x61, 0x00, 0x5d, 0xbe, 0x49, 0x07, 0x05, 0x00, 0x5f, 0x00, 0x5d, 0x11, 0x01, 0x22, 0x22, 0x40, 0x44, 0x04, 0x00,
    0xc0, 0x49, 0x17, 0x05, 0x00, 0x60, 0x00, 0x5d, 0xbc, 0x49, 0x27, 0x05, 0x00, 0x5e, 0x00, 0x5d, 0xc4, 0x49, 0x37, 0x05, 0x00, 0x62, 0x00, 0x5d,
    0x11, 0x01, 0x22, 0x20, 0x00, 0x44, 0x04, 0x08, 0xd0, 0x4a, 0xe7, 0x04, 0x00, 0x68, 0x00, 0x5d, 0xdc, 0x4a, 0xf7, 0x04, 0x00, 0x6e, 0x00, 0x5d,
    0xd4, 0x4a, 0x07, 0x05, 0x00, 0x6a, 0x00, 0x5d, 0x11, 0x01, 0x22, 0x22, 0x00, 0x44, 0x04, 0x08, 0xe0, 0x4a, 0x17, 0x05, 0x00, 0x70, 0x00, 0x5d,
    0xd8, 0x4a, 0x27, 0x05, 0x00, 0x6c, 0x00, 0x5d, 0xde, 0x4b, 0xc7, 0x04, 0x00, 0x6f, 0x00, 0x5d, 0x31, 0x01, 0x22, 0x20, 0x01, 0x44, 0x04, 0x08,
    0xe2, 0x4b, 0xd7, 0x04, 0x00, 0x71, 0x00, 0x5d, 0xe8, 0x4b, 0xe7, 0x04, 0x00, 0x76, 0x00, 0x5d, 0xe6, 0x4b, 0xf7, 0x04, 0x00, 0x73, 0x00, 0x5d,
    0x11, 0x01, 0x22, 0x22, 0x40, 0x44, 0x04, 0x08, 0x93, 0x4b, 0x07, 0x05, 0x80, 0x49, 0x00, 0x5d, 0xa8, 0x4b, 0x17, 0x05, 0x00, 0x54, 0x00, 0x5d,
    0xa0, 0x4b, 0x27, 0x05, 0x00, 0x50, 0x00, 0x5d, 0x12, 0x01, 0x00, 0x42, 0x44, 0xc4, 0x5c, 0x00, 0xa4, 0x4b, 0x37, 0x05, 0x00, 0x52, 0x00, 0x5d,
    0xf1, 0x44, 0xc7, 0x04, 0x80, 0x78, 0x00, 0x5d, 0x48, 0xf3, 0x07, 0x40, 0x03, 0x10, 0x4e, 0xef, 0x01, 0x02, 0x20, 0x42, 0x40, 0x44, 0x08, 0x08,
    0xaa, 0x44, 0xd7, 0x04, 0x00, 0x55, 0x00, 0x5d, 0x77, 0x44, 0xe7, 0x04, 0x80, 0x3b, 0x00, 0x5d, 0xae, 0x44, 0xf7, 0x04, 0x00, 0x57, 0x00, 0x5d,
    0x11, 0x00, 0x22, 0x02, 0x40, 0x44, 0x00, 0x08, 0xfb, 0x44, 0x07, 0x05, 0x80, 0x7d, 0x00, 0x5d, 0xa6, 0x44, 0x17, 0x05, 0x00, 0x53, 0x00, 0x5d,
    0x9e, 0x44, 0x27, 0x05, 0x00, 0x4f, 0x00, 0x5d, 0x01, 0x00, 0x20, 0x42, 0x40, 0x44, 0x08, 0x08, 0xa2, 0x44, 0x37, 0x05, 0x00, 0x51, 0x00, 0x5d,
    0x8f, 0x45, 0xc7, 0x04, 0x80, 0x47, 0x00, 0x5d, 0x91, 0x45, 0xd7, 0x04, 0x80, 0x48, 0x00, 0x5d, 0x11, 0x02, 0x22, 0x42, 0x40, 0x44, 0x00, 0x08,
    0x9c, 0x45, 0xe7, 0x04, 0x00, 0x4e, 0x00, 0x5d, 0x9a, 0x45, 0xf7, 0x04, 0x00, 0x4d, 0x00, 0x5d, 0x8d, 0x45, 0x07, 0x05, 0x80, 0x46, 0x00, 0x5d,
    0x01, 0x00, 0x20, 0x02, 0x40, 0x44, 0x00, 0x00, 0xf7, 0x45, 0x17, 0x05, 0x80, 0x7b, 0x00, 0x5d, 0x8a, 0x45, 0x27, 0x05, 0x00, 0x45, 0x00, 0x5d,
    0x92, 0x45, 0x37, 0x05, 0x00, 0x49, 0x00, 0x5d, 0x11, 0x02, 0x22, 0x42, 0x40, 0x44, 0x08, 0x08, 0x5e, 0x46, 0xc7, 0x04, 0x00, 0x2f, 0x00, 0x5d,
    0x7c, 0x46, 0xd7, 0x04, 0x00, 0x3e, 0x00, 0x5d, 0x94, 0x46, 0xe7, 0x04, 0x00, 0x4a, 0x00, 0x5d, 0x01, 0x02, 0x20, 0x02, 0x40, 0x44, 0x00, 0x08,
    0x8c, 0x46, 0xf7, 0x04, 0x00, 0x46, 0x00, 0x5d, 0x8b, 0x46, 0x07, 0x05, 0x80, 0x45, 0x00, 0x5d, 0x8e, 0x46, 0x17, 0x05, 0x00, 0x47, 0x00, 0x5d,
    0x11, 0x00, 0x22, 0x02, 0x00, 0x44, 0x08, 0x08, 0x90, 0x46, 0x27, 0x05, 0x00, 0x48, 0x00, 0x5d, 0x98, 0x46, 0x37, 0x05, 0x00, 0x4c, 0x00, 0x5d,
    0x5f, 0x47, 0xc7, 0x04, 0x80, 0x2f, 0x00, 0x5d, 0x01, 0x02, 0x20, 0x42, 0x40, 0xc8, 0x09, 0x09, 0x5c, 0x47, 0xd7, 0x04, 0x00, 0x2e, 0x00, 0x5d,
    0x78, 0x47, 0xe7, 0x04, 0x00, 0x3c, 0x00, 0x5d, 0x7e, 0x47, 0xf7, 0x04, 0x00, 0x3f, 0x00, 0x5d, 0x10, 0x00, 0x22, 0xfe, 0x04, 0x44, 0x01, 0x08,
    0xb2, 0x47, 0x07, 0x05, 0x00, 0x59, 0x00, 0x5d, 0x4c, 0xf3, 0x07, 0x70, 0x03, 0x10, 0x4e, 0xef, 0xac, 0x47, 0x17, 0x05, 0x00, 0x56, 0x00, 0x5d,
    0x91, 0x80, 0x42, 0x00, 0x00, 0xc0, 0x44, 0x00, 0xb0, 0x47, 0x27, 0x05, 0x00, 0x58, 0x00, 0x5d, 0xb4, 0x47, 0x37, 0x05, 0x00, 0x5a, 0x00, 0x5d,
    0xba, 0x48, 0x47, 0x05, 0x00, 0x5d, 0x00, 0x5d, 0x1d, 0x0f, 0x00, 0x22, 0x40, 0xc4, 0x1f, 0x00, 0x44, 0xf3, 0x07, 0x50, 0x03, 0x10, 0x4e, 0xef,
    0xd6, 0x48, 0x57, 0x05, 0x00, 0x6b, 0x00, 0x5d, 0x50, 0xf3, 0x07, 0x60, 0x03, 0x10, 0x4e, 0xef, 0x11, 0x01, 0x22, 0x22, 0x40, 0x44, 0x04, 0x08,
    0x7f, 0x48, 0x67, 0x05, 0x80, 0x3f, 0x00, 0x5d, 0xce, 0x48, 0x77, 0x05, 0x00, 0x67, 0x00, 0x5d, 0xd2, 0x48, 0x87, 0x05, 0x00, 0x69, 0x00, 0x5d,
    0x01, 0x01, 0x20, 0x22, 0x40, 0x44, 0x04, 0x00, 0xca, 0x48, 0x97, 0x05, 0x00, 0x65, 0x00, 0x5d, 0xc8, 0x48, 0xa7, 0x05, 0x00, 0x64, 0x00, 0x5d,
    0xda, 0x48, 0xb7, 0x05, 0x00, 0x6d, 0x00, 0x5d, 0x11, 0x01, 0x22, 0x22, 0x40, 0x44, 0x04, 0x08, 0xea, 0x49, 0x47, 0x05, 0x00, 0x5b, 0x00, 0x5d,
    0x7b, 0x49, 0x57, 0x05, 0x80, 0x3d, 0x00, 0x5d, 0xb8, 0x49, 0x67, 0x05, 0x00, 0x5c, 0x00, 0x5d, 0x01, 0x01, 0x20, 0x22, 0x40, 0x44, 0x04, 0x08,
    0xc2, 0x49, 0x77, 0x05, 0x00, 0x61, 0x00, 0x5d, 0xbe, 0x49, 0x87, 0x05, 0x00, 0x5f, 0x00, 0x5d, 0xc0, 0x49, 0x97, 0x05, 0x00, 0x60, 0x00, 0x5d,
    0x11, 0x01, 0x22, 0x22, 0x00, 0x44, 0x04, 0x08, 0xbc, 0x49, 0xa7, 0x05, 0x00, 0x5e, 0x00, 0x5d, 0xc4, 0x49, 0xb7, 0x05, 0x00, 0x62, 0x00, 0x5d,
    0xc6, 0x4a, 0x47, 0x05, 0x00, 0x63, 0x00, 0x5d, 0x01, 0x01, 0x20, 0x22, 0x40, 0x44, 0x04, 0x08, 0xcc, 0x4a, 0x57, 0x05, 0x00, 0x66, 0x00, 0x5d,
    0xd0, 0x4a, 0x67, 0x05, 0x00, 0x68, 0x00, 0x5d, 0xdc, 0x4a, 0x77, 0x05, 0x00, 0x6e, 0x00, 0x5d, 0x11, 0x01, 0x22, 0x22, 0x40, 0x44, 0x04, 0x08,
    0xd4, 0x4a, 0x87, 0x05, 0x00, 0x6a, 0x00, 0x5d, 0xe0, 0x4a, 0x97, 0x05, 0x00, 0x70, 0x00, 0x5d, 0xd8, 0x4a, 0xa7, 0x05, 0x00, 0x6c, 0x00, 0x5d,
    0x01, 0x01, 0x20, 0x22, 0x40, 0x44, 0x04, 0x08, 0xe4, 0x4a, 0xb7, 0x05, 0x00, 0x72, 0x00, 0x5d, 0xde, 0x4b, 0x47, 0x05, 0x00, 0x6f, 0x00, 0x5d,
    0xe2, 0x4b, 0x57, 0x05, 0x00, 0x71, 0x00, 0x5d, 0x11, 0x01, 0x22, 0x22, 0x40, 0x44, 0x04, 0x08, 0xf0, 0x4b, 0x67, 0x05, 0x00, 0x74, 0x00, 0x5d,
    0xe6, 0x4b, 0x77, 0x05, 0x00, 0x73, 0x00, 0x5d, 0x93, 0x4b, 0x87, 0x05, 0x80, 0x49, 0x00, 0x5d, 0x01, 0x01, 0x20, 0x22, 0x40, 0x48, 0x04, 0x00,
    0xa8, 0x4b, 0x97, 0x05, 0x00, 0x54, 0x00, 0x5d, 0xa0, 0x4b, 0xa7, 0x05, 0x00, 0x50, 0x00, 0x5d, 0xa4, 0x4b, 0xb7, 0x05, 0x00, 0x52, 0x00, 0x5d,
    0x10, 0x08, 0x22, 0xe6, 0x02, 0x44, 0x00, 0x08, 0xee, 0x44, 0x47, 0x05, 0x80, 0x78, 0x00, 0x5d, 0x48, 0x76, 0x07, 0x60, 0x07, 0x10, 0x4e, 0xef,
    0xf4, 0x44, 0x67, 0x05, 0x80, 0x3b, 0x00, 0x5d, 0x11, 0x03, 0x20, 0x00, 0x00, 0x44, 0x00, 0x08, 0xae, 0x44, 0x77, 0x05, 0x00, 0x57, 0x00, 0x5d,
    0xf6, 0x45, 0x57, 0x05, 0x80, 0x48, 0x00, 0x5d, 0xf8, 0x45, 0x67, 0x05, 0x00, 0x4e, 0x00, 0x5d, 0x11, 0x00, 0x24, 0x62, 0x00, 0x44, 0x00, 0x08,
    0xfa, 0x45, 0x77, 0x05, 0x00, 0x4d, 0x00, 0x5d, 0xfc, 0x46, 0x77, 0x05, 0x00, 0x46, 0x00, 0x5d, 0xf2, 0x44, 0x57, 0x05, 0x00, 0x55, 0x00, 0x5d,
    0x11, 0x00, 0x22, 0x00, 0x00, 0x44, 0x00, 0x18, 0xfb, 0x44, 0x87, 0x05, 0x80, 0x7d, 0x00, 0x5d, 0xa6, 0x44, 0x97, 0x05, 0x00, 0x53, 0x00, 0x5d,
    0x9e, 0x44, 0xa7, 0x05, 0x00, 0x4f, 0x00, 0x5d, 0x11, 0x00, 0x20, 0x26, 0x40, 0x44, 0x20, 0x08, 0xa2, 0x44, 0xb7, 0x05, 0x00, 0x51, 0x00, 0x5d,
    0x8f, 0x45, 0x47, 0x05, 0x80, 0x47, 0x00, 0x5d, 0x9a, 0x45, 0x87, 0x05, 0x80, 0x46, 0x00, 0x5d, 0x11, 0x00, 0x22, 0x00, 0x00, 0x44, 0x00, 0x00,
    0x91, 0x45, 0x97, 0x05, 0x80, 0x7b, 0x00, 0x5d, 0x9c, 0x45, 0xa7, 0x05, 0x00, 0x45, 0x00, 0x5d, 0x77, 0x45, 0xb7, 0x05, 0x00, 0x49, 0x00, 0x5d,
    0x11, 0x00, 0x22, 0x02, 0x40, 0x44, 0x00, 0x08, 0x5e, 0x46, 0x47, 0x05, 0x00, 0x2f, 0x00, 0x5d, 0x7c, 0x46, 0x57, 0x05, 0x00, 0x3e, 0x00, 0x5d,
    0x94, 0x46, 0x67, 0x05, 0x00, 0x4a, 0x00, 0x5d, 0x11, 0x00, 0x22, 0x00, 0x00, 0x44, 0x00, 0x08, 0xf1, 0x46, 0x87, 0x05, 0x80, 0x45, 0x00, 0x5d,
    0xec, 0x46, 0x97, 0x05, 0x00, 0x47, 0x00, 0x5d, 0xe8, 0x46, 0xa7, 0x05, 0x00, 0x48, 0x00, 0x5d, 0x11, 0x00, 0x20, 0x02, 0x40, 0x44, 0x00, 0x08,
    0x98, 0x46, 0xb7, 0x05, 0x00, 0x4c, 0x00, 0x5d, 0x5f, 0x47, 0x47, 0x05, 0x80, 0x2f, 0x00, 0x5d, 0x5c, 0x47, 0x57, 0x05, 0x00, 0x2e, 0x00, 0x5d,
    0x11, 0x00, 0x22, 0x0c, 0x08, 0x44, 0x00, 0x08, 0x78, 0x47, 0x67, 0x05, 0x00, 0x3c, 0x00, 0x5d, 0x57, 0x47, 0x77, 0x05, 0x00, 0x3f, 0x00, 0x5d,
    0xb2, 0x47, 0x87, 0x05, 0x00, 0x59, 0x00, 0x5d, 0x51, 0x20, 0x22, 0x12, 0x50, 0x48, 0x00, 0x00, 0xb6, 0x47, 0x97, 0x05, 0x00, 0x56, 0x00, 0x5d,
    0xb0, 0x47, 0xa7, 0x05, 0x00, 0x58, 0x00, 0x5d, 0xb4, 0x47, 0xb7, 0x05, 0x00, 0x5a, 0x00, 0x5d, 0x30, 0x11, 0xa0, 0x63, 0x01, 0x40, 0x04, 0x00,
    0x8c, 0x52, 0x87, 0x04, 0x00, 0x63, 0x00, 0x5d, 0x44, 0x76, 0x07, 0x70, 0x07, 0x10, 0x4e, 0xef, 0xf3, 0x4e, 0x97, 0x04, 0x00, 0x3e, 0x00, 0x5d,
    0xf1, 0x07, 0x20, 0x00, 0x00, 0x44, 0x44, 0x08, 0x58, 0xef, 0x07, 0x80, 0x07, 0x10, 0x4e, 0xef, 0x7e, 0x4d, 0x87, 0x04, 0x80, 0x47, 0x00, 0x5d,
    0xc6, 0x50, 0x97, 0x04, 0x00, 0x6b, 0x00, 0x5d, 0x11, 0x00, 0x20, 0x02, 0x80, 0x44, 0x00, 0x10, 0x7c, 0x4e, 0xa7, 0x04, 0x00, 0x4a, 0x00, 0x5d,
    0xba, 0x50, 0x87, 0x04, 0x00, 0x5d, 0x00, 0x5d, 0xaa, 0x51, 0x87, 0x04, 0x00, 0x75, 0x00, 0x5d, 0x11, 0x00, 0x24, 0x00, 0x00, 0x44, 0x00, 0x10,
    0x8b, 0x53, 0x87, 0x04, 0x00, 0x6f, 0x00, 0x5d, 0xf7, 0x4c, 0x87, 0x04, 0x00, 0x77, 0x00, 0x5d, 0x5e, 0x4e, 0x87, 0x04, 0x00, 0x2f, 0x00, 0x5d,
    0x11, 0x00, 0x20, 0x02, 0x80, 0x44, 0x00, 0x10, 0x5f, 0x4f, 0x87, 0x04, 0x80, 0x2f, 0x00, 0x5d, 0x7b, 0x51, 0x97, 0x04, 0x80, 0x3d, 0x00, 0x5d,
    0xcc, 0x52, 0x97, 0x04, 0x00, 0x66, 0x00, 0x5d, 0x11, 0x00, 0x24, 0x00, 0x00, 0x44, 0x00, 0x10, 0x8e, 0x53, 0x97, 0x04, 0x00, 0x71, 0x00, 0x5d,
    0x8d, 0x4c, 0x97, 0x04, 0x00, 0x79, 0x00, 0x5d, 0x92, 0x4d, 0x97, 0x04, 0x00, 0x7b, 0x00, 0x5d, 0x11, 0x00, 0x20, 0x02, 0x80, 0x44, 0x00, 0x10,
    0x5c, 0x4f, 0x97, 0x04, 0x00, 0x2e, 0x00, 0x5d, 0x7f, 0x50, 0xa7, 0x04, 0x80, 0x3f, 0x00, 0x5d, 0x97, 0x51, 0xa7, 0x04, 0x00, 0x5c, 0x00, 0x5d,
    0x11, 0x00, 0x24, 0x00, 0x00, 0x44, 0x00, 0x10, 0xd0, 0x52, 0xa7, 0x04, 0x00, 0x68, 0x00, 0x5d, 0xac, 0x53, 0xa7, 0x04, 0x00, 0x78, 0x00, 0x5d,
    0x90, 0x4c, 0xa7, 0x04, 0x00, 0x7a, 0x00, 0x5d, 0x11, 0x00, 0x24, 0x02, 0x00, 0x44, 0x00, 0x10, 0x8a, 0x4d, 0xa7, 0x04, 0x00, 0x7c, 0x00, 0x5d,
    0x78, 0x4f, 0xa7, 0x04, 0x00, 0x3c, 0x00, 0x5d, 0xce, 0x50, 0xb7, 0x04, 0x00, 0x67, 0x00, 0x5d, 0x11, 0x11, 0x24, 0x00, 0x00, 0x44, 0x00, 0x10,
    0xd6, 0x51, 0xb7, 0x04, 0x00, 0x61, 0x00, 0x5d, 0xdc, 0x52, 0xb7, 0x04, 0x00, 0x6e, 0x00, 0x5d, 0xe6, 0x53, 0xb7, 0x04, 0x00, 0x73, 0x00, 0x5d,
    0x31, 0x01, 0x24, 0x02, 0x81, 0x44, 0x00, 0x10, 0xae, 0x4c, 0xb7, 0x04, 0x00, 0x57, 0x00, 0x5d, 0x8f, 0x4d, 0xb7, 0x04, 0x00, 0x7d, 0x00, 0x5d,
    0x94, 0x4e, 0xb7, 0x04, 0x00, 0x7e, 0x00, 0x5d, 0x72, 0x40, 0x00, 0x26, 0x02, 0xf4, 0x3f, 0x00, 0x76, 0x4f, 0xb7, 0x04, 0x80, 0x2b, 0x00, 0x5d,
    0xc2, 0x50, 0x47, 0x04, 0x00, 0x69, 0x00, 0x5d, 0x48, 0x7a, 0x07, 0x80, 0x03, 0x10, 0x4e, 0xef, 0x10, 0x01, 0x22, 0xe2, 0x00, 0x04, 0x04, 0x00,
    0xca, 0x50, 0x57, 0x04, 0x00, 0x65, 0x00, 0x5d, 0x54, 0xef, 0x07, 0x90, 0x07, 0x10, 0x4e, 0xef, 0xc8, 0x50, 0x67, 0x04, 0x00, 0x64, 0x00, 0x5d,
    0x11, 0x01, 0x20, 0x22, 0xc0, 0x44, 0x04, 0x18, 0xda, 0x50, 0x77, 0x04, 0x00, 0x6d, 0x00, 0x5d, 0xd4, 0x52, 0x47, 0x04, 0x00, 0x6a, 0x00, 0x5d,
    0xe0, 0x52, 0x57, 0x04, 0x00, 0x70, 0x00, 0x5d, 0x11, 0x01, 0x20, 0x42, 0x40, 0x84, 0x48, 0x00, 0xd8, 0x52, 0x67, 0x04, 0x00, 0x6c, 0x00, 0x5d,
    0x93, 0x53, 0x47, 0x04, 0x80, 0x49, 0x00, 0x5d, 0x50, 0x53, 0x57, 0x04, 0x00, 0x54, 0x00, 0x5d, 0x11, 0x02, 0x26, 0x42, 0x80, 0x44, 0x04, 0x08,
    0xf8, 0x53, 0x67, 0x04, 0x00, 0x50, 0x00, 0x5d, 0xe2, 0x53, 0x77, 0x04, 0x00, 0x52, 0x00, 0x5d, 0xd2, 0x51, 0x47, 0x04, 0x00, 0x5f, 0x00, 0x5d,
    0x11, 0x01, 0x22, 0x22, 0x40, 0x04, 0x04, 0x00, 0xc0, 0x51, 0x57, 0x04, 0x00, 0x60, 0x00, 0x5d, 0xbc, 0x51, 0x67, 0x04, 0x00, 0x5e, 0x00, 0x5d,
    0xc4, 0x51, 0x77, 0x04, 0x00, 0x62, 0x00, 0x5d, 0x11, 0x01, 0x24, 0x42, 0x44, 0x44, 0x00, 0x10, 0x52, 0x52, 0x77, 0x04, 0x00, 0x72, 0x00, 0x5d,
    0x53, 0x4c, 0x57, 0x04, 0x00, 0x53, 0x00, 0x5d, 0xf0, 0x4d, 0x67, 0x04, 0x00, 0x4e, 0x00, 0x5d, 0x11, 0x11, 0x22, 0x22, 0x40, 0x04, 0x04, 0x00,
    0x51, 0x4c, 0x47, 0x04, 0x80, 0x7d, 0x00, 0x5d, 0xfa, 0x4c, 0x67, 0x04, 0x00, 0x4f, 0x00, 0x5d, 0xa2, 0x4c, 0x77, 0x04, 0x00, 0x51, 0x00, 0x5d,
    0x11, 0x01, 0x26, 0x22, 0xc0, 0x44, 0x04, 0x00, 0xf2, 0x4d, 0x47, 0x04, 0x00, 0x4d, 0x00, 0x5d, 0xe4, 0x4d, 0x57, 0x04, 0x80, 0x48, 0x00, 0x5d,
    0xf4, 0x4d, 0x77, 0x04, 0x80, 0x3b, 0x00, 0x5d, 0x11, 0x01, 0x22, 0x22, 0x40, 0x84, 0x04, 0x00, 0xf1, 0x4e, 0x47, 0x04, 0x80, 0x78, 0x00, 0x5d,
    0xec, 0x4e, 0x57, 0x04, 0x00, 0x76, 0x00, 0x5d, 0xe8, 0x4e, 0x67, 0x04, 0x00, 0x74, 0x00, 0x5d, 0x11, 0x09, 0x24, 0x2a, 0x44, 0x44, 0x04, 0x08,
    0x9c, 0x4e, 0x77, 0x04, 0x00, 0x4c, 0x00, 0x5d, 0xa6, 0x4f, 0x47, 0x04, 0x00, 0x59, 0x00, 0x5d, 0xa0, 0x4f, 0x57, 0x04, 0x00, 0x5b, 0x00, 0x5d,
    0x11, 0x84, 0x42, 0x22, 0x00, 0x40, 0x10, 0x02, 0xa4, 0x4f, 0x67, 0x04, 0x00, 0x58, 0x00, 0x5d, 0xa8, 0x4f, 0x77, 0x04, 0x00, 0x5a, 0x00, 0x5d,
    0xb0, 0x49, 0x57, 0x05, 0x00, 0x60, 0x00, 0x5d, 0x3d, 0x17, 0x00, 0x02, 0x00, 0xc4, 0x1f, 0x00, 0x44, 0x7a, 0x07, 0x90, 0x03, 0x10, 0x4e, 0xef,
    0xde, 0x48, 0x67, 0x05, 0x00, 0x64, 0x00, 0x5d, 0x4c, 0xef, 0x07, 0xa0, 0x07, 0x10, 0x4e, 0xef, 0x01, 0x00, 0x20, 0x02, 0x40, 0x44, 0x00, 0x10,
    0xfb, 0x49, 0x87, 0x05, 0x00, 0x55, 0x00, 0x5d, 0x77, 0x49, 0x97, 0x05, 0x80, 0x3d, 0x00, 0x5d, 0xb6, 0x49, 0x77, 0x05, 0x00, 0x62, 0x00, 0x5d,
    0x11, 0x84, 0x24, 0x02, 0x40, 0x44, 0x00, 0x08, 0xc0, 0x4a, 0xa7, 0x05, 0x00, 0x68, 0x00, 0x5d, 0xb8, 0x48, 0xa7, 0x05, 0x80, 0x3f, 0x00, 0x5d,
    0xbe, 0x48, 0xb7, 0x05, 0x00, 0x67, 0x00, 0x5d, 0x21, 0x01, 0x20, 0x02, 0xc1, 0x44, 0x00, 0x18, 0xf6, 0x48, 0x77, 0x05, 0x00, 0x6d, 0x00, 0x5d,
    0xaa, 0x49, 0xb7, 0x05, 0x00, 0x6b, 0x00, 0x5d, 0xb2, 0x49, 0x47, 0x05, 0x00, 0x69, 0x00, 0x5d, 0x11, 0x00, 0x20, 0x02, 0x40, 0x44, 0x00, 0x08,
    0x7b, 0x49, 0x67, 0x05, 0x00, 0x5e, 0x00, 0x5d, 0xc4, 0x4a, 0xb7, 0x05, 0x00, 0x6e, 0x00, 0x5d, 0xc8, 0x4a, 0x47, 0x05, 0x00, 0x6a, 0x00, 0x5d,
    0x01, 0x84, 0x20, 0x02, 0xc0, 0x44, 0x00, 0x08, 0xd0, 0x4a, 0x67, 0x05, 0x00, 0x6c, 0x00, 0x5d, 0xba, 0x48, 0x87, 0x05, 0x00, 0x5d, 0x00, 0x5d,
    0xc6, 0x48, 0x97, 0x05, 0x00, 0x63, 0x00, 0x5d, 0x11, 0x00, 0x22, 0x02, 0x00, 0xc4, 0x04, 0x00, 0xc2, 0x48, 0x47, 0x05, 0x00, 0x61, 0x00, 0x5d,
    0xca, 0x48, 0x57, 0x05, 0x00, 0x65, 0x00, 0x5d, 0xb4, 0x49, 0xa7, 0x05, 0x80, 0x4b, 0x00, 0x5d, 0x01, 0x08, 0x20, 0x02, 0xc0, 0x44, 0x00, 0x08,
    0xbc, 0x4a, 0x87, 0x05, 0x00, 0x46, 0x00, 0x5d, 0xcc, 0x4a, 0x97, 0x05, 0x00, 0x66, 0x00, 0x5d, 0x7f, 0x4a, 0x57, 0x05, 0x00, 0x70, 0x00, 0x5d,
    0x11, 0x00, 0x20, 0x02, 0x40, 0x44, 0x00, 0x08, 0xd4, 0x4a, 0x77, 0x05, 0x00, 0x29, 0x00, 0x5d, 0xce, 0x4b, 0x87, 0x05, 0x80, 0x45, 0x00, 0x5d,
    0xd2, 0x4b, 0x97, 0x05, 0x00, 0x47, 0x00, 0x5d, 0x81, 0x80, 0x20, 0x02, 0x40, 0x44, 0x00, 0x18, 0xd8, 0x4b, 0xa7, 0x05, 0x00, 0x56, 0x00, 0x5d,
    0xe6, 0x4b, 0xb7, 0x05, 0x00, 0x73, 0x00, 0x5d, 0xd6, 0x4b, 0x47, 0x05, 0x80, 0x49, 0x00, 0x5d, 0x31, 0x10, 0x26, 0x02, 0x40, 0x48, 0x00, 0x00,
    0xda, 0x4b, 0x57, 0x05, 0x00, 0x28, 0x00, 0x5d, 0xdc, 0x4b, 0x67, 0x05, 0x00, 0x7c, 0x00, 0x5d, 0xe2, 0x4b, 0x77, 0x05, 0x00, 0x71, 0x00, 0x5d,
    0x30, 0x01, 0x22, 0xe2, 0x01, 0x08, 0x04, 0x00, 0x91, 0x44, 0x47, 0x05, 0x80, 0x28, 0x00, 0x5d, 0x48, 0x7a, 0x07, 0xa0, 0x03, 0x10, 0x4e, 0xef,
    0x9e, 0x44, 0x57, 0x05, 0x80, 0x29, 0x00, 0x5d, 0x10, 0x02, 0x26, 0xe6, 0x02, 0x44, 0x08, 0x18, 0xea, 0x44, 0x97, 0x05, 0x80, 0x46, 0x00, 0x5d,
    0x50, 0xef, 0x07, 0xb0, 0x07, 0x10, 0x4e, 0xef, 0x93, 0x44, 0x87, 0x05, 0x80, 0x7b, 0x00, 0x5d, 0x11, 0x02, 0x20, 0x42, 0x40, 0x44, 0x08, 0x08,
    0xe0, 0x44, 0xa7, 0x05, 0x00, 0x48, 0x00, 0x5d, 0x8b, 0x45, 0x87, 0x05, 0x00, 0x3f, 0x00, 0x5d, 0x8c, 0x45, 0x97, 0x05, 0x00, 0x49, 0x00, 0x5d,
    0x01, 0x03, 0x20, 0x42, 0xc4, 0x44, 0x00, 0x08, 0x8e, 0x45, 0xa7, 0x05, 0x00, 0x45, 0x00, 0x5d, 0x8d, 0x45, 0xb7, 0x05, 0x80, 0x47, 0x00, 0x5d,
    0xee, 0x44, 0xb7, 0x05, 0x00, 0x57, 0x00, 0x5d, 0x11, 0x00, 0x22, 0x02, 0x00, 0x44, 0x00, 0x08, 0x9a, 0x44, 0x67, 0x05, 0x00, 0x7d, 0x00, 0x5d,
    0xa2, 0x44, 0x77, 0x05, 0x00, 0x51, 0x00, 0x5d, 0x92, 0x45, 0x47, 0x05, 0x00, 0x79, 0x00, 0x5d, 0x01, 0x00, 0x20, 0x62, 0x48, 0x44, 0x0c, 0x00,
    0x7e, 0x45, 0x57, 0x05, 0x00, 0x72, 0x00, 0x5d, 0x8a, 0x45, 0x67, 0x05, 0x00, 0x78, 0x00, 0x5d, 0xf7, 0x45, 0x77, 0x05, 0x00, 0x7a, 0x00, 0x5d,
    0x11, 0x00, 0x22, 0x02, 0x40, 0x44, 0x00, 0x08, 0x5e, 0x46, 0x87, 0x05, 0x00, 0x2f, 0x00, 0x5d, 0xf3, 0x46, 0x97, 0x05, 0x80, 0x79, 0x00, 0x5d,
    0x7c, 0x46, 0xa7, 0x05, 0x00, 0x3e, 0x00, 0x5d, 0x01, 0x00, 0x20, 0x6a, 0x44, 0x44, 0x0c, 0x08, 0x94, 0x46, 0xb7, 0x05, 0x00, 0x4a, 0x00, 0x5d,
    0x8f, 0x46, 0x47, 0x05, 0x80, 0x78, 0x00, 0x5d, 0x90, 0x46, 0x57, 0x05, 0x00, 0x76, 0x00, 0x5d, 0x11, 0x03, 0x22, 0x62, 0x00, 0x44, 0x00, 0x08,
    0x98, 0x46, 0x67, 0x05, 0x00, 0x74, 0x00, 0x5d, 0x9c, 0x46, 0x77, 0x05, 0x00, 0x4e, 0x00, 0x5d, 0x5f, 0x47, 0x87, 0x05, 0x80, 0x2f, 0x00, 0x5d,
    0x01, 0x00, 0x20, 0x02, 0x40, 0x48, 0x00, 0x08, 0x5c, 0x47, 0x97, 0x05, 0x00, 0x2e, 0x00, 0x5d, 0x78, 0x47, 0xa7, 0x05, 0x00, 0x3c, 0x00, 0x5d,
    0x76, 0x47, 0xb7, 0x05, 0x00, 0x3b, 0x00, 0x5d, 0x30, 0x03, 0x22, 0xfe, 0x01, 0x44, 0x0c, 0x08, 0xa6, 0x47, 0x47, 0x05, 0x00, 0x53, 0x00, 0x5d,
    0x58, 0xef, 0x07, 0xd0, 0x07, 0x10, 0x4e, 0xef, 0xa0, 0x47, 0x57, 0x05, 0x00, 0x50, 0x00, 0x5d, 0x11, 0x03, 0x42, 0x60, 0x00, 0x40, 0x04, 0x00,
    0xa4, 0x47, 0x67, 0x05, 0x00, 0x52, 0x00, 0x5d, 0xa8, 0x47, 0x77, 0x05, 0x00, 0x54, 0x00, 0x5d, 0xac, 0x49, 0xf7, 0x04, 0x00, 0x55, 0x00, 0x5d,
    0x7d, 0x47, 0x00, 0x02, 0x40, 0xc4, 0x1f, 0x00, 0x44, 0x7a, 0x07, 0xb0, 0x03, 0x10, 0x4e, 0xef, 0xf1, 0x48, 0xc7, 0x04, 0x00, 0x5d, 0x00, 0x5d,
    0x54, 0xef, 0x07, 0xc0, 0x07, 0x10, 0x4e, 0xef, 0x31, 0x11, 0x26, 0x02, 0x41, 0xc4, 0x44, 0x00, 0xaa, 0x49, 0x07, 0x05, 0x00, 0x59, 0x00, 0x5d,
    0xba, 0x48, 0xf7, 0x04, 0x00, 0x5f, 0x00, 0x5d, 0xb2, 0x49, 0x37, 0x05, 0x00, 0x5b, 0x00, 0x5d, 0x01, 0x08, 0x20, 0x26, 0x42, 0x44, 0x20, 0x08,
    0xbe, 0x48, 0x07, 0x05, 0x00, 0x61, 0x00, 0x5d, 0xb6, 0x4a, 0xc7, 0x04, 0x00, 0x5e, 0x00, 0x5d, 0xc2, 0x48, 0x17, 0x05, 0x00, 0x65, 0x00, 0x5d,
    0x11, 0x11, 0x26, 0x02, 0x40, 0x44, 0x44, 0x00, 0xbc, 0x4a, 0xd7, 0x04, 0x00, 0x66, 0x00, 0x5d, 0xc6, 0x48, 0xd7, 0x04, 0x00, 0x63, 0x00, 0x5d,
    0xcc, 0x4a, 0xf7, 0x04, 0x00, 0x62, 0x00, 0x5d, 0x01, 0x00, 0x20, 0x22, 0x42, 0x44, 0x00, 0x18, 0xb8, 0x48, 0xe7, 0x04, 0x00, 0x5c, 0x00, 0x5d,
    0xc4, 0x4a, 0x07, 0x05, 0x00, 0x64, 0x00, 0x5d, 0xae, 0x48, 0x27, 0x05, 0x00, 0x6f, 0x00, 0x5d, 0x31, 0x11, 0x22, 0x02, 0x01, 0x44, 0x44, 0x00,
    0xc8, 0x4a, 0x17, 0x05, 0x80, 0x3f, 0x00, 0x5d, 0xca, 0x48, 0x37, 0x05, 0x00, 0x7b, 0x00, 0x5d, 0x7f, 0x4a, 0x27, 0x05, 0x00, 0x68, 0x00, 0x5d,
    0x01, 0x00, 0x20, 0x02, 0x40, 0x44, 0x00, 0x18, 0xfb, 0x49, 0xc7, 0x04, 0x80, 0x7d, 0x00, 0x5d, 0x77, 0x49, 0xd7, 0x04, 0x80, 0x3b, 0x00, 0x5d,
    0xb4, 0x49, 0xe7, 0x04, 0x00, 0x5a, 0x00, 0x5d, 0x11, 0x00, 0x22, 0x02, 0x00, 0x44, 0x00, 0x08, 0xb0, 0x49, 0x17, 0x05, 0x00, 0x58, 0x00, 0x5d,
    0x7b, 0x49, 0x27, 0x05, 0x80, 0x3d, 0x00, 0x5d, 0xc0, 0x4a, 0xe7, 0x04, 0x00, 0x60, 0x00, 0x5d, 0x21, 0x10, 0x20, 0x02, 0x40, 0x44, 0x00, 0x08,
    0xd0, 0x4a, 0x37, 0x05, 0x00, 0x6a, 0x00, 0x5d, 0xce, 0x4b, 0xc7, 0x04, 0x00, 0x67, 0x00, 0x5d, 0xd2, 0x4b, 0xd7, 0x04, 0x00, 0x69, 0x00, 0x5d,
    0x91, 0x80, 0x22, 0x02, 0x40, 0x44, 0x00, 0x08, 0xd8, 0x4b, 0xe7, 0x04, 0x00, 0x6c, 0x00, 0x5d, 0xe6, 0x4b, 0xf7, 0x04, 0x00, 0x73, 0x00, 0x5d,
    0xd6, 0x4b, 0x07, 0x05, 0x00, 0x6b, 0x00, 0x5d, 0x01, 0x00, 0x20, 0x02, 0x40, 0x48, 0x00, 0x00, 0xda, 0x4b, 0x17, 0x05, 0x00, 0x6d, 0x00, 0x5d,
    0xdc, 0x4b, 0x27, 0x05, 0x00, 0x6e, 0x00, 0x5d, 0xe2, 0x4b, 0x37, 0x05, 0x00, 0x71, 0x00, 0x5d, 0x30, 0x43, 0x22, 0xe2, 0x01, 0x44, 0x0c, 0x08,
    0x93, 0x44, 0xc7, 0x04, 0x80, 0x49, 0x00, 0x5d, 0x48, 0x7a, 0x07, 0xc0, 0x03, 0x10, 0x4e, 0xef, 0xea, 0x44, 0xd7, 0x04, 0x00, 0x75, 0x00, 0x5d,
    0x11, 0x03, 0x22, 0x60, 0x00, 0x44, 0x00, 0x08, 0xe0, 0x44, 0xe7, 0x04, 0x00, 0x70, 0x00, 0x5d, 0xee, 0x44, 0xf7, 0x04, 0x00, 0x77, 0x00, 0x5d,
    0x91, 0x44, 0x07, 0x05, 0x80, 0x48, 0x00, 0x5d, 0x11, 0x00, 0x22, 0x02, 0x40, 0x44, 0x00, 0x00, 0x9e, 0x44, 0x17, 0x05, 0x00, 0x4f, 0x00, 0x5d,
    0x9a, 0x44, 0x27, 0x05, 0x00, 0x4d, 0x00, 0x5d, 0xa2, 0x44, 0x37, 0x05, 0x00, 0x51, 0x00, 0x5d, 0x11, 0x03, 0x22, 0x60, 0x00, 0x44, 0x0c, 0x08,
    0x8b, 0x45, 0xc7, 0x04, 0x80, 0x45, 0x00, 0x5d, 0x8c, 0x45, 0xd7, 0x04, 0x00, 0x46, 0x00, 0x5d, 0x8e, 0x45, 0xe7, 0x04, 0x00, 0x47, 0x00, 0x5d,
    0x11, 0x03, 0x22, 0x02, 0x40, 0x44, 0x00, 0x08, 0x8d, 0x45, 0xf7, 0x04, 0x80, 0x46, 0x00, 0x5d, 0x92, 0x45, 0x07, 0x05, 0x00, 0x49, 0x00, 0x5d,
    0x7e, 0x45, 0x17, 0x05, 0x00, 0x3f, 0x00, 0x5d, 0x11, 0x00, 0x22, 0x00, 0x00, 0x44, 0x0c, 0x08, 0x8a, 0x45, 0x27, 0x05, 0x00, 0x45, 0x00, 0x5d,
    0xf7, 0x45, 0x37, 0x05, 0x80, 0x7b, 0x00, 0x5d, 0x5e, 0x46, 0xc7, 0x04, 0x00, 0x2f, 0x00, 0x5d, 0x11, 0x03, 0x22, 0x62, 0x40, 0x44, 0x0c, 0x08,
    0xf3, 0x46, 0xd7, 0x04, 0x80, 0x79, 0x00, 0x5d, 0x7c, 0x46, 0xe7, 0x04, 0x00, 0x3e, 0x00, 0x5d, 0x94, 0x46, 0xf7, 0x04, 0x00, 0x4a, 0x00, 0x5d,
    0x11, 0x22, 0x22, 0x40, 0x00, 0x44, 0x08, 0x08, 0x8f, 0x46, 0x07, 0x05, 0x80, 0x47, 0x00, 0x5d, 0x90, 0x46, 0x17, 0x05, 0x00, 0x48, 0x00, 0x5d,
    0x98, 0x46, 0x27, 0x05, 0x00, 0x4c, 0x00, 0x5d, 0x11, 0x02, 0x20, 0x62, 0x40, 0x44, 0x0c, 0x08, 0x9c, 0x46, 0x37, 0x05, 0x00, 0x4e, 0x00, 0x5d,
    0xde, 0x47, 0xc7, 0x04, 0x80, 0x2f, 0x00, 0x5d, 0xd4, 0x47, 0xd7, 0x04, 0x00, 0x2e, 0x00, 0x5d, 0x11, 0x03, 0x42, 0x60, 0x00, 0x40, 0x08, 0x08,
    0x78, 0x47, 0xe7, 0x04, 0x00, 0x3c, 0x00, 0x5d, 0xe4, 0x47, 0xf7, 0x04, 0x00, 0x3b, 0x00, 0x5d, 0xf2, 0x47, 0x07, 0x05, 0x00, 0x53, 0x00, 0x5d,
    0xf1, 0x47, 0x20, 0x4e, 0x40, 0x44, 0x08, 0x08, 0x4c, 0xef, 0x07, 0xe0, 0x07, 0x10, 0x4e, 0xef, 0xa0, 0x47, 0x17, 0x05, 0x00, 0x50, 0x00, 0x5d,
    0xe8, 0x47, 0x27, 0x05, 0x00, 0x52, 0x00, 0x5d, 0x12, 0x02, 0x00, 0x02, 0x01, 0x74, 0x9d, 0x00, 0xa8, 0x47, 0x37, 0x05, 0x00, 0x54, 0x00, 0x5d,
    0x76, 0x49, 0x97, 0x05, 0x00, 0x58, 0x00, 0x5d, 0x44, 0x7a, 0x07, 0xd0, 0x03, 0x10, 0x4e, 0xef, 0x10, 0x00, 0x22, 0xfe, 0x00, 0x04, 0x00, 0x00,
    0xf1, 0x48, 0x47, 0x05, 0x80, 0x78, 0x00, 0x5d, 0x50, 0x7a, 0x07, 0xf0, 0x03, 0x10, 0x4e, 0xef, 0xc6, 0x48, 0x57, 0x05, 0x00, 0x63, 0x00, 0x5d,
    0x11, 0x00, 0x22, 0x02, 0x40, 0x44, 0x00, 0x08, 0xb8, 0x48, 0x67, 0x05, 0x00, 0x5c, 0x00, 0x5d, 0xba, 0x48, 0x77, 0x05, 0x00, 0x5d, 0x00, 0x5d,
    0x5f, 0x48, 0x87, 0x05, 0x00, 0x5f, 0x00, 0x5d, 0x11, 0x00, 0x22, 0x42, 0x40, 0x04, 0x00, 0x00, 0xc2, 0x48, 0x97, 0x05, 0x00, 0x61, 0x00, 0x5d,
    0x5c, 0x48, 0xa7, 0x05, 0x00, 0x57, 0x00, 0x5d, 0xca, 0x48, 0xb7, 0x05, 0x00, 0x65, 0x00, 0x5d, 0x11, 0x00, 0x22, 0x02, 0x40, 0x44, 0x00, 0x08,
    0xfb, 0x49, 0x47, 0x05, 0x80, 0x7d, 0x00, 0x5d, 0x77, 0x49, 0x57, 0x05, 0x80, 0x3b, 0x00, 0x5d, 0xb4, 0x49, 0x67, 0x05, 0x00, 0x5a, 0x00, 0x5d,
    0x11, 0x00, 0x22, 0x02, 0x40, 0x04, 0x00, 0x00, 0xac, 0x49, 0x77, 0x05, 0x00, 0x56, 0x00, 0x5d, 0xaa, 0x49, 0x87, 0x05, 0x00, 0x55, 0x00, 0x5d,
    0x7b, 0x49, 0xa7, 0x05, 0x80, 0x3d, 0x00, 0x5d, 0x11, 0x00, 0x20, 0x02, 0x40, 0x44, 0x00, 0x08, 0xb2, 0x49, 0xb7, 0x05, 0x00, 0x59, 0x00, 0x5d,
    0xb6, 0x4a, 0x47, 0x05, 0x00, 0x5b, 0x00, 0x5d, 0xbc, 0x4a, 0x57, 0x05, 0x00, 0x5e, 0x00, 0x5d, 0x11, 0x00, 0x22, 0x02, 0x40, 0x04, 0x00, 0x00,
    0xc0, 0x4a, 0x67, 0x05, 0x00, 0x60, 0x00, 0x5d, 0xcc, 0x4a, 0x77, 0x05, 0x00, 0x66, 0x00, 0x5d, 0xc4, 0x4a, 0x87, 0x05, 0x00, 0x62, 0x00, 0x5d,
    0x11, 0x00, 0x22, 0x02, 0x40, 0x44, 0x44, 0x00, 0xc8, 0x4a, 0x97, 0x05, 0x00, 0x64, 0x00, 0x5d, 0x7f, 0x4a, 0xa7, 0x05, 0x80, 0x3f, 0x00, 0x5d,
    0xd0, 0x4a, 0xb7, 0x05, 0x00, 0x68, 0x00, 0x5d, 0x11, 0x01, 0x22, 0x22, 0x40, 0x04, 0x06, 0x02, 0xce, 0x4b, 0x47, 0x05, 0x00, 0x67, 0x00, 0x5d,
    0xd2, 0x4b, 0x57, 0x05, 0x00, 0x69, 0x00, 0x5d, 0xec, 0x4b, 0x67, 0x05, 0x00, 0x6c, 0x00, 0x5d, 0x11, 0x09, 0x22, 0x22, 0x40, 0x44, 0x04, 0x08,
    0xb0, 0x4b, 0x77, 0x05, 0x00, 0x73, 0x00, 0x5d, 0xd6, 0x4b, 0x87, 0x05, 0x00, 0x6b, 0x00, 0x5d, 0xda, 0x4b, 0x97, 0x05, 0x00, 0x6d, 0x00, 0x5d,
    0x11, 0x01, 0x42, 0x22, 0x00, 0x40, 0x88, 0x10, 0xdc, 0x4b, 0xa7, 0x05, 0x00, 0x6e, 0x00, 0x5d, 0xa4, 0x4b, 0xb7, 0x05, 0x00, 0x71, 0x00, 0x5d,
    0xae, 0x45, 0x47, 0x05, 0x80, 0x45, 0x00, 0x5d, 0x31, 0x17, 0x20, 0x00, 0x00, 0x44, 0x00, 0x08, 0x48, 0x7a, 0x07, 0xe0, 0x03, 0x10, 0x4e, 0xef,
    0x93, 0x44, 0x47, 0x05, 0x80, 0x49, 0x00, 0x5d, 0xea, 0x44, 0x57, 0x05, 0x00, 0x75, 0x00, 0x5d, 0x11, 0x00, 0x22, 0x02, 0x40, 0x44, 0x00, 0x08,
    0xbe, 0x44, 0x67, 0x05, 0x00, 0x70, 0x00, 0x5d, 0xee, 0x44, 0x77, 0x05, 0x00, 0x77, 0x00, 0x5d, 0x91, 0x44, 0x87, 0x05, 0x80, 0x48, 0x00, 0x5d,
    0x11, 0x00, 0x22, 0x00, 0x00, 0x44, 0x00, 0x00, 0x9e, 0x44, 0x97, 0x05, 0x00, 0x4f, 0x00, 0x5d, 0x9a, 0x44, 0xa7, 0x05, 0x00, 0x4d, 0x00, 0x5d,
    0xa6, 0x44, 0xb7, 0x05, 0x00, 0x51, 0x00, 0x5d, 0x11, 0x00, 0x22, 0x02, 0x40, 0x44, 0x00, 0x08, 0x8c, 0x45, 0x57, 0x05, 0x00, 0x46, 0x00, 0x5d,
    0x8e, 0x45, 0x67, 0x05, 0x00, 0x47, 0x00, 0x5d, 0x8d, 0x45, 0x77, 0x05, 0x80, 0x46, 0x00, 0x5d, 0x11, 0x00, 0x22, 0x00, 0x00, 0x44, 0x00, 0x08,
    0x92, 0x45, 0x87, 0x05, 0x00, 0x49, 0x00, 0x5d, 0x7e, 0x45, 0x97, 0x05, 0x00, 0x3f, 0x00, 0x5d, 0x8a, 0x45, 0xa7, 0x05, 0x00, 0x45, 0x00, 0x5d,
    0x51, 0x20, 0x20, 0x02, 0x40, 0x44, 0x04, 0x08, 0x8b, 0x45, 0xb7, 0x05, 0x80, 0x7b, 0x00, 0x5d, 0x5e, 0x46, 0x47, 0x05, 0x00, 0x2f, 0x00, 0x5d,
    0xf0, 0x46, 0x57, 0x05, 0x80, 0x79, 0x00, 0x5d, 0x11, 0x00, 0x22, 0x00, 0x00, 0x44, 0x00, 0x08, 0x7c, 0x46, 0x67, 0x05, 0x00, 0x3e, 0x00, 0x5d,
    0x94, 0x46, 0x77, 0x05, 0x00, 0x4a, 0x00, 0x5d, 0x8f, 0x46, 0x87, 0x05, 0x80, 0x47, 0x00, 0x5d, 0x11, 0x00, 0x22, 0x02, 0x40, 0x44, 0x00, 0x00,
    0x90, 0x46, 0x97, 0x05, 0x00, 0x48, 0x00, 0x5d, 0x98, 0x46, 0xa7, 0x05, 0x00, 0x4c, 0x00, 0x5d, 0x9c, 0x46, 0xb7, 0x05, 0x00, 0x4e, 0x00, 0x5d,
    0x11, 0x00, 0x22, 0x00, 0x00, 0x44, 0x00, 0x08, 0xde, 0x47, 0x47, 0x05, 0x00, 0x6f, 0x00, 0x5d, 0xd4, 0x47, 0x57, 0x05, 0x00, 0x6a, 0x00, 0x5d,
    0xf4, 0x47, 0x67, 0x05, 0x00, 0x3c, 0x00, 0x5d, 0x11, 0x00, 0x22, 0x02, 0x40, 0xc4, 0x01, 0x09, 0xe4, 0x47, 0x77, 0x05, 0x00, 0x72, 0x00, 0x5d,
    0xf2, 0x47, 0x87, 0x05, 0x00, 0x79, 0x00, 0x5d, 0xf8, 0x47, 0x97, 0x05, 0x00, 0x50, 0x00, 0x5d, 0x11, 0x00, 0x42, 0x00, 0x00, 0xc0, 0x44, 0x18,
    0xfc, 0x47, 0xa7, 0x05, 0x00, 0x74, 0x00, 0x5d, 0xfa, 0x47, 0xb7, 0x05, 0x00, 0x54, 0x00, 0x5d, 0xf3, 0x49, 0xc7, 0x04, 0x80, 0x7d, 0x00, 0x5d,
    0x51, 0x08, 0x20, 0x02, 0x80, 0x44, 0x44, 0x00, 0x44, 0xef, 0x07, 0xf0, 0x07, 0x10, 0x4e, 0xef, 0x56, 0x51, 0xc7, 0x04, 0x00, 0x57, 0x00, 0x5d,
    0xfb, 0x52, 0xc7, 0x04, 0x00, 0x2f, 0x00, 0x5d, 0x11, 0x00, 0x20, 0x02, 0x80, 0x04, 0x00, 0x00, 0xd8, 0x49, 0xd7, 0x04, 0x80, 0x3b, 0x00, 0x5d,
    0x55, 0x4a, 0xe7, 0x04, 0x00, 0x60, 0x00, 0x5d, 0xf7, 0x50, 0xe7, 0x04, 0x00, 0x5f, 0x00, 0x5d, 0x11, 0x00, 0x26, 0x26, 0xc0, 0x44, 0x20, 0x00,
    0xe6, 0x4b, 0xc7, 0x04, 0x00, 0x67, 0x00, 0x5d, 0xa2, 0x50, 0xc7, 0x04, 0x80, 0x49, 0x00, 0x5d, 0xae, 0x53, 0xc7, 0x04, 0x00, 0x6f, 0x00, 0x5d,
    0x11, 0x00, 0x24, 0x42, 0x80, 0x04, 0x00, 0x00, 0xe0, 0x4a, 0xd7, 0x04, 0x00, 0x5e, 0x00, 0x5d, 0x58, 0x4b, 0xd7, 0x04, 0x00, 0x69, 0x00, 0x5d,
    0x5a, 0x50, 0xd7, 0x04, 0x00, 0x75, 0x00, 0x5d, 0x11, 0x00, 0x20, 0x82, 0x90, 0x44, 0x00, 0x08, 0x77, 0x52, 0xd7, 0x04, 0x00, 0x78, 0x00, 0x5d,
    0x78, 0x4b, 0xe7, 0x04, 0x00, 0x76, 0x00, 0x5d, 0xbe, 0x53, 0xe7, 0x04, 0x00, 0x7a, 0x00, 0x5d, 0x11, 0x00, 0x24, 0x22, 0x82, 0x04, 0x00, 0x00,
    0xef, 0x48, 0xf7, 0x04, 0x00, 0x5d, 0x00, 0x5d, 0x5e, 0x50, 0xf7, 0x04, 0x00, 0x77, 0x00, 0x5d, 0xc0, 0x53, 0xf7, 0x04, 0x00, 0x72, 0x00, 0x5d,
    0x11, 0x00, 0x26, 0x02, 0x40, 0xc4, 0x04, 0x18, 0x59, 0x48, 0xc7, 0x04, 0x80, 0x78, 0x00, 0x5d, 0xe2, 0x4a, 0xc7, 0x04, 0x00, 0x5b, 0x00, 0x5d,
    0x5b, 0x48, 0xd7, 0x04, 0x00, 0x63, 0x00, 0x5d, 0x11, 0x08, 0x20, 0x02, 0x00, 0x04, 0x00, 0x00, 0xbc, 0x53, 0xd7, 0x04, 0x00, 0x6a, 0x00, 0x5d,
    0xce, 0x48, 0xe7, 0x04, 0x00, 0x5c, 0x00, 0x5d, 0xe8, 0x4a, 0xf7, 0x04, 0x00, 0x66, 0x00, 0x5d, 0x11, 0x00, 0x20, 0x42, 0xc4, 0x44, 0x44, 0x00,
    0xa0, 0x4b, 0xf7, 0x04, 0x00, 0x58, 0x00, 0x5d, 0xd2, 0x48, 0x47, 0x04, 0x80, 0x2f, 0x00, 0x5d, 0xee, 0x48, 0x67, 0x04, 0x00, 0x2e, 0x00, 0x5d,
    0x11, 0x00, 0x22, 0x82, 0x50, 0x04, 0x00, 0x00, 0xba, 0x49, 0x47, 0x04, 0x00, 0x55, 0x00, 0x5d, 0xec, 0x49, 0x57, 0x04, 0x00, 0x3b, 0x00, 0x5d,
    0xf4, 0x49, 0x77, 0x04, 0x00, 0x59, 0x00, 0x5d, 0x11, 0x00, 0x26, 0x02, 0x00, 0x44, 0x00, 0x08, 0x93, 0x4a, 0x47, 0x04, 0x00, 0x62, 0x00, 0x5d,
    0xf0, 0x4a, 0x67, 0x04, 0x80, 0x3f, 0x00, 0x5d, 0xe4, 0x4b, 0x57, 0x04, 0x00, 0x6d, 0x00, 0x5d, 0x11, 0x00, 0x20, 0x02, 0x00, 0x04, 0x00, 0x00,
    0xde, 0x4b, 0x77, 0x04, 0x00, 0x52, 0x00, 0x5d, 0xea, 0x53, 0x47, 0x04, 0x00, 0x79, 0x00, 0x5d, 0x54, 0x51, 0xd7, 0x04, 0x00, 0x46, 0x00, 0x5d,
    0x11, 0x00, 0x26, 0x02, 0xc0, 0x44, 0x00, 0x00, 0xb4, 0x49, 0xe7, 0x04, 0x00, 0x5a, 0x00, 0x5d, 0x57, 0x51, 0xe7, 0x04, 0x00, 0x47, 0x00, 0x5d,
    0xf1, 0x52, 0xe7, 0x04, 0x00, 0x3e, 0x00, 0x5d, 0x11, 0x00, 0x24, 0x26, 0x80, 0x04, 0x20, 0x00, 0xac, 0x49, 0xf7, 0x04, 0x00, 0x56, 0x00, 0x5d,
    0xa8, 0x51, 0xf7, 0x04, 0x80, 0x46, 0x00, 0x5d, 0xb0, 0x52, 0xf7, 0x04, 0x00, 0x4a, 0x00, 0x5d, 0x11, 0x00, 0x26, 0x02, 0x80, 0x44, 0x00, 0x00,
    0xb8, 0x48, 0x57, 0x04, 0x00, 0x61, 0x00, 0x5d, 0xcc, 0x48, 0x77, 0x04, 0x00, 0x65, 0x00, 0x5d, 0xf6, 0x49, 0x67, 0x04, 0x80, 0x3d, 0x00, 0x5d,
    0x11, 0x11, 0x22, 0x22, 0x00, 0x04, 0x04, 0x00, 0x5c, 0x4a, 0x57, 0x04, 0x00, 0x64, 0x00, 0x5d, 0x97, 0x4a, 0x77, 0x04, 0x00, 0x68, 0x00, 0x5d,
    0xd6, 0x4b, 0x47, 0x04, 0x00, 0x6b, 0x00, 0x5d, 0x11, 0x01, 0x24, 0x2a, 0xc4, 0x44, 0x04, 0x08, 0x7a, 0x4b, 0x67, 0x04, 0x00, 0x6e, 0x00, 0x5d,
    0x5f, 0x50, 0x47, 0x04, 0x80, 0x48, 0x00, 0x5d, 0xda, 0x50, 0x57, 0x04, 0x00, 0x4f, 0x00, 0x5d, 0x11, 0x01, 0x22, 0x22, 0x00, 0x04, 0x06, 0x02,
    0xc6, 0x50, 0x67, 0x04, 0x00, 0x4d, 0x00, 0x5d, 0xa6, 0x50, 0x77, 0x04, 0x00, 0x53, 0x00, 0x5d, 0x76, 0x51, 0x47, 0x04, 0x00, 0x49, 0x00, 0x5d,
    0x11, 0x01, 0x26, 0x22, 0xc0, 0x44, 0x04, 0x00, 0xa4, 0x51, 0x57, 0x04, 0x00, 0x3f, 0x00, 0x5d, 0x7f, 0x51, 0x67, 0x04, 0x00, 0x45, 0x00, 0x5d,
    0xd4, 0x51, 0x77, 0x04, 0x80, 0x45, 0x00, 0x5d, 0x11, 0x01, 0x22, 0x22, 0x40, 0x04, 0x04, 0x00, 0xb2, 0x52, 0x47, 0x04, 0x80, 0x47, 0x00, 0x5d,
    0xaa, 0x52, 0x57, 0x04, 0x00, 0x48, 0x00, 0x5d, 0xb6, 0x52, 0x67, 0x04, 0x00, 0x4c, 0x00, 0x5d, 0x11, 0x01, 0x24, 0x2e, 0x48, 0x44, 0x04, 0x08,
    0xc4, 0x52, 0x77, 0x04, 0x00, 0x4e, 0x00, 0x5d, 0xf8, 0x53, 0x57, 0x04, 0x00, 0x7c, 0x00, 0x5d, 0xf2, 0x53, 0x67, 0x04, 0x00, 0x7e, 0x00, 0x5d,
    0x10, 0x01, 0xa0, 0xff, 0x00, 0xc4, 0xdc, 0x03, 0xfa, 0x53, 0x77, 0x04, 0x00, 0x7d, 0x00, 0x5d, 0x0d, 0x00, 0x85, 0x55, 0x00, 0x00, 0x40, 0xe2,
    0x44, 0x59, 0x97, 0x35, 0x00, 0x00, 0x13, 0x5d, 0x11, 0x0f, 0x20, 0xea, 0x00, 0xc4, 0x1d, 0x00, 0x45, 0x5b, 0xb7, 0x35, 0x00, 0x00, 0x13, 0x5d,
    0x46, 0xce, 0xe7, 0x3c, 0x00, 0x00, 0x13, 0x5d, 0x47, 0xef, 0xf7, 0x3e, 0x00, 0x00, 0x13, 0x5d, 0x91, 0x07, 0x20, 0xe0, 0x00, 0xc4, 0x5f, 0x00,
    0x48, 0xf3, 0x37, 0x3f, 0x00, 0x00, 0x13, 0x5d, 0x49, 0xd8, 0x87, 0x3d, 0x00, 0x00, 0x13, 0x5d, 0x31, 0x31, 0x47, 0x04, 0x00, 0x10, 0x58, 0x5c,
    0xf1, 0x0f, 0x20, 0xfe, 0x04, 0xc4, 0x1f, 0x01, 0x30, 0x30, 0x57, 0x04, 0x00, 0x10, 0x58, 0x5c, 0x2f, 0x2f, 0x67, 0x04, 0x00, 0x10, 0x58, 0x5c,
    0x2e, 0x2e, 0x77, 0x04, 0x00, 0x10, 0x58, 0x5c, 0x11, 0x07, 0x20, 0xe4, 0x00, 0x44, 0x1d, 0x00, 0x44, 0xd2, 0x27, 0x3d, 0x00, 0x00, 0x13, 0x5d,
    0x45, 0xb8, 0x87, 0x3b, 0x00, 0x00, 0x13, 0x5d, 0x46, 0xee, 0xe7, 0x3e, 0x00, 0x00, 0x13, 0x5d, 0x71, 0x07, 0x20, 0xfe, 0x10, 0xc4, 0x1f, 0x00,
    0x47, 0xcc, 0xc7, 0x3c, 0x00, 0x00, 0x13, 0x5d, 0x29, 0x29, 0x87, 0x04, 0x00, 0x10, 0x58, 0x5c, 0x28, 0x28, 0x97, 0x04, 0x00, 0x10, 0x58, 0x5c,
    0xf1, 0x0f, 0x20, 0xfc, 0x02, 0xc4, 0x9f, 0x00, 0x2d, 0x2d, 0x47, 0x04, 0x00, 0x10, 0x58, 0x5c, 0x2c, 0x2c, 0x57, 0x04, 0x00, 0x10, 0x58, 0x5c,
    0x2b, 0x2b, 0x67, 0x04, 0x00, 0x10, 0x58, 0x5c, 0xf1, 0x47, 0x20, 0xe2, 0x00, 0xc4, 0x1c, 0x00, 0x2a, 0x2a, 0x77, 0x04, 0x00, 0x10, 0x58, 0x5c,
    0x44, 0xb4, 0x47, 0x3b, 0x00, 0x00, 0x13, 0x5d, 0x45, 0xac, 0xc7, 0x3a, 0x00, 0x00, 0x13, 0x5d, 0x51, 0x07, 0x20, 0xec, 0x00, 0x44, 0x1e, 0x00,
    0x46, 0xba, 0xa7, 0x3b, 0x00, 0x00, 0x13, 0x5d, 0x47, 0xec, 0xc7, 0x3e, 0x00, 0x00, 0x13, 0x5d, 0x48, 0xf6, 0x67, 0x3f, 0x00, 0x00, 0x13, 0x5d,
    0x31, 0x07, 0x20, 0xfe, 0x01, 0xc4, 0x5f, 0x00, 0x49, 0xf4, 0x47, 0x3f, 0x00, 0x00, 0x13, 0x5d, 0x27, 0x27, 0x47, 0x04, 0x00, 0x10, 0x58, 0x5c,
    0x26, 0x26, 0x57, 0x04, 0x00, 0x10, 0x58, 0x5c, 0xf1, 0x27, 0x20, 0xfc, 0x08, 0xc4, 0x1f, 0x02, 0x25, 0x25, 0x67, 0x04, 0x00, 0x10, 0x58, 0x5c,
    0x24, 0x24, 0x77, 0x04, 0x00, 0x10, 0x58, 0x5c, 0x23, 0x23, 0x87, 0x04, 0x00, 0x10, 0x58, 0x5c, 0xf1, 0x07, 0x20, 0xe2, 0x00, 0xc4, 0x1c, 0x00,
    0x22, 0x22, 0x97, 0x04, 0x00, 0x10, 0x58, 0x5c, 0x44, 0xe2, 0x27, 0x3e, 0x00, 0x00, 0x13, 0x5d, 0x45, 0xe0, 0x07, 0x3e, 0x00, 0x00, 0x13, 0x5d,
    0x51, 0x07, 0x20, 0xec, 0x00, 0x44, 0x1e, 0x00, 0x46, 0x55, 0x57, 0x35, 0x00, 0x00, 0x13, 0x5d, 0x47, 0xe8, 0x87, 0x3e, 0x00, 0x00, 0x13, 0x5d,
    0x48, 0x93, 0x37, 0x39, 0x00, 0x00, 0x13, 0x5d, 0x31, 0x07, 0x20, 0xfe, 0x01, 0xc4, 0x5f, 0x00, 0x49, 0x5c, 0xc7, 0x35, 0x00, 0x00, 0x13, 0x5d,
    0x21, 0x21, 0x47, 0x04, 0x00, 0x10, 0x58, 0x5c, 0x20, 0x20, 0x57, 0x04, 0x00, 0x10, 0x58, 0x5c, 0xf1, 0x27, 0x20, 0xfc, 0x08, 0xc4, 0x1f, 0x02,
    0x1f, 0x1f, 0x67, 0x04, 0x00, 0x10, 0x58, 0x5c, 0x1e, 0x1e, 0x77, 0x04, 0x00, 0x10, 0x58, 0x5c, 0x1d, 0x1d, 0x87, 0x04, 0x00, 0x10, 0x58, 0x5c,
    0xf1, 0x07, 0x20, 0xe2, 0x00, 0xc4, 0x1c, 0x00, 0x1c, 0x1c, 0x97, 0x04, 0x00, 0x10, 0x58, 0x5c, 0x44, 0xf0, 0x07, 0x3f, 0x00, 0x00, 0x13, 0x5d,
    0x45, 0x97, 0x77, 0x39, 0x00, 0x00, 0x13, 0x5d, 0x51, 0x07, 0x20, 0xec, 0x00, 0x44, 0x1e, 0x00, 0x46, 0xe6, 0x67, 0x3e, 0x00, 0x00, 0x13, 0x5d,
    0x47, 0x58, 0x87, 0x35, 0x00, 0x00, 0x13, 0x5d, 0x48, 0x78, 0x87, 0x37, 0x00, 0x00, 0x13, 0x5d, 0x31, 0x07, 0x20, 0xfe, 0x01, 0xc4, 0x5f, 0x00,
    0x49, 0xa0, 0x07, 0x3a, 0x00, 0x00, 0x13, 0x5d, 0x1b, 0x1b, 0x47, 0x04, 0x00, 0x10, 0x58, 0x5c, 0x1a, 0x1a, 0x57, 0x04, 0x00, 0x10, 0x58, 0x5c,
    0xf1, 0x27, 0x20, 0xfc, 0x08, 0xc4, 0x1f, 0x02, 0x19, 0x19, 0x67, 0x04, 0x00, 0x10, 0x58, 0x5c, 0x18, 0x18, 0x77, 0x04, 0x00, 0x10, 0x58, 0x5c,
    0x17, 0x17, 0x87, 0x04, 0x00, 0x10, 0x58, 0x5c, 0xf1, 0x07, 0x20, 0xe2, 0x00, 0xc4, 0x1c, 0x00, 0x16, 0x16, 0x97, 0x04, 0x00, 0x10, 0x58, 0x5c,
    0x44, 0xd6, 0x67, 0x3d, 0x00, 0x00, 0x13, 0x5d, 0x45, 0xe4, 0x47, 0x3e, 0x00, 0x00, 0x13, 0x5d, 0x51, 0x07, 0x20, 0xec, 0x00, 0x44, 0x1e, 0x00,
    0x46, 0x7a, 0xa7, 0x37, 0x00, 0x00, 0x13, 0x5d, 0x47, 0xde, 0xe7, 0x3d, 0x00, 0x00, 0x13, 0x5d, 0x48, 0xa2, 0x27, 0x3a, 0x00, 0x00, 0x13, 0x5d,
    0x31, 0x07, 0x20, 0xfe, 0x01, 0xc4, 0x5f, 0x00, 0x49, 0x5a, 0xa7, 0x35, 0x00, 0x00, 0x13, 0x5d, 0x15, 0x15, 0x47, 0x04, 0x00, 0x10, 0x58, 0x5c,
    0x14, 0x14, 0x57, 0x04, 0x00, 0x10, 0x58, 0x5c, 0xf1, 0x27, 0x20, 0xfc, 0x08, 0xc4, 0x1f, 0x02, 0x13, 0x13, 0x67, 0x04, 0x00, 0x10, 0x58, 0x5c,
    0x12, 0x12, 0x77, 0x04, 0x00, 0x10, 0x58, 0x5c, 0x11, 0x11, 0x87, 0x04, 0x00, 0x10, 0x58, 0x5c, 0xf1, 0x07, 0x20, 0xe2, 0x00, 0xc4, 0x1c, 0x00,
    0x10, 0x10, 0x97, 0x04, 0x00, 0x10, 0x58, 0x5c, 0x44, 0xf7, 0x77, 0x3f, 0x00, 0x00, 0x13, 0x5d, 0x45, 0x5e, 0xe7, 0x35, 0x00, 0x00, 0x13, 0x5d,
    0x51, 0x07, 0x20, 0xec, 0x00, 0x44, 0x1e, 0x00, 0x46, 0x5f, 0xf7, 0x35, 0x00, 0x00, 0x13, 0x5d, 0x47, 0xda, 0xa7, 0x3d, 0x00, 0x00, 0x13, 0x5d,
    0x48, 0xc6, 0x67, 0x3c, 0x00, 0x00, 0x13, 0x5d, 0x31, 0x07, 0x20, 0xfe, 0x01, 0xc4, 0x5f, 0x00, 0x49, 0xa6, 0x67, 0x3a, 0x00, 0x00, 0x13, 0x5d,
    0x0f, 0x0f, 0x47, 0x04, 0x00, 0x10, 0x58, 0x5c, 0x0e, 0x0e, 0x57, 0x04, 0x00, 0x10, 0x58, 0x5c, 0xf1, 0x27, 0x20, 0xfc, 0x08, 0xc4, 0x1f, 0x02,
    0x0d, 0x0d, 0x67, 0x04, 0x00, 0x10, 0x58, 0x5c, 0x0c, 0x0c, 0x77, 0x04, 0x00, 0x10, 0x58, 0x5c, 0x0b, 0x0b, 0x87, 0x04, 0x00, 0x10, 0x58, 0x5c,
    0xf1, 0x07, 0x20, 0xe2, 0x00, 0xc4, 0x1c, 0x00, 0x0a, 0x0a, 0x97, 0x04, 0x00, 0x10, 0x58, 0x5c, 0x44, 0x56, 0x67, 0x35, 0x00, 0x00, 0x13, 0x5d,
    0x45, 0x54, 0x47, 0x35, 0x00, 0x00, 0x13, 0x5d, 0x51, 0x07, 0x20, 0xec, 0x00, 0x44, 0x1e, 0x00, 0x46, 0x57, 0x77, 0x35, 0x00, 0x00, 0x13, 0x5d,
    0x47, 0xa8, 0x87, 0x3a, 0x00, 0x00, 0x13, 0x5d, 0x48, 0x76, 0x67, 0x37, 0x00, 0x00, 0x13, 0x5d, 0x31, 0x07, 0x20, 0xfe, 0x01, 0xc4, 0x5f, 0x00,
    0x49, 0xa4, 0x47, 0x3a, 0x00, 0x00, 0x13, 0x5d, 0x09, 0x09, 0x47, 0x04, 0x00, 0x10, 0x58, 0x5c, 0x08, 0x08, 0x57, 0x04, 0x00, 0x10, 0x58, 0x5c,
    0xf1, 0x27, 0x20, 0xfc, 0x08, 0xc4, 0x1f, 0x02, 0x07, 0x07, 0x67, 0x04, 0x00, 0x10, 0x58, 0x5c, 0x06, 0x06, 0x77, 0x04, 0x00, 0x10, 0x58, 0x5c,
    0x05, 0x05, 0x87, 0x04, 0x00, 0x10, 0x58, 0x5c, 0xf1, 0x07, 0x20, 0xe2, 0x00, 0xc4, 0x1c, 0x00, 0x04, 0x04, 0x97, 0x04, 0x00, 0x10, 0x58, 0x5c,
    0x44, 0x7f, 0xf7, 0x37, 0x00, 0x00, 0x13, 0x5d, 0x45, 0xd4, 0x47, 0x3d, 0x00, 0x00, 0x13, 0x5d, 0x51, 0x07, 0x20, 0xec, 0x00, 0x44, 0x1e, 0x00,
    0x46, 0xfb, 0xb7, 0x3f, 0x00, 0x00, 0x13, 0x5d, 0x47, 0x77, 0x77, 0x37, 0x00, 0x00, 0x13, 0x5d, 0x48, 0xf1, 0x17, 0x3f, 0x00, 0x00, 0x13, 0x5d,
    0x31, 0x07, 0x20, 0xfe, 0x01, 0xc4, 0x5f, 0x00, 0x49, 0xb0, 0x07, 0x3b, 0x00, 0x00, 0x13, 0x5d, 0x61, 0x61, 0x47, 0x04, 0x00, 0x10, 0x58, 0x5c,
    0x62, 0x62, 0x57, 0x04, 0x00, 0x10, 0x58, 0x5c, 0xf1, 0x27, 0x20, 0xfc, 0x08, 0xc4, 0x1f, 0x02, 0x63, 0x63, 0x67, 0x04, 0x00, 0x10, 0x58, 0x5c,
    0x64, 0x64, 0x77, 0x04, 0x00, 0x10, 0x58, 0x5c, 0x65, 0x65, 0x87, 0x04, 0x00, 0x10, 0x58, 0x5c, 0xf1, 0x07, 0x20, 0xe2, 0x00, 0xc4, 0x1c, 0x00,
    0x66, 0x66, 0x97, 0x04, 0x00, 0x10, 0x58, 0x5c, 0x44, 0xb2, 0x27, 0x3b, 0x00, 0x00, 0x13, 0x5d, 0x45, 0xaa, 0xa7, 0x3a, 0x00, 0x00, 0x13, 0x5d,
    0x51, 0x07, 0x20, 0xec, 0x00, 0x44, 0x1e, 0x00, 0x46, 0xb6, 0x67, 0x3b, 0x00, 0x00, 0x13, 0x5d, 0x47, 0xc4, 0x47, 0x3c, 0x00, 0x00, 0x13, 0x5d,
    0x48, 0xae, 0xe7, 0x3a, 0x00, 0x00, 0x13, 0x5d, 0x31, 0x07, 0x20, 0xfe, 0x01, 0xc4, 0x5f, 0x00, 0x49, 0xbc, 0xc7, 0x3b, 0x00, 0x00, 0x13, 0x5d,
    0x67, 0x67, 0x47, 0x04, 0x00, 0x10, 0x58, 0x5c, 0x68, 0x68, 0x57, 0x04, 0x00, 0x10, 0x58, 0x5c, 0xf1, 0x27, 0x20, 0xfc, 0x08, 0xc4, 0x1f, 0x02,
    0x69, 0x69, 0x67, 0x04, 0x00, 0x10, 0x58, 0x5c, 0x6a, 0x6a, 0x77, 0x04, 0x00, 0x10, 0x58, 0x5c, 0x6b, 0x6b, 0x87, 0x04, 0x00, 0x10, 0x58, 0x5c,
    0xf1, 0x07, 0x20, 0xe2, 0x00, 0xc4, 0x1c, 0x00, 0x6c, 0x6c, 0x97, 0x04, 0x00, 0x10, 0x58, 0x5c, 0x44, 0xbe, 0xe7, 0x3b, 0x00, 0x00, 0x13, 0x5d,
    0x45, 0xc0, 0x07, 0x3c, 0x00, 0x00, 0x13, 0x5d, 0x51, 0x07, 0x20, 0xec, 0x00, 0x44, 0x1e, 0x00, 0x46, 0xea, 0xa7, 0x3e, 0x00, 0x00, 0x13, 0x5d,
    0x47, 0xf8, 0x87, 0x3f, 0x00, 0x00, 0x13, 0x5d, 0x48, 0xf2, 0x27, 0x3f, 0x00, 0x00, 0x13, 0x5d, 0x31, 0x07, 0x20, 0xfe, 0x01, 0xc4, 0x5f, 0x00,
    0x49, 0xfa, 0xa7, 0x3f, 0x00, 0x00, 0x13, 0x5d, 0x6d, 0x6d, 0x47, 0x04, 0x00, 0x10, 0x58, 0x5c, 0x6e, 0x6e, 0x57, 0x04, 0x00, 0x10, 0x58, 0x5c,
    0xf1, 0x27, 0x20, 0xfc, 0x08, 0xc4, 0x1f, 0x02, 0x6f, 0x6f, 0x67, 0x04, 0x00, 0x10, 0x58, 0x5c, 0x70, 0x70, 0x77, 0x04, 0x00, 0x10, 0x58, 0x5c,
    0x32, 0x32, 0x87, 0x04, 0x00, 0x10, 0x58, 0x5c, 0xf6, 0x07, 0xa0, 0xff, 0x1c, 0xb4, 0x1f, 0x00, 0x33, 0x33, 0x97, 0x04, 0x00, 0x10, 0x58, 0x5c,
    0x0f, 0x00, 0x86, 0x0d, 0x00, 0x00, 0x40, 0xe2, 0x07, 0x70, 0x07, 0xe0, 0x80, 0x03, 0x90, 0x50, 0xf3, 0x07, 0x20, 0x5e, 0x00, 0xc4, 0x0b, 0x00,
    0x00, 0x00, 0x37, 0x34, 0x00, 0x00, 0xf0, 0xf0, 0x3c, 0x80, 0x07, 0x00, 0x00, 0x00, 0x5c, 0xef, 0x3d, 0x80, 0x07, 0x20, 0x00, 0x00, 0x5c, 0xef,
    0xf1, 0x02, 0x20, 0x5e, 0x00, 0xcc, 0x1f, 0x00, 0x3e, 0x80, 0x07, 0x40, 0x00, 0x00, 0x5c, 0xef, 0x3f, 0x80, 0x07, 0x60, 0x00, 0x00, 0x5c, 0xef,
    0x00, 0x00, 0x27, 0x34, 0x00, 0x00, 0xf0, 0xf0, 0xf1, 0x02, 0x20, 0x5e, 0x00, 0xc4, 0x0b, 0x00, 0x40, 0x80, 0x07, 0x00, 0x04, 0x00, 0x5c, 0xef,
    0x41, 0x80, 0x07, 0x20, 0x04, 0x00, 0x5c, 0xef, 0x42, 0x80, 0x07, 0x40, 0x04, 0x00, 0x5c, 0xef, 0xf1, 0x02, 0x60, 0xfe, 0x00, 0xc4, 0x0b, 0x00,
    0x43, 0x80, 0x07, 0x60, 0x04, 0x00, 0x5c, 0xef, 0x00, 0x00, 0x17, 0x34, 0x00, 0x00, 0xf0, 0xf0, 0x38, 0x96, 0x07, 0x00, 0x00, 0x00, 0x5c, 0xef,
    0xf1, 0x02, 0x20, 0x5e, 0x00, 0xc4, 0x0b, 0x00, 0x39, 0x96, 0x07, 0x20, 0x00, 0x00, 0x5c, 0xef, 0x3a, 0x96, 0x07, 0x40, 0x00, 0x00, 0x5c, 0xef,
    0x3b, 0x96, 0x07, 0x60, 0x00, 0x00, 0x5c, 0xef, 0xf1, 0x02, 0x21, 0x5e, 0x00, 0xc4, 0x0b, 0x00, 0x34, 0x96, 0x07, 0x00, 0x04, 0x00, 0x5c, 0xef,
    0x35, 0x96, 0x07, 0x20, 0x04, 0x00, 0x5c, 0xef, 0x36, 0x96, 0x07, 0x40, 0x04, 0x00, 0x5c, 0xef, 0xf2, 0x02, 0x00, 0xfe, 0x01, 0xfc, 0x1f, 0x00,
    0x37, 0x96, 0x07, 0x60, 0x04, 0x00, 0x5c, 0xef, 0x94, 0x00, 0xd7, 0x05, 0x80, 0x07, 0x98, 0x5c, 0x00, 0x00, 0x07, 0x00, 0x80, 0x1b, 0xa8, 0xf0,
    0xf5, 0x07, 0xa0, 0xff, 0x00, 0xc0, 0x9f, 0x0c, 0x00, 0x00, 0x07, 0x00, 0x00, 0x00, 0x98, 0xef, 0x0f, 0x00, 0x80, 0x8b, 0xf9, 0x0f, 0x40, 0xe2,
    0x34, 0x00, 0x27, 0x00, 0x00, 0x00, 0x48, 0x38, 0xf6, 0x07, 0xc0, 0xfe, 0x00, 0xc4, 0x1f, 0x00, 0x00, 0x00, 0x00, 0x2c, 0x00, 0x00, 0x90, 0xe2,
    0x34, 0x34, 0xc7, 0x03, 0x00, 0x00, 0x00, 0x04, 0x38, 0x02, 0x47, 0x03, 0x80, 0x03, 0x18, 0x5c, 0xf5, 0x07, 0x20, 0xfe, 0x40, 0x84, 0x1f, 0x00,
    0x00, 0x00, 0x47, 0x00, 0x00, 0x00, 0x29, 0x38, 0x07, 0x38, 0x97, 0x05, 0x80, 0x03, 0x6d, 0x4b, 0x34, 0x38, 0xe7, 0x01, 0x00, 0x00, 0x29, 0x38,
    0xf1, 0x07, 0xa0, 0xfc, 0x00, 0xd4, 0x1f, 0x00, 0x02, 0x38, 0x47, 0x05, 0x00, 0x81, 0x18, 0x4c, 0x00, 0x03, 0x07, 0x00, 0x80, 0x02, 0x18, 0x5c,
    0x03, 0x34, 0x57, 0x05, 0x00, 0x08, 0x10, 0x4c, 0xf0, 0x07, 0xc0, 0xfe, 0x00, 0xc0, 0x1f, 0x08, 0x00, 0x00, 0x27, 0x00, 0x00, 0x00, 0x48, 0x38,
    0x0f, 0x00, 0x00, 0x00, 0x00, 0x00, 0xf8, 0xf0, 0x36, 0x38, 0xc7, 0x05, 0x80, 0x7f, 0x00, 0x4e, 0xb1, 0x07, 0x00, 0xfe, 0x40, 0xc4, 0x1f, 0x00,
    0x34, 0x02, 0x07, 0x00, 0x00, 0xa0, 0xd4, 0xee, 0x35, 0x38, 0xf7, 0x01, 0x00, 0x00, 0x29, 0x38, 0x00, 0x00, 0x00, 0x19, 0x00, 0x00, 0x90, 0xe2,
    0xe1, 0x07, 0x20, 0xfc, 0x00, 0x84, 0x1f, 0x00, 0x37, 0x38, 0xc7, 0x05, 0x80, 0x7f, 0x10, 0x4e, 0x3c, 0x38, 0xc7, 0x05, 0x80, 0x7f, 0x30, 0x4e,
    0x3a, 0x38, 0xd7, 0x05, 0x80, 0x7f, 0x00, 0x4e, 0xe1, 0x07, 0x20, 0xfc, 0x00, 0x84, 0x1f, 0x00, 0x3f, 0x38, 0xd7, 0x05, 0x80, 0x7f, 0x10, 0x4f,
    0x3d, 0x38, 0xc7, 0x05, 0x00, 0x1b, 0x28, 0x4e, 0x3b, 0x35, 0xc7, 0x05, 0x80, 0x7f, 0x00, 0x4e, 0xe1, 0x07, 0x40, 0xfc, 0x00, 0xc4, 0x1f, 0x00,
    0x3e, 0x35, 0xc7, 0x05, 0x80, 0x7f, 0x10, 0x4f, 0x39, 0x38, 0xc7, 0x05, 0x80, 0x7f, 0x10, 0x4f, 0x3a, 0x38, 0xf7, 0x03, 0x18, 0x1d, 0x30, 0x5b,
    0xe2, 0x07, 0x20, 0xfc, 0x00, 0x84, 0x1f, 0x00, 0x37, 0x3d, 0x77, 0x03, 0x20, 0x1e, 0xc0, 0x5c, 0x35, 0x35, 0xe7, 0x03, 0x98, 0x1d, 0x30, 0x5b,
    0x36, 0x38, 0x97, 0x03, 0x18, 0x1b, 0x30, 0x5b, 0xf1, 0x07, 0x62, 0xfe, 0x00, 0x84, 0x1f, 0x00, 0x39, 0x00, 0x07, 0x04, 0x00, 0x00, 0x00, 0x1c,
    0x07, 0x00, 0x87, 0x05, 0x80, 0x03, 0x6d, 0x4b, 0x37, 0x3a, 0x77, 0x03, 0x80, 0x1a, 0xc0, 0x5c, 0xf1, 0x07, 0x22, 0xfe, 0x00, 0x94, 0x1f, 0x00,
    0x36, 0x00, 0x67, 0x03, 0x00, 0x80, 0x10, 0x5c, 0x35, 0x00, 0xf7, 0x01, 0x00, 0x00, 0x29, 0x38, 0x0f, 0x39, 0x87, 0x05, 0x80, 0x03, 0x6d, 0x4b,
    0xf1, 0x07, 0xc0, 0xfe, 0x40, 0x9c, 0x1f, 0x00, 0x35, 0x35, 0x77, 0x03, 0x00, 0x08, 0x10, 0x5c, 0x3a, 0x36, 0x67, 0x05, 0x00, 0x81, 0xd7, 0x4b,
    0x3b, 0x36, 0x77, 0x05, 0x80, 0x1a, 0x17, 0x1a, 0xf0, 0x07, 0xa1, 0xff, 0x00, 0xc8, 0x1f, 0x08, 0x3c, 0x34, 0x07, 0x80, 0x07, 0x10, 0x68, 0x38,
    0x0f, 0x00, 0x00, 0x00, 0x00, 0x00, 0xf8, 0xf0, 0x31, 0x3c, 0x17, 0x03, 0x00, 0x10, 0x68, 0x5c, 0xf0, 0x07, 0x42, 0xe2, 0x00, 0xc0, 0x1f, 0x08,
    0x29, 0x3c, 0x97, 0x02, 0x00, 0x10, 0x68, 0x5c, 0x31, 0x09, 0x17, 0x03, 0x00, 0x00, 0xa8, 0x5c, 0x19, 0x3c, 0x97, 0x01, 0x00, 0x10, 0x68, 0x5c,
    0x52, 0x07, 0x00, 0xfe, 0x00, 0xf4, 0x1d, 0x00, 0x29, 0x09, 0x97, 0x02, 0x00, 0x00, 0xa8, 0x5c, 0x21, 0x3c, 0x17, 0x02, 0x00, 0x10, 0x68, 0x5c,
    0x19, 0x09, 0x97, 0x01, 0x00, 0x00, 0xa8, 0x5c, 0x10, 0x0f, 0x20, 0xf2, 0x00, 0x44, 0x9c, 0x00, 0x34, 0x31, 0xf7, 0xaf, 0x00, 0x00, 0x13, 0x5d,
    0x21, 0x09, 0x17, 0x02, 0x00, 0x00, 0xa8, 0x5c, 0x35, 0x29, 0xf7, 0xaf, 0x00, 0x00, 0x13, 0x5d, 0x1d, 0x47, 0x40, 0xe0, 0x10, 0xc4, 0x23, 0x00,
    0x37, 0x19, 0xf7, 0xaf, 0x00, 0x00, 0x13, 0x5d, 0x36, 0x21, 0xf7, 0xaf, 0x00, 0x00, 0x13, 0x5d, 0x34, 0x3a, 0x07, 0x00, 0x00, 0x20, 0xde, 0xee,
    0xfd, 0x07, 0xa0, 0xff, 0x00, 0xc8, 0x1f, 0x08, 0x0f, 0x00, 0x07, 0x00, 0x00, 0x00, 0xf8, 0xf0, 0x0f, 0x00, 0x01, 0x00, 0x00, 0x00, 0xf8, 0xf0,
    0x11, 0x3c, 0x17, 0x01, 0x00, 0x10, 0x68, 0x5c, 0xf0, 0x07, 0x42, 0xea, 0x00, 0xc0, 0x1f, 0x08, 0x09, 0x3c, 0x97, 0x00, 0x00, 0x10, 0x68, 0x5c,
    0x11, 0x09, 0x17, 0x01, 0x00, 0x00, 0xa8, 0x5c, 0x6b, 0x3c, 0xb7, 0x06, 0x00, 0x10, 0x68, 0x5c, 0x72, 0x07, 0x00, 0xfe, 0x00, 0x74, 0x3c, 0x00,
    0x09, 0x09, 0x97, 0x00, 0x00, 0x00, 0xa8, 0x5c, 0x63, 0x3c, 0x37, 0x06, 0x00, 0x10, 0x68, 0x5c, 0x37, 0x09, 0xb7, 0x06, 0x00, 0x00, 0xa8, 0x5c,
    0x50, 0x27, 0x20, 0xf2, 0x00, 0x44, 0x1d, 0x01, 0x34, 0x11, 0xf7, 0xaf, 0x00, 0x00, 0x13, 0x5d, 0x36, 0x09, 0x37, 0x06, 0x00, 0x00, 0xa8, 0x5c,
    0x35, 0x09, 0xf7, 0xaf, 0x00, 0x00, 0x13, 0x5d, 0x5d, 0x0f, 0x40, 0xe8, 0x10, 0xc4, 0x83, 0x00, 0x37, 0x37, 0xf7, 0xaf, 0x00, 0x00, 0x13, 0x5d,
    0x36, 0x36, 0xf7, 0xaf, 0x00, 0x00, 0x13, 0x5d, 0x34, 0x3a, 0x07, 0x10, 0x00, 0x20, 0xde, 0xee, 0xfd, 0x07, 0x00, 0xfe, 0x00, 0xd8, 0x1f, 0x00,
    0x0f, 0x00, 0x07, 0x00, 0x00, 0x00, 0xf8, 0xf0, 0x21, 0x38, 0x17, 0x00, 0x00, 0x00, 0x00, 0x1c, 0x00, 0x00, 0x80, 0x27, 0x00, 0x00, 0x90, 0xe2,
    0xed, 0x07, 0xa0, 0xff, 0x00, 0xc0, 0x3f, 0x08, 0x07, 0x21, 0x97, 0x05, 0x80, 0x03, 0x6d, 0x4b, 0x0f, 0x00, 0x00, 0x00, 0x00, 0x00, 0xf8, 0xf0,
    0x34, 0x21, 0xc7, 0x05, 0x80, 0x7f, 0x00, 0x4e, 0xb1, 0x07, 0x00, 0xfe, 0x40, 0xc4, 0x1f, 0x00, 0x09, 0x02, 0x47, 0x00, 0x00, 0xa0, 0xd4, 0xee,
    0x11, 0x21, 0xf7, 0x01, 0x00, 0x00, 0x29, 0x38, 0x00, 0x00, 0x80, 0x19, 0x00, 0x00, 0x90, 0xe2, 0xe1, 0x07, 0x20, 0xfc, 0x00, 0x84, 0x1f, 0x00,
    0x36, 0x21, 0xc7, 0x05, 0x80, 0x7f, 0x10, 0x4e, 0x19, 0x21, 0xc7, 0x05, 0x80, 0x7f, 0x30, 0x4e, 0x3f, 0x21, 0xd7, 0x05, 0x80, 0x7f, 0x00, 0x4e,
    0xe1, 0x07, 0x20, 0xfc, 0x00, 0x84, 0x1f, 0x00, 0x40, 0x21, 0xd7, 0x05, 0x80, 0x7f, 0x10, 0x4f, 0x3b, 0x21, 0xc7, 0x05, 0x00, 0x1a, 0x28, 0x4e,
    0x3c, 0x11, 0xc7, 0x05, 0x80, 0x7f, 0x00, 0x4e, 0xe1, 0x07, 0x20, 0xfc, 0x00, 0x84, 0x1f, 0x00, 0x3e, 0x11, 0xc7, 0x05, 0x80, 0x7f, 0x10, 0x4f,
    0x37, 0x21, 0xc7, 0x05, 0x80, 0x7f, 0x00, 0x4e, 0x3a, 0x21, 0xc7, 0x05, 0x80, 0x7f, 0x10, 0x4f, 0xf1, 0x07, 0x40, 0xfc, 0x00, 0x88, 0x1f, 0x00,
    0x34, 0x21, 0x07, 0x04, 0x98, 0x1f, 0x30, 0x5b, 0x36, 0x3b, 0x67, 0x03, 0xa0, 0x0c, 0xc0, 0x5c, 0x19, 0x11, 0xe7, 0x03, 0x18, 0x1e, 0x30, 0x5b,
    0xe1, 0x07, 0x20, 0xfe, 0x40, 0xc8, 0x1f, 0x08, 0x11, 0x21, 0xa7, 0x03, 0x98, 0x1b, 0x30, 0x5b, 0x21, 0x00, 0x07, 0x04, 0x00, 0x00, 0x00, 0x1c,
    0x07, 0x00, 0x87, 0x05, 0x80, 0x03, 0x6d, 0x4b, 0xf1, 0x07, 0x20, 0xfc, 0x00, 0xc4, 0x1f, 0x00, 0x36, 0x34, 0x67, 0x03, 0x80, 0x0c, 0xc0, 0x5c,
    0x19, 0x00, 0xf7, 0x01, 0x00, 0x00, 0x29, 0x38, 0x11, 0x00, 0x17, 0x01, 0x00, 0x80, 0x10, 0x5c, 0xe5, 0x07, 0x20, 0xfe, 0x00, 0xd8, 0x1f, 0x08,
    0x0f, 0x21, 0x87, 0x05, 0x80, 0x03, 0x6d, 0x4b, 0x36, 0x19, 0x67, 0x03, 0x00, 0x08, 0x10, 0x5c, 0x34, 0x11, 0x67, 0x05, 0x00, 0x81, 0xd7, 0x4b,
    0xe7, 0x07, 0x00, 0xfe, 0x20, 0xf4, 0x1f, 0x00, 0x35, 0x11, 0x77, 0x05, 0x00, 0x1b, 0x17, 0x1a, 0x09, 0x09, 0x07, 0x80, 0x07, 0x10, 0x68, 0x38,
    0x0f, 0x00, 0x00, 0x00, 0x00, 0x00, 0xf8, 0xf0, 0xf2, 0x07, 0x02, 0xfe, 0x40, 0x48, 0x1c, 0x00, 0x30, 0x09, 0x07, 0x03, 0x00, 0x10, 0x68, 0x5c,
    0x28, 0x09, 0x87, 0x02, 0x00, 0x10, 0x68, 0x5c, 0x30, 0x09, 0x07, 0x03, 0x00, 0x00, 0xa8, 0x5c, 0xf0, 0x07, 0x42, 0xea, 0x00, 0xc0, 0x1f, 0x00,
    0x18, 0x09, 0x87, 0x01, 0x00, 0x10, 0x68, 0x5c, 0x28, 0x09, 0x87, 0x02, 0x00, 0x00, 0xa8, 0x5c, 0x20, 0x09, 0x07, 0x02, 0x00, 0x10, 0x68, 0x5c,
    0x7d, 0x07, 0x00, 0xe2, 0x01, 0x44, 0x1e, 0x00, 0x18, 0x09, 0x87, 0x01, 0x00, 0x00, 0xa8, 0x5c, 0x3c, 0x30, 0xf7, 0xaf, 0x00, 0x00, 0x13, 0x5d,
    0x20, 0x09, 0x07, 0x02, 0x00, 0x00, 0xa8, 0x5c, 0x11, 0x27, 0xa0, 0xe3, 0x08, 0x08, 0x1c, 0x02, 0x3d, 0x28, 0xf7, 0xaf, 0x00, 0x00, 0x13, 0x5d,
    0x3f, 0x18, 0xf7, 0xaf, 0x00, 0x00, 0x13, 0x5d, 0x3e, 0x20, 0xf7, 0xaf, 0x00, 0x00, 0x13, 0x5d, 0xf1, 0x08, 0xa0, 0xff, 0x00, 0xf4, 0x1f, 0x00,
    0x3c, 0x34, 0x07, 0x00, 0x00, 0x20, 0xde, 0xee, 0x0f, 0x00, 0x07, 0x00, 0x00, 0x00, 0xf8, 0xf0, 0x0f, 0x00, 0x01, 0x00, 0x00, 0x00, 0xf8, 0xf0,
    0xf2, 0x07, 0x02, 0xfe, 0x40, 0x48, 0x1d, 0x00, 0x10, 0x09, 0x07, 0x01, 0x00, 0x10, 0x68, 0x5c, 0x08, 0x09, 0x87, 0x00, 0x00, 0x10, 0x68, 0x5c,
    0x10, 0x09, 0x07, 0x01, 0x00, 0x00, 0xa8, 0x5c, 0xf0, 0x07, 0x42, 0xee, 0x00, 0xc0, 0x1f, 0x00, 0x6c, 0x09, 0xc7, 0x06, 0x00, 0x10, 0x68, 0x5c,
    0x08, 0x09, 0x87, 0x00, 0x00, 0x00, 0xa8, 0x5c, 0x64, 0x09, 0x47, 0x06, 0x00, 0x10, 0x68, 0x5c, 0x9d, 0x07, 0x00, 0xe2, 0x05, 0x44, 0x1d, 0x00,
    0x6c, 0x09, 0xc7, 0x06, 0x00, 0x00, 0xa8, 0x5c, 0x3c, 0x10, 0xf7, 0xaf, 0x00, 0x00, 0x13, 0x5d, 0x64, 0x09, 0x47, 0x06, 0x00, 0x00, 0xa8, 0x5c,
    0x11, 0x47, 0xa0, 0xe3, 0x10, 0x08, 0x9c, 0x00, 0x3d, 0x08, 0xf7, 0xaf, 0x00, 0x00, 0x13, 0x5d, 0x3f, 0x6c, 0xf7, 0xaf, 0x00, 0x00, 0x13, 0x5d,
    0x3e, 0x64, 0xf7, 0xaf, 0x00, 0x00, 0x13, 0x5d, 0xf1, 0x08, 0xa0, 0xff, 0x00, 0xc0, 0x1f, 0x00, 0x3c, 0x34, 0x07, 0x10, 0x00, 0x20, 0xde, 0xee,
    0x0f, 0x00, 0x07, 0x00, 0x00, 0x00, 0xf8, 0xf0, 0x09, 0x38, 0x27, 0x00, 0x00, 0x00, 0x00, 0x1c, 0xf6, 0x07, 0xa0, 0xfd, 0x00, 0xf4, 0x1f, 0x00,
    0x00, 0x00, 0x00, 0x27, 0x00, 0x00, 0x90, 0xe2, 0x07, 0x09, 0x97, 0x05, 0x80, 0x03, 0x6d, 0x4b, 0x0f, 0x00, 0x00, 0x00, 0x00, 0x00, 0xf8, 0xf0,
    0xf0, 0x07, 0x22, 0xf6, 0x00, 0xc0, 0x1f, 0x08, 0x18, 0x09, 0xc7, 0x05, 0x80, 0x7f, 0x00, 0x4e, 0x10, 0x02, 0x87, 0x00, 0x00, 0xa0, 0xd4, 0xee,
    0x08, 0x09, 0xf7, 0x01, 0x00, 0x00, 0x29, 0x38, 0xf1, 0x07, 0x20, 0xfc, 0x00, 0x84, 0x1f, 0x00, 0x00, 0x00, 0x00, 0x19, 0x00, 0x00, 0x90, 0xe2,
    0x11, 0x09, 0xc7, 0x05, 0x80, 0x7f, 0x10, 0x4e, 0x28, 0x09, 0xc7, 0x05, 0x80, 0x7f, 0x30, 0x4e, 0xe1, 0x0f, 0x20, 0xfc, 0x00, 0x84, 0x1f, 0x00,
    0x36, 0x09, 0xd7, 0x05, 0x80, 0x7f, 0x00, 0x4e, 0x30, 0x09, 0xd7, 0x05, 0x80, 0x7f, 0x10, 0x4f, 0x3a, 0x09, 0xc7, 0x05, 0x00, 0x0c, 0x28, 0x4e,
    0xe1, 0x07, 0x20, 0xfc, 0x00, 0x84, 0x1f, 0x00, 0x19, 0x08, 0xc7, 0x05, 0x80, 0x7f, 0x00, 0x4e, 0x3b, 0x08, 0xc7, 0x05, 0x80, 0x7f, 0x10, 0x4f,
    0x20, 0x09, 0xc7, 0x05, 0x80, 0x7f, 0x00, 0x4e, 0xe1, 0x07, 0x20, 0xfe, 0x00, 0x88, 0x1f, 0x00, 0x37, 0x09, 0xc7, 0x05, 0x80, 0x7f, 0x10, 0x4f,
    0x36, 0x09, 0x07, 0x03, 0x18, 0x1b, 0x30, 0x5b, 0x18, 0x3a, 0x17, 0x01, 0x20, 0x14, 0xc0, 0x5c, 0xe2, 0x07, 0x20, 0xfc, 0x00, 0xc4, 0x1f, 0x08,
    0x11, 0x08, 0xb7, 0x03, 0x98, 0x0c, 0x30, 0x5b, 0x09, 0x09, 0x77, 0x03, 0x18, 0x10, 0x30, 0x5b, 0x19, 0x00, 0x07, 0x04, 0x00, 0x00, 0x00, 0x1c,
    0xf2, 0x07, 0x22, 0xfe, 0x00, 0x84, 0x1f, 0x00, 0x07, 0x00, 0x87, 0x05, 0x80, 0x03, 0x6d, 0x4b, 0x18, 0x36, 0x87, 0x01, 0x80, 0x08, 0xc0, 0x5c,
    0x11, 0x00, 0xf7, 0x01, 0x00, 0x00, 0x29, 0x38, 0xf1, 0x07, 0xa0, 0xfc, 0x00, 0xc4, 0x1f, 0x00, 0x09, 0x00, 0x97, 0x00, 0x00, 0x80, 0x10, 0x5c,
    0x0f, 0x19, 0x87, 0x05, 0x80, 0x03, 0x6d, 0x4b, 0x18, 0x11, 0x87, 0x01, 0x00, 0x08, 0x10, 0x5c, 0xf6, 0x07, 0xe2, 0xfc, 0x00, 0xc0, 0x1f, 0x04,
    0x08, 0x09, 0x67, 0x05, 0x00, 0x81, 0xd7, 0x4b, 0x09, 0x09, 0x77, 0x05, 0x00, 0x0c, 0x17, 0x1a, 0x10, 0x10, 0x07, 0x80, 0x07, 0x10, 0x68, 0x38,
    0xfd, 0x07, 0x40, 0xfe, 0x40, 0xc0, 0x1f, 0x08, 0x0f, 0x00, 0x00, 0x00, 0x00, 0x00, 0xf8, 0xf0, 0x2f, 0x10, 0xf7, 0x02, 0x00, 0x10, 0x68, 0x5c,
    0x27, 0x10, 0x77, 0x02, 0x00, 0x10, 0x68, 0x5c, 0x12, 0x07, 0x00, 0xfe, 0x40, 0x48, 0x1d, 0x00, 0x2f, 0x09, 0xf7, 0x02, 0x00, 0x00, 0xa8, 0x5c,
    0x17, 0x10, 0x77, 0x01, 0x00, 0x10, 0x68, 0x5c, 0x27, 0x09, 0x77, 0x02, 0x00, 0x00, 0xa8, 0x5c, 0xf0, 0x07, 0xa0, 0xef, 0x00, 0x40, 0x3c, 0x00,
    0x1f, 0x10, 0xf7, 0x01, 0x00, 0x10, 0x68, 0x5c, 0x17, 0x09, 0x77, 0x01, 0x00, 0x00, 0xa8, 0x5c, 0x34, 0x2f, 0xf7, 0xaf, 0x00, 0x00, 0x13, 0x5d,
    0x91, 0x07, 0x20, 0xe2, 0x04, 0x74, 0x1c, 0x01, 0x1f, 0x09, 0xf7, 0x01, 0x00, 0x00, 0xa8, 0x5c, 0x35, 0x27, 0xf7, 0xaf, 0x00, 0x00, 0x13, 0x5d,
    0x37, 0x17, 0xf7, 0xaf, 0x00, 0x00, 0x13, 0x5d, 0x02, 0x87, 0x20, 0x1e, 0x01, 0xf4, 0x1f, 0x00, 0x36, 0x1f, 0xf7, 0xaf, 0x00, 0x00, 0x13, 0x5d,
    0x34, 0x08, 0x07, 0x00, 0x00, 0x20, 0xde, 0xee, 0x0f, 0x00, 0x07, 0x00, 0x00, 0x00, 0xf8, 0xf0, 0xfd, 0x07, 0x40, 0xfe, 0x40, 0xc0, 0x1f, 0x08,
    0x0f, 0x00, 0x01, 0x00, 0x00, 0x00, 0xf8, 0xf0, 0x0f, 0x10, 0xf7, 0x00, 0x00, 0x10, 0x68, 0x5c, 0x07, 0x10, 0x77, 0x00, 0x00, 0x10, 0x68, 0x5c,
    0x52, 0x07, 0x00, 0xfe, 0x40, 0xc8, 0x1d, 0x00, 0x0f, 0x09, 0xf7, 0x00, 0x00, 0x00, 0xa8, 0x5c, 0x6d, 0x10, 0xd7, 0x06, 0x00, 0x10, 0x68, 0x5c,
    0x07, 0x09, 0x77, 0x00, 0x00, 0x00, 0xa8, 0x5c, 0xf0, 0x07, 0xa0, 0xf3, 0x00, 0x40, 0xbc, 0x00, 0x65, 0x10, 0x57, 0x06, 0x00, 0x10, 0x68, 0x5c,
    0x6d, 0x09, 0xd7, 0x06, 0x00, 0x00, 0xa8, 0x5c, 0x34, 0x0f, 0xf7, 0xaf, 0x00, 0x00, 0x13, 0x5d, 0x51, 0x07, 0x20, 0xe2, 0x08, 0x74, 0x1c, 0x02,
    0x65, 0x09, 0x57, 0x06, 0x00, 0x00, 0xa8, 0x5c, 0x35, 0x07, 0xf7, 0xaf, 0x00, 0x00, 0x13, 0x5d, 0x37, 0x6d, 0xf7, 0xaf, 0x00, 0x00, 0x13, 0x5d,
    0x02, 0x27, 0x20, 0x1e, 0x01, 0xf4, 0x1f, 0x00, 0x36, 0x65, 0xf7, 0xaf, 0x00, 0x00, 0x13, 0x5d, 0x34, 0x08, 0x07, 0x10, 0x00, 0x20, 0xde, 0xee,
    0x0f, 0x00, 0x07, 0x00, 0x00, 0x00, 0xf8, 0xf0, 0xf0, 0x0f, 0xc0, 0xfe, 0x00, 0xb4, 0x1f, 0x00, 0x09, 0x38, 0x37, 0x00, 0x00, 0x00, 0x00, 0x1c,
    0x00, 0x00, 0x80, 0x27, 0x00, 0x00, 0x90, 0xe2, 0x07, 0x09, 0x97, 0x05, 0x80, 0x03, 0x6d, 0x4b, 0xfd, 0x07, 0x00, 0xfe, 0x40, 0xc4, 0x1e, 0x00,
    0x0f, 0x00, 0x00, 0x00, 0x00, 0x00, 0xf8, 0xf0, 0x0f, 0x09, 0xc7, 0x05, 0x80, 0x7f, 0x00, 0x4e, 0x07, 0x02, 0xc7, 0x00, 0x00, 0xa0, 0xd4, 0xee,
    0xf0, 0x07, 0x22, 0xfe, 0x00, 0x84, 0x1f, 0x00, 0x08, 0x09, 0xf7, 0x01, 0x00, 0x00, 0x29, 0x38, 0x00, 0x00, 0x80, 0x19, 0x00, 0x00, 0x90, 0xe2,
    0x18, 0x09, 0xc7, 0x05, 0x80, 0x7f, 0x10, 0x4e, 0xe1, 0x07, 0x20, 0xfc, 0x00, 0x84, 0x1f, 0x00, 0x19, 0x09, 0xc7, 0x05, 0x80, 0x7f, 0x30, 0x4e,
    0x20, 0x09, 0xd7, 0x05, 0x80, 0x7f, 0x00, 0x4e, 0x27, 0x09, 0xd7, 0x05, 0x80, 0x7f, 0x10, 0x4f, 0xe1, 0x07, 0x20, 0xfc, 0x00, 0x84, 0x1f, 0x00,
    0x0f, 0x09, 0xc7, 0x05, 0x80, 0x07, 0x28, 0x4e, 0x1f, 0x08, 0xc7, 0x05, 0x80, 0x7f, 0x00, 0x4e, 0x21, 0x08, 0xc7, 0x05, 0x80, 0x7f, 0x10, 0x4f,
    0xe1, 0x07, 0x20, 0xfc, 0x00, 0xc4, 0x1f, 0x00, 0x10, 0x09, 0xc7, 0x05, 0x80, 0x7f, 0x00, 0x4e, 0x17, 0x09, 0xc7, 0x05, 0x80, 0x7f, 0x10, 0x4f,
    0x11, 0x09, 0x77, 0x02, 0x18, 0x10, 0x30, 0x5b, 0xe2, 0x07, 0x40, 0xfc, 0x00, 0x84, 0x1f, 0x00, 0x0f, 0x0f, 0x87, 0x01, 0xa0, 0x0c, 0xc0, 0x5c,
    0x08, 0x08, 0x17, 0x02, 0x98, 0x0f, 0x30, 0x5b, 0x09, 0x09, 0x77, 0x01, 0x18, 0x08, 0x30, 0x5b, 0xf1, 0x07, 0x42, 0xfe, 0x40, 0xc4, 0x1f, 0x00,
    0x10, 0x00, 0x07, 0x04, 0x00, 0x00, 0x00, 0x1c, 0x07, 0x00, 0x87, 0x05, 0x80, 0x03, 0x6d, 0x4b, 0x0f, 0x11, 0xf7, 0x00, 0x00, 0x04, 0xc0, 0x5c,
    0xe1, 0x07, 0x20, 0xfe, 0x00, 0x94, 0x1f, 0x00, 0x08, 0x00, 0xf7, 0x01, 0x00, 0x00, 0x29, 0x38, 0x09, 0x00, 0x97, 0x00, 0x00, 0x80, 0x10, 0x5c,
    0x0f, 0x10, 0x87, 0x05, 0x80, 0x03, 0x6d, 0x4b, 0xf1, 0x07, 0xc0, 0xfe, 0x40, 0x9c, 0x1f, 0x00, 0x0f, 0x08, 0xf7, 0x00, 0x00, 0x08, 0x10, 0x5c,
    0x08, 0x09, 0x67, 0x05, 0x00, 0x81, 0xd7, 0x4b, 0x09, 0x09, 0x77, 0x05, 0x80, 0x07, 0x17, 0x1a, 0xf0, 0x07, 0xa1, 0xff, 0x00, 0xc8, 0x1f, 0x08,
    0x07, 0x07, 0x07, 0x80, 0x07, 0x10, 0x68, 0x38, 0x0f, 0x00, 0x00, 0x00, 0x00, 0x00, 0xf8, 0xf0, 0x2e, 0x07, 0xe7, 0x02, 0x00, 0x10, 0x68, 0x5c,
    0xf0, 0x07, 0x42, 0xe2, 0x00, 0xc0, 0x1f, 0x08, 0x26, 0x07, 0x67, 0x02, 0x00, 0x10, 0x68, 0x5c, 0x2e, 0x09, 0xe7, 0x02, 0x00, 0x00, 0xa8, 0x5c,
    0x16, 0x07, 0x67, 0x01, 0x00, 0x10, 0x68, 0x5c, 0x52, 0x07, 0x00, 0xfe, 0x00, 0xf4, 0x1d, 0x00, 0x26, 0x09, 0x67, 0x02, 0x00, 0x00, 0xa8, 0x5c,
    0x1e, 0x07, 0xe7, 0x01, 0x00, 0x10, 0x68, 0x5c, 0x16, 0x09, 0x67, 0x01, 0x00, 0x00, 0xa8, 0x5c, 0x10, 0x0f, 0x20, 0xf2, 0x00, 0x44, 0x9c, 0x00,
    0x34, 0x2e, 0xf7, 0xaf, 0x00, 0x00, 0x13, 0x5d, 0x1e, 0x09, 0xe7, 0x01, 0x00, 0x00, 0xa8, 0x5c, 0x35, 0x26, 0xf7, 0xaf, 0x00, 0x00, 0x13, 0x5d,
    0x1d, 0x47, 0x40, 0xe0, 0x10, 0xc4, 0x23, 0x00, 0x37, 0x16, 0xf7, 0xaf, 0x00, 0x00, 0x13, 0x5d, 0x36, 0x1e, 0xf7, 0xaf, 0x00, 0x00, 0x13, 0x5d,
    0x34, 0x08, 0x07, 0x00, 0x00, 0x20, 0xde, 0xee, 0xfd, 0x07, 0xa0, 0xff, 0x00, 0xc8, 0x1f, 0x08, 0x0f, 0x00, 0x07, 0x00, 0x00, 0x00, 0xf8, 0xf0,
    0x0f, 0x00, 0x01, 0x00, 0x00, 0x00, 0xf8, 0xf0, 0x0e, 0x07, 0xe7, 0x00, 0x00, 0x10, 0x68, 0x5c, 0xf0, 0x07, 0x42, 0xea, 0x00, 0xc0, 0x1f, 0x08,
    0x06, 0x07, 0x67, 0x00, 0x00, 0x10, 0x68, 0x5c, 0x0e, 0x09, 0xe7, 0x00, 0x00, 0x00, 0xa8, 0x5c, 0x6e, 0x07, 0xe7, 0x06, 0x00, 0x10, 0x68, 0x5c,
    0x72, 0x07, 0x00, 0xfe, 0x00, 0x74, 0x1e, 0x00, 0x06, 0x09, 0x67, 0x00, 0x00, 0x00, 0xa8, 0x5c, 0x66, 0x07, 0x67, 0x06, 0x00, 0x10, 0x68, 0x5c,
    0x6e, 0x09, 0xe7, 0x06, 0x00, 0x00, 0xa8, 0x5c, 0x10, 0x2f, 0x20, 0xea, 0x00, 0x44, 0x1c, 0x01, 0x34, 0x0e, 0xf7, 0xaf, 0x00, 0x00, 0x13, 0x5d,
    0x66, 0x09, 0x67, 0x06, 0x00, 0x00, 0xa8, 0x5c, 0x35, 0x06, 0xf7, 0xaf, 0x00, 0x00, 0x13, 0x5d, 0x1d, 0x87, 0x40, 0xe0, 0x04, 0xc4, 0x23, 0x00,
    0x37, 0x6e, 0xf7, 0xaf, 0x00, 0x00, 0x13, 0x5d, 0x36, 0x66, 0xf7, 0xaf, 0x00, 0x00, 0x13, 0x5d, 0x34, 0x08, 0x07, 0x10, 0x00, 0x20, 0xde, 0xee,
    0xfd, 0x07, 0x00, 0xfe, 0x00, 0xd8, 0x1f, 0x00, 0x0f, 0x00, 0x07, 0x00, 0x00, 0x00, 0xf8, 0xf0, 0x07, 0x38, 0x07, 0x04, 0x00, 0x00, 0x00, 0x1c,
    0x00, 0x00, 0x80, 0x27, 0x00, 0x00, 0x90, 0xe2, 0xed, 0x07, 0xa0, 0xff, 0x00, 0xc0, 0x3f, 0x08, 0x07, 0x07, 0x97, 0x05, 0x80, 0x03, 0x6d, 0x4b,
    0x0f, 0x00, 0x00, 0x00, 0x00, 0x00, 0xf8, 0xf0, 0x09, 0x07, 0xc7, 0x05, 0x80, 0x7f, 0x00, 0x4e, 0xb1, 0x07, 0x00, 0xfe, 0x40, 0xc4, 0x1f, 0x00,
    0x08, 0x02, 0x07, 0x10, 0x00, 0xa0, 0xd4, 0xee, 0x06, 0x07, 0xf7, 0x01, 0x00, 0x00, 0x29, 0x38, 0x00, 0x00, 0x80, 0x19, 0x00, 0x00, 0x90, 0xe2,
    0xe1, 0x07, 0x20, 0xfc, 0x00, 0x84, 0x1f, 0x00, 0x11, 0x07, 0xc7, 0x05, 0x80, 0x7f, 0x10, 0x4e, 0x16, 0x07, 0xc7, 0x05, 0x80, 0x7f, 0x30, 0x4e,
    0x1e, 0x07, 0xd7, 0x05, 0x80, 0x7f, 0x00, 0x4e, 0xe1, 0x07, 0x20, 0xfc, 0x00, 0x84, 0x1f, 0x00, 0x20, 0x07, 0xd7, 0x05, 0x80, 0x7f, 0x10, 0x4f,
    0x17, 0x07, 0xc7, 0x05, 0x80, 0x04, 0x28, 0x4e, 0x18, 0x06, 0xc7, 0x05, 0x80, 0x7f, 0x00, 0x4e, 0xe1, 0x07, 0x20, 0xfc, 0x00, 0x84, 0x1f, 0x00,
    0x19, 0x06, 0xc7, 0x05, 0x80, 0x7f, 0x10, 0x4f, 0x0e, 0x07, 0xc7, 0x05, 0x80, 0x7f, 0x00, 0x4e, 0x10, 0x07, 0xc7, 0x05, 0x80, 0x7f, 0x10, 0x4f,
    0xf1, 0x07, 0x40, 0xfc, 0x00, 0x88, 0x1f, 0x00, 0x0f, 0x07, 0x07, 0x02, 0x18, 0x0f, 0x30, 0x5b, 0x09, 0x17, 0x17, 0x01, 0x20, 0x0b, 0xc0, 0x5c,
    0x06, 0x06, 0x97, 0x01, 0x18, 0x0c, 0x30, 0x5b, 0xe1, 0x07, 0x20, 0xfe, 0x40, 0xc8, 0x1f, 0x08, 0x07, 0x07, 0x07, 0x01, 0x18, 0x07, 0x30, 0x5b,
    0x0e, 0x00, 0x07, 0x04, 0x00, 0x00, 0x00, 0x1c, 0x07, 0x00, 0x87, 0x05, 0x80, 0x03, 0x6d, 0x4b, 0xf1, 0x07, 0x20, 0xfc, 0x00, 0xc4, 0x1f, 0x00,
    0x09, 0x0f, 0x97, 0x00, 0x00, 0x03, 0xc0, 0x5c, 0x06, 0x00, 0xf7, 0x01, 0x00, 0x00, 0x29, 0x38, 0x07, 0x00, 0x77, 0x00, 0x00, 0x80, 0x10, 0x5c,
    0xe5, 0x07, 0x20, 0xfe, 0x00, 0xd8, 0x1f, 0x08, 0x0f, 0x0e, 0x87, 0x05, 0x80, 0x03, 0x6d, 0x4b, 0x09, 0x06, 0x97, 0x00, 0x00, 0x08, 0x10, 0x5c,
    0x06, 0x07, 0x67, 0x05, 0x00, 0x81, 0xd7, 0x4b, 0xe7, 0x07, 0x00, 0xfe, 0x20, 0xf4, 0x1f, 0x00, 0x07, 0x07, 0x77, 0x05, 0x80, 0x04, 0x17, 0x1a,
    0x08, 0x08, 0x07, 0x80, 0x07, 0x10, 0x68, 0x38, 0x0f, 0x00, 0x00, 0x00, 0x00, 0x00, 0xf8, 0xf0, 0xf2, 0x07, 0x02, 0xfe, 0x40, 0x48, 0x1c, 0x00,
    0x2d, 0x08, 0xd7, 0x02, 0x00, 0x10, 0x68, 0x5c, 0x25, 0x08, 0x57, 0x02, 0x00, 0x10, 0x68, 0x5c, 0x2d, 0x09, 0xd7, 0x02, 0x00, 0x00, 0xa8, 0x5c,
    0xf0, 0x07, 0x42, 0xea, 0x00, 0xc0, 0x1f, 0x00, 0x15, 0x08, 0x57, 0x01, 0x00, 0x10, 0x68, 0x5c, 0x25, 0x09, 0x57, 0x02, 0x00, 0x00, 0xa8, 0x5c,
    0x1d, 0x08, 0xd7, 0x01, 0x00, 0x10, 0x68, 0x5c, 0x7d, 0x07, 0x00, 0xe2, 0x01, 0x44, 0x1e, 0x00, 0x15, 0x09, 0x57, 0x01, 0x00, 0x00, 0xa8, 0x5c,
    0x34, 0x2d, 0xf7, 0xaf, 0x00, 0x00, 0x13, 0x5d, 0x1d, 0x09, 0xd7, 0x01, 0x00, 0x00, 0xa8, 0x5c, 0x11, 0x27, 0xa0, 0xe3, 0x08, 0x08, 0x1c, 0x02,
    0x35, 0x25, 0xf7, 0xaf, 0x00, 0x00, 0x13, 0x5d, 0x37, 0x15, 0xf7, 0xaf, 0x00, 0x00, 0x13, 0x5d, 0x36, 0x1d, 0xf7, 0xaf, 0x00, 0x00, 0x13, 0x5d,
    0xf1, 0x08, 0xa0, 0xff, 0x00, 0xf4, 0x1f, 0x00, 0x34, 0x06, 0x07, 0x00, 0x00, 0x20, 0xde, 0xee, 0x0f, 0x00, 0x07, 0x00, 0x00, 0x00, 0xf8, 0xf0,
    0x0f, 0x00, 0x01, 0x00, 0x00, 0x00, 0xf8, 0xf0, 0xf2, 0x07, 0x02, 0xfe, 0x40, 0x48, 0x1d, 0x00, 0x0d, 0x08, 0xd7, 0x00, 0x00, 0x10, 0x68, 0x5c,
    0x05, 0x08, 0x57, 0x00, 0x00, 0x10, 0x68, 0x5c, 0x0d, 0x09, 0xd7, 0x00, 0x00, 0x00, 0xa8, 0x5c, 0xf0, 0x07, 0x42, 0xee, 0x00, 0xc0, 0x1f, 0x00,
    0x6f, 0x08, 0xf7, 0x06, 0x00, 0x10, 0x68, 0x5c, 0x05, 0x09, 0x57, 0x00, 0x00, 0x00, 0xa8, 0x5c, 0x67, 0x08, 0x77, 0x06, 0x00, 0x10, 0x68, 0x5c,
    0x9d, 0x07, 0x00, 0xe2, 0x05, 0x44, 0x1d, 0x00, 0x6f, 0x09, 0xf7, 0x06, 0x00, 0x00, 0xa8, 0x5c, 0x34, 0x0d, 0xf7, 0xaf, 0x00, 0x00, 0x13, 0x5d,
    0x67, 0x09, 0x77, 0x06, 0x00, 0x00, 0xa8, 0x5c, 0x11, 0x47, 0xa0, 0xe3, 0x10, 0x08, 0x9c, 0x00, 0x35, 0x05, 0xf7, 0xaf, 0x00, 0x00, 0x13, 0x5d,
    0x37, 0x6f, 0xf7, 0xaf, 0x00, 0x00, 0x13, 0x5d, 0x36, 0x67, 0xf7, 0xaf, 0x00, 0x00, 0x13, 0x5d, 0xf1, 0x08, 0xa0, 0xff, 0x00, 0xc0, 0x3f, 0x00,
    0x34, 0x06, 0x07, 0x10, 0x00, 0x20, 0xde, 0xee, 0x0f, 0x00, 0x07, 0x00, 0x00, 0x00, 0xf8, 0xf0, 0x07, 0x38, 0x17, 0x04, 0x00, 0x00, 0x00, 0x1c,
    0xf6, 0x07, 0xa0, 0xfd, 0x00, 0xf4, 0x1f, 0x00, 0x00, 0x00, 0x00, 0x27, 0x00, 0x00, 0x90, 0xe2, 0x07, 0x07, 0x97, 0x05, 0x80, 0x03, 0x6d, 0x4b,
    0x0f, 0x00, 0x00, 0x00, 0x00, 0x00, 0xf8, 0xf0, 0xf0, 0x07, 0x22, 0xf6, 0x00, 0xc0, 0x1f, 0x08, 0x08, 0x07, 0xc7, 0x05, 0x80, 0x7f, 0x00, 0x4e,
    0x05, 0x02, 0x47, 0x10, 0x00, 0xa0, 0xd4, 0xee, 0x06, 0x07, 0xf7, 0x01, 0x00, 0x00, 0x29, 0x38, 0xf1, 0x07, 0x20, 0xfc, 0x00, 0x84, 0x1f, 0x00,
    0x00, 0x00, 0x00, 0x19, 0x00, 0x00, 0x90, 0xe2, 0x0f, 0x07, 0xc7, 0x05, 0x80, 0x7f, 0x10, 0x4e, 0x10, 0x07, 0xc7, 0x05, 0x80, 0x7f, 0x30, 0x4e,
    0xe1, 0x07, 0x20, 0xfc, 0x00, 0x84, 0x1f, 0x00, 0x09, 0x07, 0xd7, 0x05, 0x80, 0x7f, 0x00, 0x4e, 0x16, 0x07, 0xd7, 0x05, 0x80, 0x7f, 0x10, 0x4f,
    0x11, 0x07, 0xc7, 0x05, 0x00, 0x04, 0x28, 0x4e, 0xe1, 0x07, 0x20, 0xfc, 0x00, 0x84, 0x1f, 0x00, 0x15, 0x06, 0xc7, 0x05, 0x80, 0x7f, 0x00, 0x4e,
    0x17, 0x06, 0xc7, 0x05, 0x80, 0x7f, 0x10, 0x4f, 0x0d, 0x07, 0xc7, 0x05, 0x80, 0x7f, 0x00, 0x4e, 0xe1, 0x07, 0x20, 0xfe, 0x00, 0x88, 0x1f, 0x00,
    0x0e, 0x07, 0xc7, 0x05, 0x80, 0x7f, 0x10, 0x4f, 0x09, 0x07, 0x67, 0x01, 0x98, 0x04, 0x30, 0x5b, 0x08, 0x11, 0xf7, 0x00, 0x20, 0x08, 0xc0, 0x5c,
    0xe2, 0x07, 0x20, 0xfe, 0x00, 0xcc, 0x1f, 0x00, 0x06, 0x06, 0x77, 0x01, 0x98, 0x0a, 0x30, 0x5b, 0x07, 0x07, 0xe7, 0x00, 0x98, 0x06, 0x30, 0x5b,
    0x07, 0x00, 0x87, 0x05, 0x80, 0x03, 0x6d, 0x4b, 0xe1, 0x07, 0x20, 0xfe, 0x40, 0x84, 0x1f, 0x00, 0x08, 0x09, 0x87, 0x00, 0x00, 0x03, 0xc0, 0x5c,
    0x09, 0x00, 0x07, 0x04, 0x00, 0x00, 0x00, 0x1c, 0x06, 0x00, 0xf7, 0x01, 0x00, 0x00, 0x29, 0x38, 0xf4, 0x07, 0x40, 0xfc, 0x00, 0xc4, 0x1f, 0x00,
    0x07, 0x00, 0x77, 0x00, 0x00, 0x80, 0x10, 0x5c, 0x0f, 0x09, 0x87, 0x05, 0x80, 0x03, 0x6d, 0x4b, 0x08, 0x06, 0x87, 0x00, 0x00, 0x08, 0x10, 0x5c,
    0xf6, 0x07, 0xe2, 0xfc, 0x00, 0xc0, 0x1f, 0x04, 0x06, 0x07, 0x67, 0x05, 0x00, 0x81, 0xd7, 0x4b, 0x07, 0x07, 0x77, 0x05, 0x00, 0x04, 0x17, 0x1a,
    0x05, 0x05, 0x07, 0x80, 0x07, 0x10, 0x68, 0x38, 0xfd, 0x07, 0x40, 0xfe, 0x40, 0xc0, 0x1f, 0x08, 0x0f, 0x00, 0x00, 0x00, 0x00, 0x00, 0xf8, 0xf0,
    0x2c, 0x05, 0xc7, 0x02, 0x00, 0x10, 0x68, 0x5c, 0x24, 0x05, 0x47, 0x02, 0x00, 0x10, 0x68, 0x5c, 0x12, 0x07, 0x00, 0xfe, 0x40, 0x48, 0x1d, 0x00,
    0x2c, 0x09, 0xc7, 0x02, 0x00, 0x00, 0xa8, 0x5c, 0x14, 0x05, 0x47, 0x01, 0x00, 0x10, 0x68, 0x5c, 0x24, 0x09, 0x47, 0x02, 0x00, 0x00, 0xa8, 0x5c,
    0xf0, 0x07, 0xa0, 0xef, 0x00, 0x40, 0x3c, 0x00, 0x1c, 0x05, 0xc7, 0x01, 0x00, 0x10, 0x68, 0x5c, 0x14, 0x09, 0x47, 0x01, 0x00, 0x00, 0xa8, 0x5c,
    0x34, 0x2c, 0xf7, 0xaf, 0x00, 0x00, 0x13, 0x5d, 0x91, 0x07, 0x20, 0xe2, 0x04, 0x74, 0x1c, 0x01, 0x1c, 0x09, 0xc7, 0x01, 0x00, 0x00, 0xa8, 0x5c,
    0x35, 0x24, 0xf7, 0xaf, 0x00, 0x00, 0x13, 0x5d, 0x37, 0x14, 0xf7, 0xaf, 0x00, 0x00, 0x13, 0x5d, 0x02, 0x87, 0x20, 0x1e, 0x01, 0xf4, 0x1f, 0x00,
    0x36, 0x1c, 0xf7, 0xaf, 0x00, 0x00, 0x13, 0x5d, 0x34, 0x06, 0x07, 0x00, 0x00, 0x20, 0xde, 0xee, 0x0f, 0x00, 0x07, 0x00, 0x00, 0x00, 0xf8, 0xf0,
    0xfd, 0x07, 0x40, 0xfe, 0x40, 0xc0, 0x1f, 0x08, 0x0f, 0x00, 0x01, 0x00, 0x00, 0x00, 0xf8, 0xf0, 0x0c, 0x05, 0xc7, 0x00, 0x00, 0x10, 0x68, 0x5c,
    0x04, 0x05, 0x47, 0x00, 0x00, 0x10, 0x68, 0x5c, 0x52, 0x07, 0x00, 0xfe, 0x40, 0xc8, 0x1d, 0x00, 0x0c, 0x09, 0xc7, 0x00, 0x00, 0x00, 0xa8, 0x5c,
    0x70, 0x05, 0x07, 0x07, 0x00, 0x10, 0x68, 0x5c, 0x04, 0x09, 0x47, 0x00, 0x00, 0x00, 0xa8, 0x5c, 0xf0, 0x07, 0xa0, 0xf3, 0x00, 0x40, 0x9d, 0x00,
    0x68, 0x05, 0x87, 0x06, 0x00, 0x10, 0x68, 0x5c, 0x70, 0x09, 0x07, 0x07, 0x00, 0x00, 0xa8, 0x5c, 0x14, 0x0c, 0xf7, 0xaf, 0x00, 0x00, 0x13, 0x5d,
    0x11, 0x07, 0x20, 0xea, 0x08, 0x74, 0x1d, 0x02, 0x68, 0x09, 0x87, 0x06, 0x00, 0x00, 0xa8, 0x5c, 0x15, 0x04, 0xf7, 0xaf, 0x00, 0x00, 0x13, 0x5d,
    0x17, 0x70, 0xf7, 0xaf, 0x00, 0x00, 0x13, 0x5d, 0x42, 0x0f, 0x20, 0x1e, 0x04, 0xf4, 0x1f, 0x00, 0x16, 0x68, 0xf7, 0xaf, 0x00, 0x00, 0x13, 0x5d,
    0x14, 0x06, 0x07, 0x10, 0x00, 0x20, 0xde, 0xee, 0x0f, 0x00, 0x07, 0x00, 0x00, 0x00, 0xf8, 0xf0, 0xf0, 0x07, 0xc0, 0xfe, 0x00, 0xb4, 0x1f, 0x00,
    0x05, 0x38, 0x27, 0x04, 0x00, 0x00, 0x00, 0x1c, 0x00, 0x00, 0x80, 0x27, 0x00, 0x00, 0x90, 0xe2, 0x07, 0x05, 0x97, 0x05, 0x80, 0x03, 0x6d, 0x4b,
    0xfd, 0x07, 0x00, 0xfe, 0x41, 0xc4, 0x1e, 0x00, 0x0f, 0x00, 0x00, 0x00, 0x00, 0x00, 0xf8, 0xf0, 0x07, 0x05, 0xc7, 0x05, 0x80, 0x7f, 0x00, 0x4e,
    0x06, 0x02, 0x87, 0x10, 0x00, 0xa0, 0xd4, 0xee, 0xf0, 0x07, 0x22, 0xfe, 0x00, 0x84, 0x1f, 0x00, 0x04, 0x05, 0xf7, 0x01, 0x00, 0x00, 0x29, 0x38,
    0x00, 0x00, 0x80, 0x19, 0x00, 0x00, 0x90, 0xe2, 0x0c, 0x05, 0xc7, 0x05, 0x80, 0x7f, 0x10, 0x4e, 0xe1, 0x07, 0x20, 0xfc, 0x00, 0x84, 0x1f, 0x00,
    0x0d, 0x05, 0xc7, 0x05, 0x80, 0x7f, 0x30, 0x4e, 0x10, 0x05, 0xd7, 0x05, 0x80, 0x7f, 0x00, 0x4e, 0x16, 0x05, 0xd7, 0x05, 0x80, 0x7f, 0x10, 0x4f,
    0xe1, 0x07, 0x20, 0xfc, 0x00, 0x84, 0x1f, 0x00, 0x07, 0x05, 0xc7, 0x05, 0x80, 0x03, 0x28, 0x4e, 0x0f, 0x04, 0xc7, 0x05, 0x80, 0x7f, 0x00, 0x4e,
    0x11, 0x04, 0xc7, 0x05, 0x80, 0x7f, 0x10, 0x4f, 0xe1, 0x07, 0x20, 0xfc, 0x00, 0xc4, 0x1f, 0x00, 0x08, 0x05, 0xc7, 0x05, 0x80, 0x7f, 0x00, 0x4e,
    0x0e, 0x05, 0xc7, 0x05, 0x80, 0x7f, 0x10, 0x4f, 0x09, 0x05, 0x67, 0x01, 0x18, 0x08, 0x30, 0x5b, 0xe2, 0x07, 0x40, 0xfc, 0x00, 0xc4, 0x1f, 0x00,
    0x07, 0x07, 0xc7, 0x00, 0xa0, 0x06, 0xc0, 0x5c, 0x04, 0x04, 0x17, 0x01, 0x98, 0x07, 0x30, 0x5b, 0x05, 0x05, 0xe7, 0x00, 0x18, 0x04, 0x30, 0x5b,
    0xf3, 0x07, 0x22, 0xfe, 0x00, 0x84, 0x1f, 0x00, 0x07, 0x00, 0x87, 0x05, 0x80, 0x03, 0x6d, 0x4b, 0x07, 0x09, 0x77, 0x00, 0x00, 0x02, 0xc0, 0x5c,
    0x04, 0x00, 0xf7, 0x01, 0x00, 0x00, 0x29, 0x38, 0xe1, 0x07, 0xa0, 0xfc, 0x00, 0xc4, 0x1f, 0x00, 0x05, 0x00, 0x57, 0x00, 0x00, 0x80, 0x10, 0x5c,
    0x08, 0x00, 0x07, 0x04, 0x00, 0x00, 0x00, 0x1c, 0x07, 0x04, 0x77, 0x00, 0x00, 0x08, 0x10, 0x5c, 0xf1, 0x07, 0xa2, 0xfe, 0x00, 0xa4, 0x1f, 0x00,
    0x04, 0x05, 0x67, 0x05, 0x00, 0x81, 0xd7, 0x4b, 0x0f, 0x08, 0x87, 0x05, 0x80, 0x03, 0x6d, 0x4b, 0x05, 0x05, 0x77, 0x05, 0x80, 0x03, 0x17, 0x1a,
    0xf0, 0x07, 0xa1, 0xff, 0x00, 0xc8, 0x1f, 0x08, 0x08, 0x06, 0x07, 0x80, 0x07, 0x10, 0x68, 0x38, 0x0f, 0x00, 0x00, 0x00, 0x00, 0x00, 0xf8, 0xf0,
    0x2b, 0x08, 0xb7, 0x02, 0x00, 0x10, 0x68, 0x5c, 0xf0, 0x07, 0x42, 0xe2, 0x00, 0xc0, 0x1f, 0x08, 0x23, 0x08, 0x37, 0x02, 0x00, 0x10, 0x68, 0x5c,
    0x2b, 0x09, 0xb7, 0x02, 0x00, 0x00, 0xa8, 0x5c, 0x13, 0x08, 0x37, 0x01, 0x00, 0x10, 0x68, 0x5c, 0x52, 0x07, 0x00, 0xfe, 0x00, 0xf4, 0x1d, 0x00,
    0x23, 0x09, 0x37, 0x02, 0x00, 0x00, 0xa8, 0x5c, 0x1b, 0x08, 0xb7, 0x01, 0x00, 0x10, 0x68, 0x5c, 0x13, 0x09, 0x37, 0x01, 0x00, 0x00, 0xa8, 0x5c,
    0x10, 0x0f, 0x20, 0xf2, 0x00, 0x44, 0x9c, 0x00, 0x0c, 0x2b, 0xf7, 0xaf, 0x00, 0x00, 0x13, 0x5d, 0x1b, 0x09, 0xb7, 0x01, 0x00, 0x00, 0xa8, 0x5c,
    0x0d, 0x23, 0xf7, 0xaf, 0x00, 0x00, 0x13, 0x5d, 0x1d, 0x47, 0x40, 0xe0, 0x10, 0xc4, 0x23, 0x00, 0x0f, 0x13, 0xf7, 0xaf, 0x00, 0x00, 0x13, 0x5d,
    0x0e, 0x1b, 0xf7, 0xaf, 0x00, 0x00, 0x13, 0x5d, 0x0c, 0x04, 0x07, 0x00, 0x00, 0x20, 0xde, 0xee, 0xfd, 0x07, 0xa0, 0xff, 0x00, 0xc8, 0x1f, 0x08,
    0x0f, 0x00, 0x07, 0x00, 0x00, 0x00, 0xf8, 0xf0, 0x0f, 0x00, 0x01, 0x00, 0x00, 0x00, 0xf8, 0xf0, 0x0b, 0x08, 0xb7, 0x00, 0x00, 0x10, 0x68, 0x5c,
    0xf0, 0x07, 0x42, 0xea, 0x00, 0xc0, 0x1f, 0x08, 0x61, 0x08, 0x17, 0x06, 0x00, 0x10, 0x68, 0x5c, 0x0b, 0x09, 0xb7, 0x00, 0x00, 0x00, 0xa8, 0x5c,
    0x32, 0x08, 0x27, 0x03, 0x00, 0x10, 0x68, 0x5c, 0x72, 0x07, 0x00, 0xfe, 0x00, 0x74, 0x1e, 0x00, 0x61, 0x09, 0x17, 0x06, 0x00, 0x00, 0xa8, 0x5c,
    0x69, 0x08, 0x97, 0x06, 0x00, 0x10, 0x68, 0x5c, 0x32, 0x09, 0x27, 0x03, 0x00, 0x00, 0xa8, 0x5c, 0x10, 0x2f, 0x20, 0xea, 0x00, 0x44, 0x1c, 0x01,
    0x0c, 0x0b, 0xf7, 0xaf, 0x00, 0x00, 0x13, 0x5d, 0x69, 0x09, 0x97, 0x06, 0x00, 0x00, 0xa8, 0x5c, 0x0d, 0x61, 0xf7, 0xaf, 0x00, 0x00, 0x13, 0x5d,
    0x1d, 0x87, 0x40, 0xe0, 0x04, 0xc4, 0x23, 0x00, 0x0f, 0x32, 0xf7, 0xaf, 0x00, 0x00, 0x13, 0x5d, 0x0e, 0x69, 0xf7, 0xaf, 0x00, 0x00, 0x13, 0x5d,
    0x0c, 0x04, 0x07, 0x10, 0x00, 0x20, 0xde, 0xee, 0xfd, 0x07, 0xc0, 0xfe, 0x00, 0xb4, 0x1f, 0x00, 0x0f, 0x00, 0x07, 0x00, 0x00, 0x00, 0xf8, 0xf0,
    0x38, 0x38, 0x37, 0x04, 0x00, 0x00, 0x00, 0x1c, 0x07, 0x38, 0x97, 0x05, 0x80, 0x03, 0x6d, 0x4b, 0xfd, 0x07, 0x00, 0xfe, 0x41, 0xc4, 0x02, 0x00,
    0x0f, 0x00, 0x00, 0x00, 0x00, 0x00, 0x00, 0xe3, 0x06, 0x38, 0xc7, 0x05, 0x80, 0x7f, 0x00, 0x4e, 0x04, 0x02, 0xc7, 0x10, 0x00, 0xa0, 0xd4, 0xee,
    0xf0, 0x07, 0x22, 0xfe, 0x00, 0x84, 0x1f, 0x00, 0x05, 0x38, 0xf7, 0x01, 0x00, 0x00, 0x29, 0x38, 0x00, 0x00, 0x80, 0x18, 0x00, 0x00, 0x90, 0xe2,
    0x08, 0x38, 0xc7, 0x05, 0x80, 0x7f, 0x10, 0x4e, 0xe1, 0x07, 0x20, 0xfc, 0x00, 0x84, 0x1f, 0x00, 0x09, 0x38, 0xc7, 0x05, 0x80, 0x7f, 0x30, 0x4e,
    0x07, 0x38, 0xd7, 0x05, 0x80, 0x7f, 0x00, 0x4e, 0x0d, 0x38, 0xd7, 0x05, 0x80, 0x7f, 0x10, 0x4f, 0xe1, 0x07, 0x20, 0xfc, 0x00, 0x84, 0x1f, 0x00,
    0x0b, 0x38, 0xc7, 0x05, 0x00, 0x03, 0x28, 0x4e, 0x0c, 0x05, 0xc7, 0x05, 0x80, 0x7f, 0x00, 0x4e, 0x0e, 0x05, 0xc7, 0x05, 0x80, 0x7f, 0x10, 0x4f,
    0xe2, 0x0f, 0x20, 0xfe, 0x00, 0x88, 0x1f, 0x00, 0x03, 0x38, 0xc7, 0x05, 0x80, 0x7f, 0x10, 0x4f, 0x07, 0x38, 0xd7, 0x00, 0x98, 0x03, 0x30, 0x5b,
    0x02, 0x0b, 0x87, 0x00, 0xa0, 0x04, 0xc0, 0x5c, 0xe1, 0x07, 0x20, 0xfc, 0x00, 0xc4, 0x1f, 0x08, 0x05, 0x05, 0xe7, 0x00, 0x18, 0x06, 0x30, 0x5b,
    0x03, 0x38, 0x37, 0x00, 0x18, 0x03, 0x30, 0x5b, 0x06, 0x00, 0x07, 0x04, 0x00, 0x00, 0x00, 0x1c, 0xf3, 0x07, 0x22, 0xfe, 0x00, 0x84, 0x1f, 0x00,
    0x07, 0x00, 0x87, 0x05, 0x80, 0x03, 0x6d, 0x4b, 0x05, 0x07, 0x27, 0x00, 0x80, 0x02, 0xc0, 0x5c, 0x02, 0x00, 0xf7, 0x01, 0x00, 0x00, 0x29, 0x38,
    0xf1, 0x07, 0xa0, 0xfc, 0x00, 0xc4, 0x1f, 0x00, 0x03, 0x00, 0x37, 0x00, 0x00, 0x80, 0x10, 0x5c, 0x0f, 0x06, 0x87, 0x05, 0x80, 0x03, 0x6d, 0x4b,
    0x05, 0x02, 0x57, 0x00, 0x00, 0x08, 0x10, 0x5c, 0xf6, 0x07, 0xe2, 0xfc, 0x00, 0xc0, 0x1f, 0x04, 0x02, 0x03, 0x67, 0x05, 0x00, 0x81, 0xd7, 0x4b,
    0x03, 0x03, 0x77, 0x05, 0x80, 0x02, 0x17, 0x1a, 0x00, 0x04, 0x07, 0x80, 0x07, 0x10, 0x68, 0x38, 0xfd, 0x07, 0x40, 0xfe, 0x40, 0xc0, 0x1f, 0x08,
    0x0f, 0x00, 0x00, 0x00, 0x00, 0x00, 0xf8, 0xf0, 0x2a, 0x00, 0xa7, 0x02, 0x00, 0x10, 0x68, 0x5c, 0x22, 0x00, 0x27, 0x02, 0x00, 0x10, 0x68, 0x5c,
    0x12, 0x07, 0x00, 0xfe, 0x40, 0x48, 0x1d, 0x00, 0x2a, 0x09, 0xa7, 0x02, 0x00, 0x00, 0xa8, 0x5c, 0x12, 0x00, 0x27, 0x01, 0x00, 0x10, 0x68, 0x5c,
    0x22, 0x09, 0x27, 0x02, 0x00, 0x00, 0xa8, 0x5c, 0xf0, 0x07, 0xa0, 0xef, 0x00, 0x40, 0x3c, 0x00, 0x1a, 0x00, 0xa7, 0x01, 0x00, 0x10, 0x68, 0x5c,
    0x12, 0x09, 0x27, 0x01, 0x00, 0x00, 0xa8, 0x5c, 0x04, 0x2a, 0xf7, 0xaf, 0x00, 0x00, 0x13, 0x5d, 0x91, 0x07, 0x20, 0xe2, 0x04, 0x74, 0x1c, 0x01,
    0x1a, 0x09, 0xa7, 0x01, 0x00, 0x00, 0xa8, 0x5c, 0x05, 0x22, 0xf7, 0xaf, 0x00, 0x00, 0x13, 0x5d, 0x07, 0x12, 0xf7, 0xaf, 0x00, 0x00, 0x13, 0x5d,
    0x02, 0x87, 0x20, 0x1e, 0x01, 0xf4, 0x1f, 0x00, 0x06, 0x1a, 0xf7, 0xaf, 0x00, 0x00, 0x13, 0x5d, 0x04, 0x02, 0x07, 0x00, 0x00, 0x20, 0xde, 0xee,
    0x0f, 0x00, 0x07, 0x00, 0x00, 0x00, 0xf8, 0xf0, 0xea, 0x07, 0xa0, 0xff, 0x00, 0xc8, 0x1f, 0x08, 0x00, 0x0f, 0x07, 0x00, 0x00, 0x00, 0xb0, 0x50,
    0x0f, 0x00, 0x01, 0x00, 0x00, 0x00, 0x00, 0xe3, 0x0a, 0x00, 0xa7, 0x00, 0x00, 0x10, 0x68, 0x5c, 0xf0, 0x07, 0x42, 0xea, 0x00, 0xc0, 0x1f, 0x08,
    0x62, 0x00, 0x27, 0x06, 0x00, 0x10, 0x68, 0x5c, 0x0a, 0x09, 0xa7, 0x00, 0x00, 0x00, 0xa8, 0x5c, 0x33, 0x00, 0x37, 0x03, 0x00, 0x10, 0x68, 0x5c,
    0x72, 0x07, 0x00, 0xfe, 0x00, 0x74, 0x1e, 0x00, 0x62, 0x09, 0x27, 0x06, 0x00, 0x00, 0xa8, 0x5c, 0x6a, 0x00, 0xa7, 0x06, 0x00, 0x10, 0x68, 0x5c,
    0x33, 0x09, 0x37, 0x03, 0x00, 0x00, 0xa8, 0x5c, 0x10, 0x2f, 0x20, 0xea, 0x00, 0x44, 0x1c, 0x01, 0x04, 0x0a, 0xf7, 0xaf, 0x00, 0x00, 0x13, 0x5d,
    0x6a, 0x09, 0xa7, 0x06, 0x00, 0x00, 0xa8, 0x5c, 0x05, 0x62, 0xf7, 0xaf, 0x00, 0x00, 0x13, 0x5d, 0x1d, 0x87, 0x40, 0xe0, 0x04, 0xc4, 0x3f, 0x00,
    0x07, 0x33, 0xf7, 0xaf, 0x00, 0x00, 0x13, 0x5d, 0x06, 0x6a, 0xf7, 0xaf, 0x00, 0x00, 0x13, 0x5d, 0x04, 0x02, 0x07, 0x10, 0x00, 0x20, 0xde, 0xee,
    0xef, 0x07, 0x60, 0xfd, 0x00, 0xfc, 0x1f, 0x00, 0x00, 0x0f, 0x07, 0x00, 0x00, 0x00, 0xb0, 0x50, 0x00, 0x0f, 0x07, 0x00, 0x00, 0x00, 0xb0, 0x50,
    0x0f, 0x00, 0x07, 0x00, 0x00, 0x00, 0x00, 0xe3, 0xff, 0x07, 0x00, 0xfc, 0x00, 0x80, 0x1f, 0x00, 0x0f, 0x00, 0x07, 0xff, 0xff, 0x0f, 0x40, 0xe2,
    0x00, 0x0f, 0x07, 0x00, 0x00, 0x00, 0xb0, 0x50, 0x00, 0x0f, 0x07, 0x00, 0x00, 0x00, 0xb0, 0x50, 0x00, 0x00, 0x00, 0x00, 0x00, 0x00, 0x00, 0x00,
    0x00, 0x00, 0x00, 0x00, 0x00, 0x00, 0x00, 0x00, 0x00, 0x00, 0x00, 0x00, 0x00, 0x00, 0x00, 0x00, 0x00, 0x00, 0x00, 0x00, 0x00, 0x00, 0x00, 0x00,
    0x00, 0x00, 0x00, 0x00, 0x00, 0x00, 0x00, 0x00, 0x00, 0x00, 0x00, 0x00, 0x00, 0x00, 0x00, 0x00, 0x00, 0x00, 0x00, 0x00, 0x00, 0x00, 0x00, 0x00,
    0x00, 0x00, 0x00, 0x00, 0x00, 0x00, 0x00, 0x00, 0x01, 0x00, 0x00, 0x00, 0x03, 0x00, 0x00, 0x00, 0x00, 0x00, 0x00, 0x00, 0x00, 0x00, 0x00, 0x00,
    0x00, 0x00, 0x00, 0x00, 0x00, 0x00, 0x00, 0x00, 0x40, 0x00, 0x00, 0x00, 0x00, 0x00, 0x00, 0x00, 0x58, 0x01, 0x00, 0x00, 0x00, 0x00, 0x00, 0x00,
    0x00, 0x00, 0x00, 0x00, 0x00, 0x00, 0x00, 0x00, 0x01, 0x00, 0x00, 0x00, 0x00, 0x00, 0x00, 0x00, 0x00, 0x00, 0x00, 0x00, 0x00, 0x00, 0x00, 0x00,
    0x0b, 0x00, 0x00, 0x00, 0x03, 0x00, 0x00, 0x00, 0x00, 0x00, 0x00, 0x00, 0x00, 0x00, 0x00, 0x00, 0x00, 0x00, 0x00, 0x00, 0x00, 0x00, 0x00, 0x00,
    0x98, 0x01, 0x00, 0x00, 0x00, 0x00, 0x00, 0x00, 0x2b, 0x02, 0x00, 0x00, 0x00, 0x00, 0x00, 0x00, 0x00, 0x00, 0x00, 0x00, 0x00, 0x00, 0x00, 0x00,
    0x01, 0x00, 0x00, 0x00, 0x00, 0x00, 0x00, 0x00, 0x00, 0x00, 0x00, 0x00, 0x00, 0x00, 0x00, 0x00, 0x13, 0x00, 0x00, 0x00, 0x02, 0x00, 0x00, 0x00,
    0x00, 0x00, 0x00, 0x00, 0x00, 0x00, 0x00, 0x00, 0x00, 0x00, 0x00, 0x00, 0x00, 0x00, 0x00, 0x00, 0xc8, 0x03, 0x00, 0x00, 0x00, 0x00, 0x00, 0x00,
    0x78, 0x00, 0x00, 0x00, 0x00, 0x00, 0x00, 0x00, 0x02, 0x00, 0x00, 0x00, 0x04, 0x00, 0x00, 0x00, 0x08, 0x00, 0x00, 0x00, 0x00, 0x00, 0x00, 0x00,
    0x18, 0x00, 0x00, 0x00, 0x00, 0x00, 0x00, 0x00, 0x37, 0x00, 0x00, 0x00, 0x00, 0x00, 0x00, 0x70, 0x00, 0x00, 0x00, 0x00, 0x00, 0x00, 0x00, 0x00,
    0x00, 0x00, 0x00, 0x00, 0x00, 0x00, 0x00, 0x00, 0x40, 0x04, 0x00, 0x00, 0x00, 0x00, 0x00, 0x00, 0x30, 0x00, 0x00, 0x00, 0x00, 0x00, 0x00, 0x00,
    0x05, 0x00, 0x00, 0x00, 0x00, 0x00, 0x00, 0x00, 0x04, 0x00, 0x00, 0x00, 0x00, 0x00, 0x00, 0x00, 0x00, 0x00, 0x00, 0x00, 0x00, 0x00, 0x00, 0x00,
    0x82, 0x00, 0x00, 0x00, 0x00, 0x00, 0x00, 0x70, 0x00, 0x00, 0x00, 0x00, 0x00, 0x00, 0x00, 0x00, 0x00, 0x00, 0x00, 0x00, 0x00, 0x00, 0x00, 0x00,
    0x70, 0x04, 0x00, 0x00, 0x00, 0x00, 0x00, 0x00, 0x6c, 0x03, 0x00, 0x00, 0x00, 0x00, 0x00, 0x00, 0x05, 0x00, 0x00, 0x00, 0x07, 0x00, 0x00, 0x00,
    0x04, 0x00, 0x00, 0x00, 0x00, 0x00, 0x00, 0x00, 0x00, 0x00, 0x00, 0x00, 0x00, 0x00, 0x00, 0x00, 0x0e, 0x01, 0x00, 0x00, 0x01, 0x00, 0x00, 0x00,
    0x02, 0x00, 0x00, 0x00, 0x00, 0x00, 0x00, 0x00, 0x00, 0x00, 0x00, 0x00, 0x00, 0x00, 0x00, 0x00, 0xdc, 0x07, 0x00, 0x00, 0x00, 0x00, 0x00, 0x00,
    0x98, 0x01, 0x00, 0x00, 0x00, 0x00, 0x00, 0x00, 0x00, 0x00, 0x00, 0x00, 0x07, 0x00, 0x00, 0x00, 0x04, 0x00, 0x00, 0x00, 0x00, 0x00, 0x00, 0x00,
    0x00, 0x00, 0x00, 0x00, 0x00, 0x00, 0x00, 0x00, 0x40, 0x00, 0x00, 0x00, 0x01, 0x00, 0x00, 0x00, 0x06, 0x00, 0x10, 0x00, 0x00, 0x00, 0x00, 0x00,
    0x00, 0x00, 0x00, 0x00, 0x00, 0x00, 0x00, 0x00, 0x80, 0x09, 0x00, 0x00, 0x00, 0x00, 0x00, 0x00, 0x80, 0x8a, 0x00, 0x00, 0x00, 0x00, 0x00, 0x00,
    0x05, 0x00, 0x00, 0x00, 0x04, 0x00, 0x00, 0xff, 0x20, 0x00, 0x00, 0x00, 0x00, 0x00, 0x00, 0x00, 0x00, 0x00, 0x00, 0x00, 0x00, 0x00, 0x00, 0x00,
    0xc7, 0x00, 0x00, 0x00, 0x08, 0x00, 0x00, 0x00, 0x03, 0x00, 0x00, 0x00, 0x00, 0x00, 0x00, 0x00, 0x00, 0x00, 0x00, 0x00, 0x00, 0x00, 0x00, 0x00,
    0x00, 0x94, 0x00, 0x00, 0x00, 0x00, 0x00, 0x00, 0x00, 0x80, 0x00, 0x00, 0x00, 0x00, 0x00, 0x00, 0x00, 0x00, 0x00, 0x00, 0x07, 0x00, 0x00, 0x00,
    0x10, 0x00, 0x00, 0x00, 0x00, 0x00, 0x00, 0x00, 0x00, 0x00, 0x00, 0x00, 0x00, 0x00, 0x00, 0x00, 0x06, 0x00, 0x00, 0x00, 0x05, 0x00, 0x00, 0x00,
    0x40, 0x96, 0x00, 0x00, 0x00, 0x00, 0x00, 0x00, 0x00, 0x00, 0x00, 0x00, 0x00, 0x00, 0x00, 0x00, 0x00, 0x00, 0x00, 0x00, 0x00, 0x00, 0x00, 0x00,
    0xe0, 0x00, 0x00, 0x00, 0x00, 0x00, 0x00, 0x00, 0xe0, 0x00, 0x00, 0x00, 0x00, 0x00, 0x00, 0x00, 0x08, 0x00, 0x00, 0x00, 0x00, 0x00, 0x00, 0x00,
    0x01, 0x00, 0x00, 0x00, 0x05, 0x00, 0x00, 0x00, 0xdc, 0x07, 0x00, 0x00, 0x00, 0x00, 0x00, 0x00, 0x00, 0x00, 0x00, 0x00, 0x00, 0x00, 0x00, 0x00,
    0x00, 0x00, 0x00, 0x00, 0x00, 0x00, 0x00, 0x00, 0x24, 0x8c, 0x00, 0x00, 0x00, 0x00, 0x00, 0x00, 0x24, 0x8c, 0x00, 0x00, 0x00, 0x00, 0x00, 0x00,
    0x08, 0x00, 0x00, 0x00, 0x00, 0x00, 0x00, 0x00, 0x01, 0x00, 0x00, 0x00, 0x06, 0x00, 0x00, 0x00, 0x00, 0x94, 0x00, 0x00, 0x00, 0x00, 0x00, 0x00,
    0x00, 0x00, 0x00, 0x00, 0x00, 0x00, 0x00, 0x00, 0x00, 0x00, 0x00, 0x00, 0x00, 0x00, 0x00, 0x00, 0x00, 0x00, 0x00, 0x00, 0x00, 0x00, 0x00, 0x00,
    0x00, 0x80, 0x00, 0x00, 0x00, 0x00, 0x00, 0x00, 0x08, 0x00, 0x00, 0x00, 0x00, 0x00, 0x00, 0x00, 0x01, 0x00, 0x00, 0x00, 0x05, 0x00, 0x00, 0x00,
    0x40, 0x96, 0x00, 0x00, 0x00, 0x00, 0x00, 0x00, 0x00, 0x00, 0x00, 0x00, 0x00, 0x00, 0x00, 0x00, 0x00, 0x00, 0x00, 0x00, 0x00, 0x00, 0x00, 0x00,
    0xe0, 0x00, 0x00, 0x00, 0x00, 0x00, 0x00, 0x00, 0xe0, 0x00, 0x00, 0x00, 0x00, 0x00, 0x00, 0x00, 0x08, 0x00, 0x00, 0x00, 0x00, 0x00, 0x00, 0x00,
};
static const char gemm_fold_u2_sass_name_1[] = "_Z19gemm_fold_kernel_u2ILb1EEvPK6__halfS2_PKfPfiiilS2_S5_il";
static const unsigned char gemm_fold_u2_sass_1[39712] = {
    0x7f, 0x45, 0x4c, 0x46, 0x02, 0x01, 0x01, 0x33, 0x07, 0x00, 0x00, 0x00, 0x00, 0x00, 0x00, 0x00, 0x02, 0x00, 0xbe, 0x00, 0x78, 0x00, 0x00, 0x00,
    0x00, 0x00, 0x00, 0x00, 0x00, 0x00, 0x00, 0x00, 0x40, 0x9a, 0x00, 0x00, 0x00, 0x00, 0x00, 0x00, 0x00, 0x98, 0x00, 0x00, 0x00, 0x00, 0x00, 0x00,
    0x3c, 0x05, 0x3c, 0x00, 0x40, 0x00, 0x38, 0x00, 0x04, 0x00, 0x40, 0x00, 0x09, 0x00, 0x01, 0x00, 0x00, 0x2e, 0x73, 0x68, 0x73, 0x74, 0x72, 0x74,
    0x61, 0x62, 0x00, 0x2e, 0x73, 0x74, 0x72, 0x74, 0x61, 0x62, 0x00, 0x2e, 0x73, 0x79, 0x6d, 0x74, 0x61, 0x62, 0x00, 0x2e, 0x73, 0x79, 0x6d, 0x74,
    0x61, 0x62, 0x5f, 0x73, 0x68, 0x6e, 0x64, 0x78, 0x00, 0x2e, 0x6e, 0x76, 0x2e, 0x75, 0x66, 0x74, 0x2e, 0x65, 0x6e, 0x74, 0x72, 0x79, 0x00, 0x2e,
    0x6e, 0x76, 0x2e, 0x69, 0x6e, 0x66, 0x6f, 0x00, 0x2e, 0x74, 0x65, 0x78, 0x74, 0x2e, 0x5f, 0x5a, 0x31, 0x39, 0x67, 0x65, 0x6d, 0x6d, 0x5f, 0x66,
    0x6f, 0x6c, 0x64, 0x5f, 0x6b, 0x65, 0x72, 0x6e, 0x65, 0x6c, 0x5f, 0x75, 0x32, 0x49, 0x4c, 0x62, 0x31, 0x45, 0x45, 0x76, 0x50, 0x4b, 0x36, 0x5f,
    0x5f, 0x68, 0x61, 0x6c, 0x66, 0x53, 0x32, 0x5f, 0x50, 0x4b, 0x66, 0x50, 0x66, 0x69, 0x69, 0x69, 0x6c, 0x53, 0x32, 0x5f, 0x53, 0x35, 0x5f, 0x69,
    0x6c, 0x00, 0x2e, 0x6e, 0x76, 0x2e, 0x69, 0x6e, 0x66, 0x6f, 0x2e, 0x5f, 0x5a, 0x31, 0x39, 0x67, 0x65, 0x6d, 0x6d, 0x5f, 0x66, 0x6f, 0x6c, 0x64,
    0x5f, 0x6b, 0x65, 0x72, 0x6e, 0x65, 0x6c, 0x5f, 0x75, 0x32, 0x49, 0x4c, 0x62, 0x31, 0x45, 0x45, 0x76, 0x50, 0x4b, 0x36, 0x5f, 0x5f, 0x68, 0x61,
    0x6c, 0x66, 0x53, 0x32, 0x5f, 0x50, 0x4b, 0x66, 0x50, 0x66, 0x69, 0x69, 0x69, 0x6c, 0x53, 0x32, 0x5f, 0x53, 0x35, 0x5f, 0x69, 0x6c, 0x00, 0x2e,
    0x6e, 0x76, 0x2e, 0x73, 0x68, 0x61, 0x72, 0x65, 0x64, 0x2e, 0x5f, 0x5a, 0x31, 0x39, 0x67, 0x65, 0x6d, 0x6d, 0x5f, 0x66, 0x6f, 0x6c, 0x64, 0x5f,
    0x6b, 0x65, 0x72, 0x6e, 0x65, 0x6c, 0x5f, 0x75, 0x32, 0x49, 0x4c, 0x62, 0x31, 0x45, 0x45, 0x76, 0x50, 0x4b, 0x36, 0x5f, 0x5f, 0x68, 0x61, 0x6c,
    0x66, 0x53, 0x32, 0x5f, 0x50, 0x4b, 0x66, 0x50, 0x66, 0x69, 0x69, 0x69, 0x6c, 0x53, 0x32, 0x5f, 0x53, 0x35, 0x5f, 0x69, 0x6c, 0x00, 0x2e, 0x6e,
    0x76, 0x2e, 0x63, 0x6f, 0x6e, 0x73, 0x74, 0x61, 0x6e, 0x74, 0x30, 0x2e, 0x5f, 0x5a, 0x31, 0x39, 0x67, 0x65, 0x6d, 0x6d, 0x5f, 0x66, 0x6f, 0x6c,
    0x64, 0x5f, 0x6b, 0x65, 0x72, 0x6e, 0x65, 0x6c, 0x5f, 0x75, 0x32, 0x49, 0x4c, 0x62, 0x31, 0x45, 0x45, 0x76, 0x50, 0x4b, 0x36, 0x5f, 0x5f, 0x68,
    0x61, 0x6c, 0x66, 0x53, 0x32, 0x5f, 0x50, 0x4b, 0x66, 0x50, 0x66, 0x69, 0x69, 0x69, 0x6c, 0x53, 0x32, 0x5f, 0x53, 0x35, 0x5f, 0x69, 0x6c, 0x00,
    0x00, 0x2e, 0x73, 0x68, 0x73, 0x74, 0x72, 0x74, 0x61, 0x62, 0x00, 0x2e, 0x73, 0x74, 0x72, 0x74, 0x61, 0x62, 0x00, 0x2e, 0x73, 0x79, 0x6d, 0x74,
    0x61, 0x62, 0x00, 0x2e, 0x73, 0x79, 0x6d, 0x74, 0x61, 0x62, 0x5f, 0x73, 0x68, 0x6e, 0x64, 0x78, 0x00, 0x2e, 0x6e, 0x76, 0x2e, 0x75, 0x66, 0x74,
    0x2e, 0x65, 0x6e, 0x74, 0x72, 0x79, 0x00, 0x2e, 0x6e, 0x76, 0x2e, 0x69, 0x6e, 0x66, 0x6f, 0x00, 0x5f, 0x5a, 0x31, 0x39, 0x67, 0x65, 0x6d, 0x6d,
    0x5f, 0x66, 0x6f, 0x6c, 0x64, 0x5f, 0x6b, 0x65, 0x72, 0x6e, 0x65, 0x6c, 0x5f, 0x75, 0x32, 0x49, 0x4c, 0x62, 0x31, 0x45, 0x45, 0x76, 0x50, 0x4b,
    0x36, 0x5f, 0x5f, 0x68, 0x61, 0x6c, 0x66, 0x53, 0x32, 0x5f, 0x50, 0x4b, 0x66, 0x50, 0x66, 0x69, 0x69, 0x69, 0x6c, 0x53, 0x32, 0x5f, 0x53, 0x35,
    0x5f, 0x69, 0x6c, 0x00, 0x2e, 0x74, 0x65, 0x78, 0x74, 0x2e, 0x5f, 0x5a, 0x31, 0x39, 0x67, 0x65, 0x6d, 0x6d, 0x5f, 0x66, 0x6f, 0x6c, 0x64, 0x5f,
    0x6b, 0x65, 0x72, 0x6e, 0x65, 0x6c, 0x5f, 0x75, 0x32, 0x49, 0x4c, 0x62, 0x31, 0x45, 0x45, 0x76, 0x50, 0x4b, 0x36, 0x5f, 0x5f, 0x68, 0x61, 0x6c,
    0x66, 0x53, 0x32, 0x5f, 0x50, 0x4b, 0x66, 0x50, 0x66, 0x69, 0x69, 0x69, 0x6c, 0x53, 0x32, 0x5f, 0x53, 0x35, 0x5f, 0x69, 0x6c, 0x00, 0x2e, 0x6e,
    0x76, 0x2e, 0x69, 0x6e, 0x66, 0x6f, 0x2e, 0x5f, 0x5a, 0x31, 0x39, 0x67, 0x65, 0x6d, 0x6d, 0x5f, 0x66, 0x6f, 0x6c, 0x64, 0x5f, 0x6b, 0x65, 0x72,
    0x6e, 0x65, 0x6c, 0x5f, 0x75, 0x32, 0x49, 0x4c, 0x62, 0x31, 0x45, 0x45, 0x76, 0x50, 0x4b, 0x36, 0x5f, 0x5f, 0x68, 0x61, 0x6c, 0x66, 0x53, 0x32,
    0x5f, 0x50, 0x4b, 0x66, 0x50, 0x66, 0x69, 0x69, 0x69, 0x6c, 0x53, 0x32, 0x5f, 0x53, 0x35, 0x5f, 0x69, 0x6c, 0x00, 0x2e, 0x6e, 0x76, 0x2e, 0x73,
    0x68, 0x61, 0x72, 0x65, 0x64, 0x2e, 0x5f, 0x5a, 0x31, 0x39, 0x67, 0x65, 0x6d, 0x6d, 0x5f, 0x66, 0x6f, 0x6c, 0x64, 0x5f, 0x6b, 0x65, 0x72, 0x6e,
    0x65, 0x6c, 0x5f, 0x75, 0x32, 0x49, 0x4c, 0x62, 0x31, 0x45, 0x45, 0x76, 0x50, 0x4b, 0x36, 0x5f, 0x5f, 0x68, 0x61, 0x6c, 0x66, 0x53, 0x32, 0x5f,
    0x50, 0x4b, 0x66, 0x50, 0x66, 0x69, 0x69, 0x69, 0x6c, 0x53, 0x32, 0x5f, 0x53, 0x35, 0x5f, 0x69, 0x6c, 0x00, 0x24, 0x5f, 0x5f, 0x5f, 0x5a, 0x5a,
    0x31, 0x39, 0x67, 0x65, 0x6d, 0x6d, 0x5f, 0x66, 0x6f, 0x6c, 0x64, 0x5f, 0x6b, 0x65, 0x72, 0x6e, 0x65, 0x6c, 0x5f, 0x75, 0x32, 0x49, 0x4c, 0x62,
    0x31, 0x45, 0x45, 0x76, 0x50, 0x4b, 0x36, 0x5f, 0x5f, 0x68, 0x61, 0x6c, 0x66, 0x53, 0x32, 0x5f, 0x50, 0x4b, 0x66, 0x50, 0x66, 0x69, 0x69, 0x69,
    0x6c, 0x53, 0x32, 0x5f, 0x53, 0x35, 0x5f, 0x69, 0x6c, 0x45, 0x32, 0x41, 0x73, 0x5f, 0x5f, 0x34, 0x30, 0x00, 0x24, 0x5f, 0x5f, 0x5f, 0x5a, 0x5a,
    0x31, 0x39, 0x67, 0x65, 0x6d, 0x6d, 0x5f, 0x66, 0x6f, 0x6c, 0x64, 0x5f, 0x6b, 0x65, 0x72, 0x6e, 0x65, 0x6c, 0x5f, 0x75, 0x32, 0x49, 0x4c, 0x62,
    0x31, 0x45, 0x45, 0x76, 0x50, 0x4b, 0x36, 0x5f, 0x5f, 0x68, 0x61, 0x6c, 0x66, 0x53, 0x32, 0x5f, 0x50, 0x4b, 0x66, 0x50, 0x66, 0x69, 0x69, 0x69,
    0x6c, 0x53, 0x32, 0x5f, 0x53, 0x35, 0x5f, 0x69, 0x6c, 0x45, 0x32, 0x42, 0x73, 0x5f, 0x5f, 0x34, 0x32, 0x00, 0x2e, 0x6e, 0x76, 0x2e, 0x63, 0x6f,
    0x6e, 0x73, 0x74, 0x61, 0x6e, 0x74, 0x30, 0x2e, 0x5f, 0x5a, 0x31, 0x39, 0x67, 0x65, 0x6d, 0x6d, 0x5f, 0x66, 0x6f, 0x6c, 0x64, 0x5f, 0x6b, 0x65,
    0x72, 0x6e, 0x65, 0x6c, 0x5f, 0x75, 0x32, 0x49, 0x4c, 0x62, 0x31, 0x45, 0x45, 0x76, 0x50, 0x4b, 0x36, 0x5f, 0x5f, 0x68, 0x61, 0x6c, 0x66, 0x53,
    0x32, 0x5f, 0x50, 0x4b, 0x66, 0x50, 0x66, 0x69, 0x69, 0x69, 0x6c, 0x53, 0x32, 0x5f, 0x53, 0x35, 0x5f, 0x69, 0x6c, 0x00, 0x5f, 0x70, 0x61, 0x72,
    0x61, 0x6d, 0x00, 0x00, 0x00, 0x00, 0x00, 0x00, 0x00, 0x00, 0x00, 0x00, 0x00, 0x00, 0x00, 0x00, 0x00, 0x00, 0x00, 0x00, 0x00, 0x00, 0x00, 0x00,
    0x00, 0x00, 0x00, 0x00, 0x00, 0x00, 0x00, 0x00, 0x7c, 0x00, 0x00, 0x00, 0x03, 0x00, 0x07, 0x00, 0x00, 0x00, 0x00, 0x00, 0x00, 0x00, 0x00, 0x00,
    0x00, 0x00, 0x00, 0x00, 0x00, 0x00, 0x00, 0x00, 0x03, 0x01, 0x00, 0x00, 0x03, 0x00, 0x08, 0x00, 0x00, 0x00, 0x00, 0x00, 0x00, 0x00, 0x00, 0x00,
    0x00, 0x00, 0x00, 0x00, 0x00, 0x00, 0x00, 0x00, 0xda, 0x01, 0x00, 0x00, 0x03, 0x00, 0x06, 0x00, 0x00, 0x00, 0x00, 0x00, 0x00, 0x00, 0x00, 0x00,
    0x00, 0x00, 0x00, 0x00, 0x00, 0x00, 0x00, 0x00, 0x40, 0x00, 0x00, 0x00, 0x12, 0x10, 0x07, 0x00, 0x00, 0x00, 0x00, 0x00, 0x00, 0x00, 0x00, 0x00,
    0x80, 0x8e, 0x00, 0x00, 0x00, 0x00, 0x00, 0x00, 0x04, 0x2f, 0x08, 0x00, 0x04, 0x00, 0x00, 0x00, 0xff, 0x00, 0x00, 0x00, 0x04, 0x23, 0x08, 0x00,
    0x04, 0x00, 0x00, 0x00, 0x00, 0x00, 0x00, 0x00, 0x04, 0x12, 0x08, 0x00, 0x04, 0x00, 0x00, 0x00, 0x00, 0x00, 0x00, 0x00, 0x04, 0x11, 0x08, 0x00,
    0x04, 0x00, 0x00, 0x00, 0x00, 0x00, 0x00, 0x00, 0x04, 0x37, 0x04, 0x00, 0x78, 0x00, 0x00, 0x00, 0x01, 0x30, 0x00, 0x00, 0x01, 0x2a, 0x00, 0x00,
    0x04, 0x0a, 0x08, 0x00, 0x03, 0x00, 0x00, 0x00, 0x40, 0x01, 0x58, 0x00, 0x03, 0x19, 0x58, 0x00, 0x04, 0x17, 0x0c, 0x00, 0x00, 0x00, 0x00, 0x00,
    0x0b, 0x00, 0x50, 0x00, 0x00, 0xf0, 0x21, 0x00, 0x04, 0x17, 0x0c, 0x00, 0x00, 0x00, 0x00, 0x00, 0x0a, 0x00, 0x48, 0x00, 0x00, 0xf0, 0x11, 0x00,
    0x04, 0x17, 0x0c, 0x00, 0x00, 0x00, 0x00, 0x00, 0x09, 0x00, 0x40, 0x00, 0x00, 0xf0, 0x21, 0x00, 0x04, 0x17, 0x0c, 0x00, 0x00, 0x00, 0x00, 0x00,
    0x08, 0x00, 0x38, 0x00, 0x00, 0xf0, 0x21, 0x00, 0x04, 0x17, 0x0c, 0x00, 0x00, 0x00, 0x00, 0x00, 0x07, 0x00, 0x30, 0x00, 0x00, 0xf0, 0x21, 0x00,
    0x04, 0x17, 0x0c, 0x00, 0x00, 0x00, 0x00, 0x00, 0x06, 0x00, 0x28, 0x00, 0x00, 0xf0, 0x11, 0x00, 0x04, 0x17, 0x0c, 0x00, 0x00, 0x00, 0x00, 0x00,
    0x05, 0x00, 0x24, 0x00, 0x00, 0xf0, 0x11, 0x00, 0x04, 0x17, 0x0c, 0x00, 0x00, 0x00, 0x00, 0x00, 0x04, 0x00, 0x20, 0x00, 0x00, 0xf0, 0x11, 0x00,
    0x04, 0x17, 0x0c, 0x00, 0x00, 0x00, 0x00, 0x00, 0x03, 0x00, 0x18, 0x00, 0x00, 0xf0, 0x21, 0x00, 0x04, 0x17, 0x0c, 0x00, 0x00, 0x00, 0x00, 0x00,
    0x02, 0x00, 0x10, 0x00, 0x00, 0xf0, 0x21, 0x00, 0x04, 0x17, 0x0c, 0x00, 0x00, 0x00, 0x00, 0x00, 0x01, 0x00, 0x08, 0x00, 0x00, 0xf0, 0x21, 0x00,
    0x04, 0x17, 0x0c, 0x00, 0x00, 0x00, 0x00, 0x00, 0x00, 0x00, 0x00, 0x00, 0x00, 0xf0, 0x21, 0x00, 0x03, 0x1b, 0xff, 0x00, 0x04, 0x1d, 0x08, 0x00,
    0x18, 0x00, 0x00, 0x00, 0x30, 0x00, 0x00, 0x00, 0x04, 0x1c, 0x0c, 0x00, 0x48, 0x8b, 0x00, 0x00, 0x68, 0x8d, 0x00, 0x00, 0x10, 0x8e, 0x00, 0x00,
    0x04, 0x34, 0x50, 0x02, 0x28, 0x77, 0x00, 0x00, 0x00, 0x00, 0x00, 0x00, 0x01, 0x00, 0x00, 0x00, 0xf0, 0x79, 0x00, 0x00, 0xa8, 0x78, 0x00, 0x00,
    0x00, 0x00, 0x00, 0x00, 0x01, 0x00, 0x00, 0x00, 0x50, 0x79, 0x00, 0x00, 0x40, 0x79, 0x00, 0x00, 0x00, 0x00, 0x00, 0x00, 0x01, 0x00, 0x00, 0x00,
    0x50, 0x79, 0x00, 0x00, 0x50, 0x79, 0x00, 0x00, 0x00, 0x00, 0x00, 0x00, 0x01, 0x00, 0x00, 0x00, 0xf0, 0x79, 0x00, 0x00, 0xe0, 0x79, 0x00, 0x00,
    0x00, 0x00, 0x00, 0x00, 0x01, 0x00, 0x00, 0x00, 0xf0, 0x79, 0x00, 0x00, 0x10, 0x7a, 0x00, 0x00, 0x00, 0x00, 0x00, 0x00, 0x01, 0x00, 0x00, 0x00,
    0xd0, 0x7c, 0x00, 0x00, 0x88, 0x7b, 0x00, 0x00, 0x00, 0x00, 0x00, 0x00, 0x01, 0x00, 0x00, 0x00, 0x30, 0x7c, 0x00, 0x00, 0x20, 0x7c, 0x00, 0x00,
    0x00, 0x00, 0x00, 0x00, 0x01, 0x00, 0x00, 0x00, 0x30, 0x7c, 0x00, 0x00, 0x30, 0x7c, 0x00, 0x00, 0x00, 0x00, 0x00, 0x00, 0x01, 0x00, 0x00, 0x00,
    0xd0, 0x7c, 0x00, 0x00, 0xc0, 0x7c, 0x00, 0x00, 0x00, 0x00, 0x00, 0x00, 0x01, 0x00, 0x00, 0x00, 0xd0, 0x7c, 0x00, 0x00, 0xf0, 0x7c, 0x00, 0x00,
    0x00, 0x00, 0x00, 0x00, 0x01, 0x00, 0x00, 0x00, 0xb0, 0x7f, 0x00, 0x00, 0x68, 0x7e, 0x00, 0x00, 0x00, 0x00, 0x00, 0x00, 0x01, 0x00, 0x00, 0x00,
    0x10, 0x7f, 0x00, 0x00, 0x00, 0x7f, 0x00, 0x00, 0x00, 0x00, 0x00, 0x00, 0x01, 0x00, 0x00, 0x00, 0x10, 0x7f, 0x00, 0x00, 0x10, 0x7f, 0x00, 0x00,
    0x00, 0x00, 0x00, 0x00, 0x01, 0x00, 0x00, 0x00, 0xb0, 0x7f, 0x00, 0x00, 0xa0, 0x7f, 0x00, 0x00, 0x00, 0x00, 0x00, 0x00, 0x01, 0x00, 0x00, 0x00,
    0xb0, 0x7f, 0x00, 0x00, 0xd0, 0x7f, 0x00, 0x00, 0x00, 0x00, 0x00, 0x00, 0x01, 0x00, 0x00, 0x00, 0x90, 0x82, 0x00, 0x00, 0x48, 0x81, 0x00, 0x00,
    0x00, 0x00, 0x00, 0x00, 0x01, 0x00, 0x00, 0x00, 0xf0, 0x81, 0x00, 0x00, 0xe0, 0x81, 0x00, 0x00, 0x00, 0x00, 0x00, 0x00, 0x01, 0x00, 0x00, 0x00,
    0xf0, 0x81, 0x00, 0x00, 0xf0, 0x81, 0x00, 0x00, 0x00, 0x00, 0x00, 0x00, 0x01, 0x00, 0x00, 0x00, 0x90, 0x82, 0x00, 0x00, 0x80, 0x82, 0x00, 0x00,
    0x00, 0x00, 0x00, 0x00, 0x01, 0x00, 0x00, 0x00, 0x90, 0x82, 0x00, 0x00, 0xb0, 0x82, 0x00, 0x00, 0x00, 0x00, 0x00, 0x00, 0x01, 0x00, 0x00, 0x00,
    0x70, 0x85, 0x00, 0x00, 0x28, 0x84, 0x00, 0x00, 0x00, 0x00, 0x00, 0x00, 0x01, 0x00, 0x00, 0x00, 0xd0, 0x84, 0x00, 0x00, 0xc0, 0x84, 0x00, 0x00,
    0x00, 0x00, 0x00, 0x00, 0x01, 0x00, 0x00, 0x00, 0xd0, 0x84, 0x00, 0x00, 0xd0, 0x84, 0x00, 0x00, 0x00, 0x00, 0x00, 0x00, 0x01, 0x00, 0x00, 0x00,
    0x70, 0x85, 0x00, 0x00, 0x60, 0x85, 0x00, 0x00, 0x00, 0x00, 0x00, 0x00, 0x01, 0x00, 0x00, 0x00, 0x70, 0x85, 0x00, 0x00, 0x90, 0x85, 0x00, 0x00,
    0x00, 0x00, 0x00, 0x00, 0x01, 0x00, 0x00, 0x00, 0x50, 0x88, 0x00, 0x00, 0x08, 0x87, 0x00, 0x00, 0x00, 0x00, 0x00, 0x00, 0x01, 0x00, 0x00, 0x00,
    0xb0, 0x87, 0x00, 0x00, 0xa0, 0x87, 0x00, 0x00, 0x00, 0x00, 0x00, 0x00, 0x01, 0x00, 0x00, 0x00, 0xb0, 0x87, 0x00, 0x00, 0xb0, 0x87, 0x00, 0x00,
    0x00, 0x00, 0x00, 0x00, 0x01, 0x00, 0x00, 0x00, 0x50, 0x88, 0x00, 0x00, 0x40, 0x88, 0x00, 0x00, 0x00, 0x00, 0x00, 0x00, 0x01, 0x00, 0x00, 0x00,
    0x50, 0x88, 0x00, 0x00, 0x70, 0x88, 0x00, 0x00, 0x00, 0x00, 0x00, 0x00, 0x01, 0x00, 0x00, 0x00, 0x30, 0x8b, 0x00, 0x00, 0xe8, 0x89, 0x00, 0x00,
    0x00, 0x00, 0x00, 0x00, 0x01, 0x00, 0x00, 0x00, 0x90, 0x8a, 0x00, 0x00, 0x80, 0x8a, 0x00, 0x00, 0x00, 0x00, 0x00, 0x00, 0x01, 0x00, 0x00, 0x00,
    0x90, 0x8a, 0x00, 0x00, 0x90, 0x8a, 0x00, 0x00, 0x00, 0x00, 0x00, 0x00, 0x01, 0x00, 0x00, 0x00, 0x30, 0x8b, 0x00, 0x00, 0x20, 0x8b, 0x00, 0x00,
    0x00, 0x00, 0x00, 0x00, 0x01, 0x00, 0x00, 0x00, 0x30, 0x8b, 0x00, 0x00, 0xc8, 0x8c, 0x00, 0x00, 0x00, 0x00, 0x00, 0x00, 0x01, 0x00, 0x00, 0x00,
    0x60, 0x8d, 0x00, 0x00, 0x58, 0x8d, 0x00, 0x00, 0x00, 0x00, 0x00, 0x00, 0x01, 0x00, 0x00, 0x00, 0x60, 0x8d, 0x00, 0x00, 0x04, 0x05, 0x0c, 0x00,
    0x00, 0x01, 0x00, 0x00, 0x01, 0x00, 0x00, 0x00, 0x01, 0x00, 0x00, 0x00, 0x04, 0x1e, 0x04, 0x00, 0x40, 0x00, 0x00, 0x00, 0x00, 0x00, 0x00, 0x00,
    0x00, 0x00, 0x00, 0x00, 0x00, 0x00, 0x00, 0x00, 0x00, 0x00, 0x00, 0x00, 0x00, 0x00, 0x00, 0x00, 0x00, 0x00, 0x00, 0x00, 0x00, 0x00, 0x00, 0x00,
    0x00, 0x00, 0x00, 0x00, 0x00, 0x00, 0x00, 0x00, 0x00, 0x00, 0x00, 0x00, 0x00, 0x00, 0x00, 0x00, 0x00, 0x00, 0x00, 0x00, 0x00, 0x00, 0x00, 0x00,
    0x00, 0x00, 0x00, 0x00, 0x00, 0x00, 0x00, 0x00, 0x00, 0x00, 0x00, 0x00, 0x00, 0x00, 0x00, 0x00, 0x00, 0x00, 0x00, 0x00, 0x00, 0x00, 0x00, 0x00,
    0x00, 0x00, 0x00, 0x00, 0x00, 0x00, 0x00, 0x00, 0x00, 0x00, 0x00, 0x00, 0x00, 0x00, 0x00, 0x00, 0x00, 0x00, 0x00, 0x00, 0x00, 0x00, 0x00, 0x00,
    0x00, 0x00, 0x00, 0x00, 0x00, 0x00, 0x00, 0x00, 0x00, 0x00, 0x00, 0x00, 0x00, 0x00, 0x00, 0x00, 0x00, 0x00, 0x00, 0x00, 0x00, 0x00, 0x00, 0x00,
    0x00, 0x00, 0x00, 0x00, 0x00, 0x00, 0x00, 0x00, 0x00, 0x00, 0x00, 0x00, 0x00, 0x00, 0x00, 0x00, 0x00, 0x00, 0x00, 0x00, 0x00, 0x00, 0x00, 0x00,
    0x00, 0x00, 0x00, 0x00, 0x00, 0x00, 0x00, 0x00, 0x00, 0x00, 0x00, 0x00, 0x00, 0x00, 0x00, 0x00, 0x00, 0x00, 0x00, 0x00, 0x00, 0x00, 0x00, 0x00,
    0x00, 0x00, 0x00, 0x00, 0x00, 0x00, 0x00, 0x00, 0x00, 0x00, 0x00, 0x00, 0x00, 0x00, 0x00, 0x00, 0x00, 0x00, 0x00, 0x00, 0x00, 0x00, 0x00, 0x00,
    0x00, 0x00, 0x00, 0x00, 0x00, 0x00, 0x00, 0x00, 0x00, 0x00, 0x00, 0x00, 0x00, 0x00, 0x00, 0x00, 0x00, 0x00, 0x00, 0x00, 0x00, 0x00, 0x00, 0x00,
    0x00, 0x00, 0x00, 0x00, 0x00, 0x00, 0x00, 0x00, 0x00, 0x00, 0x00, 0x00, 0x00, 0x00, 0x00, 0x00, 0x00, 0x00, 0x00, 0x00, 0x00, 0x00, 0x00, 0x00,
    0x00, 0x00, 0x00, 0x00, 0x00, 0x00, 0x00, 0x00, 0x00, 0x00, 0x00, 0x00, 0x00, 0x00, 0x00, 0x00, 0x00, 0x00, 0x00, 0x00, 0x00, 0x00, 0x00, 0x00,
    0x00, 0x00, 0x00, 0x00, 0x00, 0x00, 0x00, 0x00, 0x00, 0x00, 0x00, 0x00, 0x00, 0x00, 0x00, 0x00, 0x00, 0x00, 0x00, 0x00, 0x00, 0x00, 0x00, 0x00,
    0x00, 0x00, 0x00, 0x00, 0x00, 0x00, 0x00, 0x00, 0x00, 0x00, 0x00, 0x00, 0x00, 0x00, 0x00, 0x00, 0x00, 0x00, 0x00, 0x00, 0x00, 0x00, 0x00, 0x00,
    0x00, 0x00, 0x00, 0x00, 0x00, 0x00, 0x00, 0x00, 0x00, 0x00, 0x00, 0x00, 0x00, 0x00, 0x00, 0x00, 0x00, 0x00, 0x00, 0x00, 0x00, 0x00, 0x00, 0x00,
    0x00, 0x00, 0x00, 0x00, 0x00, 0x00, 0x00, 0x00, 0x00, 0x00, 0x00, 0x00, 0x00, 0x00, 0x00, 0x00, 0x00, 0x00, 0x00, 0x00, 0x00, 0x00, 0x00, 0x00,
    0x00, 0x00, 0x00, 0x00, 0x00, 0x00, 0x00, 0x00, 0x00, 0x00, 0x00, 0x00, 0x00, 0x00, 0x00, 0x00, 0x00, 0x00, 0x00, 0x00, 0x00, 0x00, 0x00, 0x00,
    0x00, 0x00, 0x00, 0x00, 0x00, 0x00, 0x00, 0x00, 0x00, 0x00, 0x00, 0x00, 0x00, 0x00, 0x00, 0x00, 0x00, 0x00, 0x00, 0x00, 0x00, 0x00, 0x00, 0x00,
    0x00, 0x00, 0x00, 0x00, 0x00, 0x00, 0x00, 0x00, 0xf6, 0x07, 0x00, 0xfe, 0x00, 0x44, 0x1c, 0x00, 0x01, 0x00, 0x87, 0x00, 0x80, 0x07, 0x98, 0x4c,
    0x02, 0x00, 0x67, 0x00, 0x80, 0x07, 0x98, 0x4c, 0x06, 0x00, 0x57, 0x02, 0x00, 0x00, 0xc8, 0xf0, 0xf0, 0x07, 0x20, 0xe2, 0x00, 0xd0, 0x1f, 0x00,
    0x87, 0x00, 0xe7, 0x05, 0x80, 0x07, 0x98, 0x4c, 0x05, 0x00, 0x67, 0x02, 0x00, 0x00, 0xc8, 0xf0, 0x43, 0x00, 0xf7, 0x0f, 0x80, 0x07, 0x98, 0x5c,
    0xf2, 0x07, 0x00, 0xfe, 0x00, 0xc4, 0x1c, 0x00, 0x02, 0x02, 0x27, 0x00, 0x00, 0x00, 0x48, 0x38, 0x42, 0x00, 0xf7, 0x0f, 0x80, 0x07, 0x98, 0x5c,
    0x00, 0x2a, 0x27, 0x00, 0x00, 0x01, 0xba, 0x5c, 0xf0, 0x07, 0x20, 0xfe, 0x00, 0x84, 0x1f, 0x00, 0x3f, 0x00, 0xf7, 0x0f, 0x80, 0x07, 0x98, 0x5c,
    0x09, 0x3a, 0x27, 0x00, 0x00, 0x00, 0xe2, 0x5c, 0x41, 0x00, 0xf7, 0x0f, 0x80, 0x07, 0x98, 0x5c, 0xfd, 0x07, 0x20, 0xe6, 0x02, 0xc4, 0x3f, 0x08,
    0x40, 0x00, 0xf7, 0x0f, 0x80, 0x07, 0x98, 0x5c, 0x00, 0x00, 0x47, 0x00, 0x00, 0x00, 0x80, 0x50, 0x06, 0x05, 0x57, 0x00, 0x00, 0x03, 0x00, 0x4e,
    0xf2, 0x17, 0x00, 0xfe, 0x40, 0x58, 0x1c, 0x00, 0x03, 0x00, 0xe7, 0xff, 0xff, 0xff, 0x00, 0x1c, 0x00, 0x05, 0x57, 0x00, 0x80, 0x7f, 0x10, 0x4f,
    0x03, 0x0a, 0x37, 0x00, 0x80, 0x11, 0xb0, 0x5c, 0xf2, 0x07, 0x20, 0xe6, 0x00, 0x84, 0x3f, 0x00, 0x00, 0x05, 0x07, 0x00, 0x18, 0x03, 0x30, 0x5b,
    0x0d, 0x3a, 0x07, 0x00, 0x00, 0x00, 0xe2, 0x5c, 0x04, 0x09, 0x37, 0x00, 0x80, 0x7f, 0x00, 0x5b, 0xf6, 0x07, 0xc2, 0xfe, 0x00, 0xd8, 0x1f, 0x00,
    0x07, 0x09, 0x37, 0x00, 0xa8, 0x7f, 0x00, 0x5b, 0x04, 0x09, 0x77, 0x00, 0x18, 0x02, 0x30, 0x5b, 0x0a, 0x04, 0xf7, 0x0f, 0x00, 0x00, 0x12, 0x5c,
    0xf1, 0x07, 0x26, 0xfe, 0xc0, 0x90, 0x1f, 0x00, 0x04, 0x03, 0xa7, 0x00, 0x80, 0x7f, 0x00, 0x5b, 0x05, 0x03, 0xa7, 0x00, 0x88, 0x7f, 0x00, 0x5b,
    0x06, 0x03, 0xa7, 0x00, 0x88, 0x01, 0x20, 0x5b, 0xfd, 0x07, 0x00, 0xfe, 0x00, 0x58, 0x1c, 0x00, 0x03, 0x03, 0xa7, 0x00, 0x00, 0x02, 0x28, 0x5b,
    0x03, 0x03, 0x57, 0x00, 0x20, 0x03, 0xc0, 0x5c, 0x06, 0x3a, 0x27, 0x00, 0x00, 0x20, 0xe2, 0x5c, 0xf1, 0x17, 0xa6, 0xfe, 0xc0, 0xc4, 0x1f, 0x18,
    0x04, 0x03, 0xd7, 0x00, 0x80, 0x7f, 0x00, 0x5b, 0x05, 0x03, 0xd7, 0x00, 0x88, 0x7f, 0x00, 0x5b, 0x04, 0x03, 0xd7, 0x00, 0x00, 0x02, 0x28, 0x5b,
    0xf6, 0x07, 0xc0, 0xfc, 0x00, 0xc4, 0x3f, 0x18, 0x03, 0x03, 0xd7, 0x00, 0x88, 0x7f, 0x20, 0x5b, 0x03, 0x04, 0x57, 0x00, 0xa0, 0x01, 0xc0, 0x5c,
    0x04, 0x06, 0x37, 0x00, 0x80, 0x06, 0x00, 0x5b, 0xf6, 0x07, 0xc2, 0xfe, 0x00, 0xb4, 0x1f, 0x00, 0x05, 0x06, 0x37, 0x00, 0xa8, 0x7f, 0x00, 0x5b,
    0x04, 0x06, 0x57, 0x00, 0x18, 0x02, 0x30, 0x5b, 0x0f, 0x09, 0x47, 0x00, 0x80, 0x03, 0x68, 0x5b, 0xf1, 0x07, 0xa4, 0xfe, 0x00, 0x84, 0x1f, 0x00,
    0x04, 0x04, 0x99, 0x00, 0x00, 0x00, 0x11, 0x5c, 0x03, 0x03, 0x19, 0x00, 0x00, 0x00, 0x00, 0x1c, 0x07, 0x04, 0x97, 0x00, 0x80, 0x03, 0x6c, 0x5b,
    0xf6, 0x07, 0xc0, 0xfe, 0x00, 0xc4, 0x1f, 0x00, 0x04, 0x00, 0x27, 0x00, 0x00, 0x04, 0x47, 0x5c, 0x0f, 0x04, 0xf7, 0x0f, 0x80, 0x03, 0x6d, 0x5b,
    0x03, 0x03, 0x10, 0x00, 0x00, 0x00, 0x00, 0x1c, 0xf5, 0x07, 0xc0, 0xfe, 0x00, 0x88, 0x1f, 0x00, 0x07, 0x02, 0xf7, 0x0f, 0x80, 0x03, 0x65, 0x5b,
    0x08, 0x00, 0x37, 0x00, 0x80, 0x07, 0x98, 0x5c, 0x08, 0x08, 0xf9, 0x0f, 0x00, 0x00, 0x12, 0x5c, 0xfd, 0x07, 0x20, 0xfe, 0x40, 0xd4, 0x1f, 0x00,
    0x08, 0xff, 0x20, 0x00, 0x00, 0x07, 0x47, 0x5c, 0x03, 0x08, 0x57, 0x00, 0x00, 0x01, 0x1a, 0x4c, 0x07, 0x08, 0xf7, 0x0f, 0x00, 0x00, 0x12, 0x5c,
    0xf2, 0x07, 0x00, 0xfe, 0xc0, 0x44, 0x1c, 0x00, 0x09, 0x03, 0x47, 0x00, 0x80, 0x03, 0x21, 0x38, 0x00, 0x07, 0x27, 0x00, 0x00, 0x00, 0x00, 0x5b,
    0x03, 0x2a, 0x97, 0x00, 0x00, 0x01, 0xba, 0x5c, 0xf0, 0x07, 0xa0, 0xff, 0x00, 0x74, 0x3c, 0x00, 0x02, 0x07, 0x27, 0x00, 0xa8, 0x7f, 0x00, 0x5b,
    0x0b, 0x3a, 0x97, 0x00, 0x00, 0x00, 0xe2, 0x5c, 0x03, 0x03, 0x47, 0x00, 0x00, 0x00, 0x80, 0x50, 0xf2, 0x0f, 0xa0, 0xe3, 0x00, 0x84, 0x3f, 0x00,
    0x04, 0x03, 0xe7, 0xff, 0xff, 0xff, 0x00, 0x1c, 0x04, 0x0a, 0x47, 0x00, 0x80, 0x11, 0xb0, 0x5c, 0x05, 0x0b, 0x47, 0x00, 0x80, 0x7f, 0x00, 0x5b,
    0xf6, 0x07, 0x22, 0xfe, 0x00, 0xc8, 0x1f, 0x00, 0x06, 0x0b, 0x47, 0x00, 0xa8, 0x7f, 0x00, 0x5b, 0x05, 0x0b, 0x67, 0x00, 0x98, 0x02, 0x30, 0x5b,
    0x06, 0x07, 0x27, 0x00, 0x18, 0x00, 0x30, 0x5b, 0x13, 0x07, 0xc0, 0xfe, 0x00, 0x84, 0x1f, 0x00, 0x07, 0x3a, 0x67, 0x00, 0x00, 0x00, 0xe2, 0x5c,
    0x05, 0x05, 0xf7, 0x0f, 0x00, 0x00, 0x12, 0x5c, 0x03, 0x04, 0x57, 0x00, 0x80, 0x7f, 0x00, 0x5b, 0xf1, 0x07, 0x86, 0xfe, 0xc0, 0xc0, 0x1f, 0x00,
    0x00, 0x04, 0x57, 0x00, 0x88, 0x7f, 0x00, 0x5b, 0x02, 0x04, 0x57, 0x00, 0x08, 0x02, 0x20, 0x5b, 0x03, 0x04, 0x57, 0x00, 0x80, 0x01, 0x28, 0x5b,
    0x36, 0x07, 0xa0, 0xff, 0x00, 0xc4, 0x3f, 0x18, 0x05, 0x3a, 0x97, 0x00, 0x00, 0x20, 0xe2, 0x5c, 0x00, 0x03, 0x07, 0x00, 0x20, 0x01, 0xc0, 0x5c,
    0x02, 0x00, 0x77, 0x00, 0x80, 0x7f, 0x00, 0x5b, 0xf5, 0x07, 0x26, 0xfc, 0x00, 0xd8, 0x1f, 0x00, 0x03, 0x00, 0x77, 0x00, 0x88, 0x7f, 0x00, 0x5b,
    0x02, 0x00, 0x77, 0x00, 0x00, 0x01, 0x28, 0x5b, 0x00, 0x00, 0x77, 0x00, 0x88, 0x7f, 0x20, 0x5b, 0xf6, 0x07, 0x20, 0xfe, 0xc2, 0xd8, 0x1f, 0x08,
    0x00, 0x02, 0x37, 0x00, 0x20, 0x00, 0xc0, 0x5c, 0x02, 0x05, 0x07, 0x00, 0x80, 0x03, 0x00, 0x5b, 0x03, 0x05, 0x07, 0x00, 0xa8, 0x7f, 0x00, 0x5b,
    0xf6, 0x07, 0xa0, 0xfd, 0x00, 0x84, 0x1f, 0x00, 0x02, 0x05, 0x37, 0x00, 0x18, 0x01, 0x30, 0x5b, 0x0f, 0x0b, 0x27, 0x00, 0x80, 0x03, 0x68, 0x5b,
    0x02, 0x02, 0xb9, 0x00, 0x00, 0x00, 0x11, 0x5c, 0xf5, 0x07, 0x20, 0xfe, 0x00, 0xd8, 0x1f, 0x00, 0x00, 0x00, 0x19, 0x00, 0x00, 0x00, 0x00, 0x1c,
    0x07, 0x02, 0xb7, 0x00, 0x80, 0x03, 0x6c, 0x5b, 0x02, 0x06, 0x97, 0x00, 0x00, 0x04, 0x47, 0x5c, 0xf0, 0x07, 0xc0, 0xe2, 0x00, 0xc4, 0x1f, 0x00,
    0x0f, 0x02, 0xf7, 0x0f, 0x80, 0x03, 0x6d, 0x5b, 0x02, 0x00, 0x17, 0x02, 0x00, 0x00, 0xc8, 0xf0, 0x00, 0x00, 0x10, 0x00, 0x00, 0x00, 0x00, 0x1c,
    0xe6, 0x07, 0xe0, 0xfe, 0x00, 0xc4, 0x1f, 0x00, 0x07, 0x09, 0xf7, 0x0f, 0x80, 0x03, 0x65, 0x5b, 0x00, 0x00, 0xf9, 0x0f, 0x00, 0x00, 0x12, 0x5c,
    0x00, 0xff, 0x90, 0x00, 0x00, 0x07, 0x47, 0x5c, 0xf1, 0x0f, 0x82, 0xfe, 0x40, 0xc4, 0x1f, 0x00, 0x07, 0x02, 0x27, 0x00, 0x00, 0x00, 0x29, 0x38,
    0x74, 0x02, 0x07, 0x10, 0x00, 0x00, 0x00, 0x1c, 0x03, 0x00, 0xf7, 0x0f, 0x00, 0x00, 0x12, 0x5c, 0xe1, 0x07, 0x80, 0xfe, 0x00, 0xc4, 0x1f, 0x18,
    0x76, 0x02, 0x37, 0x00, 0x00, 0x00, 0x48, 0x38, 0x0b, 0x00, 0x77, 0x00, 0x80, 0x03, 0x18, 0x5c, 0x04, 0x03, 0x97, 0x00, 0x00, 0x03, 0x00, 0x5b,
    0xf1, 0x07, 0x20, 0xfe, 0x00, 0xc4, 0x1f, 0x00, 0x05, 0x03, 0x97, 0x00, 0xa8, 0x7f, 0x00, 0x5b, 0x76, 0x76, 0x87, 0x01, 0x00, 0x00, 0x00, 0x04,
    0x16, 0x74, 0x27, 0x00, 0x00, 0x00, 0x29, 0x38, 0xe3, 0x07, 0x20, 0xfe, 0x00, 0xc4, 0x1f, 0x08, 0x06, 0x0b, 0x97, 0x05, 0x80, 0x03, 0x53, 0x4b,
    0x03, 0x03, 0x57, 0x00, 0x18, 0x02, 0x30, 0x5b, 0x17, 0x0b, 0x97, 0x05, 0x80, 0x03, 0x6d, 0x4b, 0xf1, 0x07, 0x60, 0xfe, 0x00, 0xc4, 0x1f, 0x00,
    0x73, 0x74, 0x37, 0x00, 0x00, 0x00, 0x48, 0x38, 0x06, 0x0b, 0x67, 0x00, 0x00, 0x00, 0x47, 0x5c, 0x03, 0x08, 0x37, 0x00, 0x00, 0x01, 0x18, 0x5c,
    0xe2, 0x07, 0x20, 0xfe, 0x40, 0xc8, 0x1f, 0x08, 0x08, 0x00, 0x27, 0x06, 0x80, 0x07, 0x98, 0x4c, 0x05, 0x06, 0xa7, 0x05, 0x80, 0x7f, 0x00, 0x4e,
    0x09, 0x06, 0xa7, 0x05, 0x80, 0x7f, 0x00, 0x4e, 0xf1, 0x07, 0x20, 0xfe, 0x40, 0xc4, 0x1f, 0x08, 0x04, 0x03, 0x77, 0x00, 0x00, 0x00, 0x48, 0x38,
    0x0c, 0x06, 0xa7, 0x05, 0x80, 0x7f, 0x10, 0x4f, 0x0a, 0x06, 0xa7, 0x05, 0x80, 0x7f, 0x12, 0x4e, 0xe1, 0x07, 0x40, 0xfe, 0x40, 0xc4, 0x1f, 0x00,
    0x0d, 0x06, 0xa7, 0x05, 0x80, 0x7f, 0x3f, 0x4e, 0x0f, 0x06, 0xa7, 0x05, 0x80, 0x02, 0x29, 0x4e, 0x0f, 0x04, 0x27, 0x06, 0x80, 0x03, 0x6d, 0x4b,
    0xf1, 0x07, 0x40, 0xfe, 0x00, 0xcc, 0x1f, 0x00, 0x09, 0x06, 0xc7, 0x00, 0x98, 0x04, 0x30, 0x5b, 0x06, 0x08, 0x87, 0x05, 0x00, 0x00, 0x12, 0x4c,
    0x0a, 0x0f, 0xa7, 0x00, 0xa0, 0x06, 0xc0, 0x5c, 0xe6, 0x07, 0x20, 0xfe, 0x00, 0xc4, 0x1f, 0x00, 0x09, 0x09, 0x67, 0x07, 0x00, 0x80, 0x10, 0x5c,
    0x05, 0xff, 0x27, 0x06, 0x80, 0x04, 0xa0, 0x4c, 0x0a, 0x0a, 0xf7, 0x0f, 0x00, 0x08, 0x10, 0x5c, 0xf1, 0x07, 0x60, 0xfe, 0x00, 0xc4, 0x1f, 0x00,
    0x88, 0x09, 0x27, 0x05, 0x80, 0x80, 0xd7, 0x4b, 0x87, 0x87, 0x07, 0x05, 0x80, 0x00, 0xa0, 0x4c, 0x05, 0x04, 0x57, 0x00, 0x00, 0x00, 0x11, 0x5c,
    0xe1, 0x07, 0x40, 0xfe, 0x00, 0xc0, 0x1f, 0x00, 0x04, 0x06, 0x27, 0x06, 0x80, 0x00, 0xa0, 0x4c, 0x89, 0x09, 0x37, 0x05, 0x00, 0x05, 0x0f, 0x1a,
    0x73, 0x73, 0x87, 0x01, 0x00, 0x00, 0x00, 0x04, 0xb2, 0x07, 0x20, 0xfe, 0x40, 0xd4, 0x1f, 0x00, 0x40, 0x88, 0x0a, 0x00, 0x00, 0xa0, 0xd6, 0xee,
    0x06, 0x05, 0x77, 0x00, 0x00, 0x00, 0x10, 0x5c, 0x0d, 0x05, 0x67, 0x01, 0x00, 0x00, 0x10, 0x5c, 0xf1, 0x07, 0x24, 0xfc, 0x00, 0xd0, 0x1f, 0x18,
    0x05, 0x06, 0x47, 0x00, 0x80, 0x03, 0x53, 0x5b, 0x08, 0x0d, 0x47, 0x00, 0x80, 0x03, 0x53, 0x5b, 0x27, 0x06, 0x47, 0x00, 0x80, 0x03, 0x6d, 0x5b,
    0xf1, 0x07, 0x20, 0xfe, 0x40, 0xd0, 0x1f, 0x00, 0x05, 0x06, 0x57, 0x00, 0x00, 0x00, 0x47, 0x5c, 0x1f, 0x0d, 0x47, 0x00, 0x80, 0x03, 0x6d, 0x5b,
    0x08, 0x0d, 0x87, 0x00, 0x00, 0x00, 0x47, 0x5c, 0xf1, 0x07, 0x22, 0xfc, 0x00, 0xc4, 0x1f, 0x08, 0x0a, 0x05, 0xa7, 0x05, 0x80, 0x7f, 0x00, 0x4e,
    0x06, 0x05, 0xa7, 0x05, 0x80, 0x7f, 0x00, 0x4e, 0x0b, 0x05, 0xa7, 0x05, 0x80, 0x7f, 0x10, 0x4f, 0xf1, 0x07, 0x22, 0xfe, 0x40, 0xc4, 0x1f, 0x08,
    0x09, 0x05, 0xa7, 0x05, 0x80, 0x7f, 0x12, 0x4e, 0x0c, 0x05, 0xa7, 0x05, 0x80, 0x7f, 0x3f, 0x4e, 0x0e, 0x08, 0xa7, 0x05, 0x80, 0x7f, 0x00, 0x4e,
    0xf1, 0x07, 0x20, 0xfc, 0x00, 0xc4, 0x1f, 0x00, 0x0a, 0x05, 0xa7, 0x05, 0x00, 0x05, 0x29, 0x4e, 0x0f, 0x08, 0xa7, 0x05, 0x80, 0x7f, 0x12, 0x4e,
    0x05, 0x05, 0xb7, 0x00, 0x18, 0x03, 0x30, 0x5b, 0xf1, 0x07, 0x22, 0xfe, 0x00, 0xc4, 0x1f, 0x08, 0x10, 0x08, 0xa7, 0x05, 0x80, 0x7f, 0x3f, 0x4e,
    0x0b, 0x00, 0xf7, 0x05, 0x80, 0x07, 0x98, 0x4c, 0x0e, 0x08, 0xa7, 0x05, 0x00, 0x07, 0x29, 0x4e, 0xf1, 0x07, 0x20, 0xfc, 0x00, 0xc4, 0x1f, 0x00,
    0x09, 0x0a, 0x97, 0x00, 0x20, 0x06, 0xc0, 0x5c, 0x0d, 0x08, 0xa7, 0x05, 0x80, 0x7f, 0x00, 0x4e, 0x0a, 0x00, 0x67, 0x01, 0x80, 0x03, 0x18, 0x5c,
    0xf1, 0x07, 0x20, 0xfe, 0x00, 0xc4, 0x1f, 0x00, 0x06, 0x05, 0x67, 0x07, 0x00, 0x80, 0x10, 0x5c, 0x0b, 0x0b, 0x17, 0x05, 0x80, 0x00, 0xa0, 0x4c,
    0x0f, 0x0e, 0xf7, 0x00, 0x20, 0x08, 0xc0, 0x5c, 0xf2, 0x07, 0x20, 0xfc, 0x00, 0xc4, 0x1f, 0x00, 0x0e, 0x08, 0xa7, 0x05, 0x80, 0x7f, 0x10, 0x4f,
    0x05, 0x0a, 0x97, 0x05, 0x80, 0x03, 0x53, 0x4b, 0x09, 0x09, 0xf7, 0x0f, 0x00, 0x08, 0x10, 0x5c, 0xf1, 0x07, 0x20, 0xfe, 0x00, 0xc4, 0x1f, 0x00,
    0x8a, 0x06, 0x77, 0x08, 0x80, 0x80, 0xd7, 0x5b, 0x3e, 0x00, 0xf7, 0x0f, 0x80, 0x07, 0x98, 0x5c, 0x77, 0x40, 0x07, 0xe0, 0x80, 0x03, 0x88, 0x50,
    0xf1, 0x07, 0x40, 0xfc, 0x00, 0xcc, 0x1f, 0x00, 0x0d, 0x08, 0xe7, 0x00, 0x98, 0x06, 0x30, 0x5b, 0x05, 0x0a, 0x57, 0x00, 0x00, 0x00, 0x47, 0x5c,
    0x8b, 0x06, 0xb7, 0x10, 0xc0, 0x04, 0xdf, 0x5b, 0xf1, 0x07, 0x20, 0xfe, 0x40, 0xc4, 0x1f, 0x08, 0x06, 0x0d, 0x37, 0x07, 0x00, 0x80, 0x10, 0x5c,
    0x08, 0x05, 0xa7, 0x05, 0x80, 0x7f, 0x00, 0x4e, 0x0c, 0x05, 0xa7, 0x05, 0x80, 0x7f, 0x00, 0x4e, 0xf1, 0x07, 0x22, 0xfc, 0x00, 0xc8, 0x1f, 0x08,
    0x0e, 0x05, 0xa7, 0x05, 0x80, 0x7f, 0x10, 0x4f, 0x09, 0x05, 0xa7, 0x05, 0x80, 0x7f, 0x12, 0x4e, 0x10, 0x05, 0xa7, 0x05, 0x80, 0x7f, 0x3f, 0x4e,
    0xf1, 0x07, 0x22, 0xfe, 0x00, 0xc4, 0x1f, 0x00, 0x12, 0x05, 0xa7, 0x05, 0x00, 0x04, 0x29, 0x4e, 0x08, 0x0f, 0xf7, 0x0f, 0x00, 0x08, 0x10, 0x5c,
    0x86, 0x06, 0x77, 0x08, 0x80, 0x80, 0xd7, 0x5b, 0xf1, 0x07, 0x20, 0xfc, 0x00, 0xc0, 0x1f, 0x00, 0x05, 0x05, 0xe7, 0x00, 0x18, 0x06, 0x30, 0x5b,
    0x3d, 0x00, 0xf7, 0x0f, 0x80, 0x07, 0x98, 0x5c, 0x3c, 0x00, 0xf7, 0x0f, 0x80, 0x07, 0x98, 0x5c, 0xb1, 0x07, 0x40, 0xfe, 0x00, 0xc4, 0x1f, 0x00,
    0x3c, 0x8a, 0x0c, 0x00, 0x00, 0xa0, 0xd6, 0xee, 0x09, 0x12, 0x97, 0x00, 0x20, 0x08, 0xc0, 0x5c, 0x87, 0x06, 0xb7, 0x10, 0x40, 0x04, 0xdf, 0x5b,
    0xf1, 0x07, 0xa0, 0xfe, 0x00, 0x84, 0x1f, 0x00, 0x05, 0x05, 0x37, 0x07, 0x00, 0x80, 0x10, 0x5c, 0x27, 0x0a, 0x97, 0x05, 0x80, 0x03, 0x6d, 0x4b,
    0x06, 0x09, 0xf7, 0x0f, 0x00, 0x08, 0x10, 0x5c, 0xf1, 0x07, 0x22, 0xfe, 0x00, 0xc4, 0x1f, 0x00, 0x84, 0x05, 0x27, 0x05, 0x80, 0x80, 0xd7, 0x4b,
    0x3b, 0x00, 0xf7, 0x0f, 0x80, 0x07, 0x98, 0x5c, 0x3a, 0x00, 0xf7, 0x0f, 0x80, 0x07, 0x98, 0x5c, 0xf1, 0x07, 0x00, 0xfe, 0x00, 0xc8, 0x1e, 0x00,
    0x39, 0x00, 0xf7, 0x0f, 0x80, 0x07, 0x98, 0x5c, 0x38, 0x00, 0xf7, 0x0f, 0x80, 0x07, 0x98, 0x5c, 0x38, 0x86, 0x0b, 0x00, 0x00, 0xa0, 0xd6, 0xee,
    0xe1, 0x07, 0x20, 0xfe, 0x00, 0xc4, 0x1f, 0x00, 0x85, 0x05, 0x37, 0x05, 0x00, 0x03, 0x0f, 0x1a, 0x37, 0x00, 0xf7, 0x0f, 0x80, 0x07, 0x98, 0x5c,
    0x36, 0x00, 0xf7, 0x0f, 0x80, 0x07, 0x98, 0x5c, 0xf1, 0x07, 0x00, 0xfe, 0x00, 0xc4, 0x1e, 0x00, 0x35, 0x00, 0xf7, 0x0f, 0x80, 0x07, 0x98, 0x5c,
    0x34, 0x00, 0xf7, 0x0f, 0x80, 0x07, 0x98, 0x5c, 0x34, 0x84, 0x0c, 0x00, 0x00, 0xa0, 0xd6, 0xee, 0xf1, 0x07, 0x20, 0xfc, 0x00, 0xc4, 0x1f, 0x00,
    0x75, 0x02, 0x97, 0x00, 0x00, 0x00, 0x48, 0x38, 0x72, 0x74, 0x97, 0x00, 0x00, 0x00, 0x48, 0x38, 0x45, 0x00, 0xa7, 0x05, 0x80, 0x07, 0x98, 0x4c,
    0xf1, 0x07, 0x40, 0xfe, 0x00, 0xc4, 0x1f, 0x00, 0x07, 0x76, 0x77, 0x00, 0x00, 0x04, 0x47, 0x5c, 0x18, 0x73, 0x67, 0x01, 0x00, 0x04, 0x47, 0x5c,
    0x75, 0x75, 0x07, 0x60, 0x00, 0x00, 0x00, 0x04, 0xf1, 0x07, 0x80, 0xfc, 0x00, 0xc4, 0x1f, 0x00, 0x72, 0x72, 0x07, 0x60, 0x00, 0x00, 0x00, 0x04,
    0x07, 0x45, 0x07, 0x02, 0x80, 0x03, 0x6d, 0x36, 0x08, 0x75, 0x77, 0x00, 0x00, 0x00, 0x10, 0x5c, 0xf5, 0x07, 0x20, 0xfe, 0x00, 0xc4, 0x1f, 0x00,
    0x1c, 0x72, 0x87, 0x01, 0x00, 0x00, 0x10, 0x5c, 0x23, 0x08, 0x27, 0x00, 0x00, 0x00, 0x48, 0x38, 0x44, 0x1c, 0x27, 0x00, 0x00, 0x00, 0x48, 0x38,
    0xf1, 0x07, 0x20, 0xfc, 0x00, 0xc4, 0x1f, 0x00, 0x71, 0x00, 0xf7, 0x0f, 0x80, 0x07, 0x98, 0x5c, 0x70, 0x00, 0xf7, 0x0f, 0x80, 0x07, 0x98, 0x5c,
    0x6f, 0x00, 0xf7, 0x0f, 0x80, 0x07, 0x98, 0x5c, 0xf1, 0x07, 0x20, 0xfe, 0x00, 0xc4, 0x1f, 0x00, 0x6e, 0x00, 0xf7, 0x0f, 0x80, 0x07, 0x98, 0x5c,
    0x6d, 0x00, 0xf7, 0x0f, 0x80, 0x07, 0x98, 0x5c, 0x6c, 0x00, 0xf7, 0x0f, 0x80, 0x07, 0x98, 0x5c, 0xf1, 0x07, 0x20, 0xfc, 0x00, 0xc4, 0x1f, 0x00,
    0x6b, 0x00, 0xf7, 0x0f, 0x80, 0x07, 0x98, 0x5c, 0x6a, 0x00, 0xf7, 0x0f, 0x80, 0x07, 0x98, 0x5c, 0x69, 0x00, 0xf7, 0x0f, 0x80, 0x07, 0x98, 0x5c,
    0xf1, 0x07, 0x20, 0xfe, 0x00, 0xc4, 0x1f, 0x00, 0x68, 0x00, 0xf7, 0x0f, 0x80, 0x07, 0x98, 0x5c, 0x67, 0x00, 0xf7, 0x0f, 0x80, 0x07, 0x98, 0x5c,
    0x66, 0x00, 0xf7, 0x0f, 0x80, 0x07, 0x98, 0x5c, 0xf1, 0x07, 0x20, 0xfc, 0x00, 0xc4, 0x1f, 0x00, 0x65, 0x00, 0xf7, 0x0f, 0x80, 0x07, 0x98, 0x5c,
    0x64, 0x00, 0xf7, 0x0f, 0x80, 0x07, 0x98, 0x5c, 0x63, 0x00, 0xf7, 0x0f, 0x80, 0x07, 0x98, 0x5c, 0xf1, 0x07, 0x20, 0xfe, 0x00, 0xc4, 0x1f, 0x00,
    0x62, 0x00, 0xf7, 0x0f, 0x80, 0x07, 0x98, 0x5c, 0x61, 0x00, 0xf7, 0x0f, 0x80, 0x07, 0x98, 0x5c, 0x05, 0x00, 0xf7, 0x0f, 0x80, 0x07, 0x98, 0x5c,
    0xf1, 0x07, 0x20, 0xfc, 0x00, 0xc4, 0x1f, 0x00, 0x06, 0x00, 0xf7, 0x0f, 0x80, 0x07, 0x98, 0x5c, 0x07, 0x00, 0xf7, 0x0f, 0x80, 0x07, 0x98, 0x5c,
    0x08, 0x00, 0xf7, 0x0f, 0x80, 0x07, 0x98, 0x5c, 0xf1, 0x07, 0x20, 0xfe, 0x00, 0xc4, 0x1f, 0x00, 0x09, 0x00, 0xf7, 0x0f, 0x80, 0x07, 0x98, 0x5c,
    0x0a, 0x00, 0xf7, 0x0f, 0x80, 0x07, 0x98, 0x5c, 0x0b, 0x00, 0xf7, 0x0f, 0x80, 0x07, 0x98, 0x5c, 0xf1, 0x07, 0x20, 0xfc, 0x00, 0xc4, 0x1f, 0x00,
    0x0c, 0x00, 0xf7, 0x0f, 0x80, 0x07, 0x98, 0x5c, 0x0d, 0x00, 0xf7, 0x0f, 0x80, 0x07, 0x98, 0x5c, 0x0e, 0x00, 0xf7, 0x0f, 0x80, 0x07, 0x98, 0x5c,
    0xf1, 0x07, 0x20, 0xfe, 0x00, 0xc4, 0x1f, 0x00, 0x0f, 0x00, 0xf7, 0x0f, 0x80, 0x07, 0x98, 0x5c, 0x10, 0x00, 0xf7, 0x0f, 0x80, 0x07, 0x98, 0x5c,
    0x11, 0x00, 0xf7, 0x0f, 0x80, 0x07, 0x98, 0x5c, 0xf1, 0x07, 0x20, 0xfc, 0x00, 0xc4, 0x1f, 0x00, 0x12, 0x00, 0xf7, 0x0f, 0x80, 0x07, 0x98, 0x5c,
    0x13, 0x00, 0xf7, 0x0f, 0x80, 0x07, 0x98, 0x5c, 0x14, 0x00, 0xf7, 0x0f, 0x80, 0x07, 0x98, 0x5c, 0xf1, 0x07, 0x20, 0xfe, 0x00, 0xc4, 0x1f, 0x00,
    0x15, 0x00, 0xf7, 0x0f, 0x80, 0x07, 0x98, 0x5c, 0x16, 0x00, 0xf7, 0x0f, 0x80, 0x07, 0x98, 0x5c, 0x17, 0x00, 0xf7, 0x0f, 0x80, 0x07, 0x98, 0x5c,
    0xf1, 0x07, 0x20, 0xfc, 0x00, 0xc4, 0x1f, 0x00, 0x18, 0x00, 0xf7, 0x0f, 0x80, 0x07, 0x98, 0x5c, 0x19, 0x00, 0xf7, 0x0f, 0x80, 0x07, 0x98, 0x5c,
    0x1a, 0x00, 0xf7, 0x0f, 0x80, 0x07, 0x98, 0x5c, 0xf1, 0x07, 0x20, 0xfe, 0x00, 0xc4, 0x1f, 0x00, 0x1b, 0x00, 0xf7, 0x0f, 0x80, 0x07, 0x98, 0x5c,
    0x1c, 0x00, 0xf7, 0x0f, 0x80, 0x07, 0x98, 0x5c, 0x1d, 0x00, 0xf7, 0x0f, 0x80, 0x07, 0x98, 0x5c, 0xf1, 0x07, 0x20, 0xfc, 0x00, 0xc4, 0x1f, 0x00,
    0x1e, 0x00, 0xf7, 0x0f, 0x80, 0x07, 0x98, 0x5c, 0x1f, 0x00, 0xf7, 0x0f, 0x80, 0x07, 0x98, 0x5c, 0x20, 0x00, 0xf7, 0x0f, 0x80, 0x07, 0x98, 0x5c,
    0xf1, 0x07, 0x20, 0xfe, 0x00, 0xc4, 0x1f, 0x00, 0x21, 0x00, 0xf7, 0x0f, 0x80, 0x07, 0x98, 0x5c, 0x22, 0x00, 0xf7, 0x0f, 0x80, 0x07, 0x98, 0x5c,
    0x24, 0x00, 0xf7, 0x0f, 0x80, 0x07, 0x98, 0x5c, 0xf1, 0x07, 0x20, 0xfc, 0x00, 0xc4, 0x1f, 0x00, 0x25, 0x00, 0xf7, 0x0f, 0x80, 0x07, 0x98, 0x5c,
    0x26, 0x00, 0xf7, 0x0f, 0x80, 0x07, 0x98, 0x5c, 0x27, 0x00, 0xf7, 0x0f, 0x80, 0x07, 0x98, 0x5c, 0xf1, 0x07, 0x20, 0xfe, 0x00, 0xc4, 0x1f, 0x00,
    0x28, 0x00, 0xf7, 0x0f, 0x80, 0x07, 0x98, 0x5c, 0x29, 0x00, 0xf7, 0x0f, 0x80, 0x07, 0x98, 0x5c, 0x2a, 0x00, 0xf7, 0x0f, 0x80, 0x07, 0x98, 0x5c,
    0xf1, 0x07, 0x20, 0xfc, 0x00, 0xc4, 0x1f, 0x00, 0x2b, 0x00, 0xf7, 0x0f, 0x80, 0x07, 0x98, 0x5c, 0x2c, 0x00, 0xf7, 0x0f, 0x80, 0x07, 0x98, 0x5c,
    0x2d, 0x00, 0xf7, 0x0f, 0x80, 0x07, 0x98, 0x5c, 0xf1, 0x07, 0x20, 0xfe, 0x00, 0xc4, 0x1f, 0x00, 0x2e, 0x00, 0xf7, 0x0f, 0x80, 0x07, 0x98, 0x5c,
    0x2f, 0x00, 0xf7, 0x0f, 0x80, 0x07, 0x98, 0x5c, 0x30, 0x00, 0xf7, 0x0f, 0x80, 0x07, 0x98, 0x5c, 0xf1, 0x07, 0x20, 0xfc, 0x00, 0xc4, 0x1f, 0x00,
    0x31, 0x00, 0xf7, 0x0f, 0x80, 0x07, 0x98, 0x5c, 0x32, 0x00, 0xf7, 0x0f, 0x80, 0x07, 0x98, 0x5c, 0x33, 0x00, 0xf7, 0x0f, 0x80, 0x07, 0x98, 0x5c,
    0xf3, 0x07, 0x20, 0xfe, 0x00, 0xc4, 0x1f, 0x00, 0x00, 0x00, 0x37, 0x34, 0x00, 0x00, 0xf0, 0xf0, 0x40, 0x23, 0x07, 0x00, 0x04, 0x00, 0x5c, 0xef,
    0x41, 0x23, 0x07, 0x20, 0x04, 0x00, 0x5c, 0xef, 0xf1, 0x07, 0x20, 0xfe, 0x00, 0xcc, 0x1f, 0x00, 0x42, 0x23, 0x07, 0x40, 0x04, 0x00, 0x5c, 0xef,
    0x43, 0x23, 0x07, 0x60, 0x04, 0x00, 0x5c, 0xef, 0x00, 0x00, 0x27, 0x34, 0x00, 0x00, 0xf0, 0xf0, 0xf1, 0x07, 0x20, 0xfe, 0x00, 0xc4, 0x1f, 0x00,
    0x3c, 0x23, 0x07, 0x00, 0x00, 0x00, 0x5c, 0xef, 0x3d, 0x23, 0x07, 0x20, 0x00, 0x00, 0x5c, 0xef, 0x3e, 0x23, 0x07, 0x40, 0x00, 0x00, 0x5c, 0xef,
    0xf1, 0x00, 0x60, 0xfe, 0x00, 0xc4, 0x1f, 0x00, 0x3f, 0x23, 0x07, 0x60, 0x00, 0x00, 0x5c, 0xef, 0x00, 0x00, 0x17, 0x34, 0x00, 0x00, 0xf0, 0xf0,
    0x38, 0x44, 0x07, 0x00, 0x00, 0x00, 0x5c, 0xef, 0xf1, 0x07, 0x00, 0xfe, 0x01, 0xc4, 0x1f, 0x00, 0x39, 0x44, 0x07, 0x20, 0x00, 0x00, 0x5c, 0xef,
    0x23, 0x00, 0xf7, 0x0f, 0x80, 0x07, 0x98, 0x5c, 0x3a, 0x44, 0x07, 0x40, 0x00, 0x00, 0x5c, 0xef, 0xf1, 0x07, 0x20, 0xfe, 0x20, 0xc4, 0x1f, 0x00,
    0x3b, 0x44, 0x07, 0x60, 0x00, 0x00, 0x5c, 0xef, 0x34, 0x44, 0x07, 0x00, 0x04, 0x00, 0x5c, 0xef, 0x35, 0x44, 0x07, 0x20, 0x04, 0x00, 0x5c, 0xef,
    0xf1, 0x07, 0x20, 0xfe, 0x00, 0xfc, 0x1f, 0x00, 0x36, 0x44, 0x07, 0x40, 0x04, 0x00, 0x5c, 0xef, 0x37, 0x44, 0x07, 0x60, 0x04, 0x00, 0x5c, 0xef,
    0x00, 0x00, 0x07, 0x00, 0x80, 0x1b, 0xa8, 0xf0, 0xf5, 0x07, 0xa0, 0xff, 0x00, 0xc4, 0x1f, 0x00, 0x00, 0x00, 0x07, 0x00, 0x00, 0x00, 0x98, 0xef,
    0x0f, 0x00, 0x08, 0xa8, 0x06, 0x00, 0x40, 0xe2, 0x44, 0x45, 0xf7, 0x01, 0x00, 0x00, 0x29, 0x38, 0xf1, 0x07, 0x20, 0xfe, 0x00, 0xc4, 0x1f, 0x00,
    0x59, 0x00, 0xf7, 0x0f, 0x80, 0x07, 0x98, 0x5c, 0x5b, 0x00, 0xf7, 0x0f, 0x80, 0x07, 0x98, 0x5c, 0x9c, 0x00, 0xf7, 0x0f, 0x80, 0x07, 0x98, 0x5c,
    0xf1, 0x07, 0x20, 0xfc, 0x00, 0xc4, 0x1f, 0x00, 0x5a, 0x00, 0xf7, 0x0f, 0x80, 0x07, 0x98, 0x5c, 0xce, 0x00, 0xf7, 0x0f, 0x80, 0x07, 0x98, 0x5c,
    0x44, 0x44, 0xa7, 0x05, 0x80, 0x7f, 0x2f, 0x18, 0xf1, 0x07, 0x20, 0xfe, 0x00, 0xc4, 0x1f, 0x00, 0xd2, 0x00, 0xf7, 0x0f, 0x80, 0x07, 0x98, 0x5c,
    0xd6, 0x00, 0xf7, 0x0f, 0x80, 0x07, 0x98, 0x5c, 0x99, 0x00, 0xf7, 0x0f, 0x80, 0x07, 0x98, 0x5c, 0xf1, 0x07, 0x20, 0xfc, 0x00, 0xc4, 0x1f, 0x00,
    0x96, 0x00, 0xf7, 0x0f, 0x80, 0x07, 0x98, 0x5c, 0xec, 0x00, 0xf7, 0x0f, 0x80, 0x07, 0x98, 0x5c, 0xa8, 0x00, 0xf7, 0x0f, 0x80, 0x07, 0x98, 0x5c,
    0xf1, 0x07, 0x20, 0xfe, 0x00, 0xc4, 0x1f, 0x00, 0xc8, 0x00, 0xf7, 0x0f, 0x80, 0x07, 0x98, 0x5c, 0xa6, 0x00, 0xf7, 0x0f, 0x80, 0x07, 0x98, 0x5c,
    0x7b, 0x00, 0xf7, 0x0f, 0x80, 0x07, 0x98, 0x5c, 0xf1, 0x07, 0x20, 0xfc, 0x00, 0xc4, 0x1f, 0x00, 0xd4, 0x00, 0xf7, 0x0f, 0x80, 0x07, 0x98, 0x5c,
    0xac, 0x00, 0xf7, 0x0f, 0x80, 0x07, 0x98, 0x5c, 0xfa, 0x00, 0xf7, 0x0f, 0x80, 0x07, 0x98, 0x5c, 0xf1, 0x07, 0x20, 0xfe, 0x00, 0xc4, 0x1f, 0x00,
    0xfe, 0x00, 0xf7, 0x0f, 0x80, 0x07, 0x98, 0x5c, 0xf7, 0x00, 0xf7, 0x0f, 0x80, 0x07, 0x98, 0x5c, 0xb0, 0x00, 0xf7, 0x0f, 0x80, 0x07, 0x98, 0x5c,
    0xf1, 0x07, 0x20, 0xfc, 0x00, 0xc4, 0x1f, 0x00, 0xc2, 0x00, 0xf7, 0x0f, 0x80, 0x07, 0x98, 0x5c, 0xc0, 0x00, 0xf7, 0x0f, 0x80, 0x07, 0x98, 0x5c,
    0x7f, 0x00, 0xf7, 0x0f, 0x80, 0x07, 0x98, 0x5c, 0xf1, 0x07, 0x20, 0xfe, 0x00, 0xc4, 0x1f, 0x00, 0xf8, 0x00, 0xf7, 0x0f, 0x80, 0x07, 0x98, 0x5c,
    0x7a, 0x00, 0xf7, 0x0f, 0x80, 0x07, 0x98, 0x5c, 0xbc, 0x00, 0xf7, 0x0f, 0x80, 0x07, 0x98, 0x5c, 0xf1, 0x07, 0x20, 0xfc, 0x00, 0xc4, 0x1f, 0x00,
    0xb8, 0x00, 0xf7, 0x0f, 0x80, 0x07, 0x98, 0x5c, 0xb4, 0x00, 0xf7, 0x0f, 0x80, 0x07, 0x98, 0x5c, 0xf2, 0x00, 0xf7, 0x0f, 0x80, 0x07, 0x98, 0x5c,
    0xf1, 0x07, 0x20, 0xfe, 0x00, 0xc4, 0x1f, 0x00, 0xdc, 0x00, 0xf7, 0x0f, 0x80, 0x07, 0x98, 0x5c, 0xf9, 0x00, 0xf7, 0x0f, 0x80, 0x07, 0x98, 0x5c,
    0xc6, 0x00, 0xf7, 0x0f, 0x80, 0x07, 0x98, 0x5c, 0xf1, 0x07, 0x20, 0xfc, 0x00, 0xc4, 0x1f, 0x00, 0x9a, 0x00, 0xf7, 0x0f, 0x80, 0x07, 0x98, 0x5c,
    0x82, 0x00, 0xf7, 0x0f, 0x80, 0x07, 0x98, 0x5c, 0x55, 0x00, 0xf7, 0x0f, 0x80, 0x07, 0x98, 0x5c, 0xf1, 0x07, 0x20, 0xfe, 0x00, 0xc4, 0x1f, 0x00,
    0x79, 0x00, 0xf7, 0x0f, 0x80, 0x07, 0x98, 0x5c, 0xf3, 0x00, 0xf7, 0x0f, 0x80, 0x07, 0x98, 0x5c, 0xcc, 0x00, 0xf7, 0x0f, 0x80, 0x07, 0x98, 0x5c,
    0xf1, 0x07, 0x20, 0xfc, 0x00, 0xc4, 0x1f, 0x00, 0x7d, 0x00, 0xf7, 0x0f, 0x80, 0x07, 0x98, 0x5c, 0xd0, 0x00, 0xf7, 0x0f, 0x80, 0x07, 0x98, 0x5c,
    0x56, 0x00, 0xf7, 0x0f, 0x80, 0x07, 0x98, 0x5c, 0xf1, 0x07, 0x20, 0xfe, 0x00, 0xc4, 0x1f, 0x00, 0x54, 0x00, 0xf7, 0x0f, 0x80, 0x07, 0x98, 0x5c,
    0x57, 0x00, 0xf7, 0x0f, 0x80, 0x07, 0x98, 0x5c, 0xf4, 0x00, 0xf7, 0x0f, 0x80, 0x07, 0x98, 0x5c, 0xf1, 0x07, 0x20, 0xfc, 0x00, 0xc4, 0x1f, 0x00,
    0xae, 0x00, 0xf7, 0x0f, 0x80, 0x07, 0x98, 0x5c, 0xe3, 0x00, 0xf7, 0x0f, 0x80, 0x07, 0x98, 0x5c, 0x5c, 0x00, 0xf7, 0x0f, 0x80, 0x07, 0x98, 0x5c,
    0xf1, 0x07, 0x20, 0xfe, 0x00, 0xc4, 0x1f, 0x00, 0x78, 0x00, 0xf7, 0x0f, 0x80, 0x07, 0x98, 0x5c, 0x5f, 0x00, 0xf7, 0x0f, 0x80, 0x07, 0x98, 0x5c,
    0x58, 0x00, 0xf7, 0x0f, 0x80, 0x07, 0x98, 0x5c, 0xf1, 0x07, 0x20, 0xfc, 0x00, 0xc4, 0x1f, 0x00, 0x7c, 0x00, 0xf7, 0x0f, 0x80, 0x07, 0x98, 0x5c,
    0x80, 0x00, 0xf7, 0x0f, 0x80, 0x07, 0x98, 0x5c, 0xaa, 0x00, 0xf7, 0x0f, 0x80, 0x07, 0x98, 0x5c, 0xf1, 0x07, 0x20, 0xfe, 0x00, 0xc4, 0x1f, 0x00,
    0x98, 0x00, 0xf7, 0x0f, 0x80, 0x07, 0x98, 0x5c, 0xa0, 0x00, 0xf7, 0x0f, 0x80, 0x07, 0x98, 0x5c, 0xbe, 0x00, 0xf7, 0x0f, 0x80, 0x07, 0x98, 0x5c,
    0xf1, 0x07, 0x20, 0xfc, 0x00, 0xc4, 0x1f, 0x00, 0xa4, 0x00, 0xf7, 0x0f, 0x80, 0x07, 0x98, 0x5c, 0xd8, 0x00, 0xf7, 0x0f, 0x80, 0x07, 0x98, 0x5c,
    0xb2, 0x00, 0xf7, 0x0f, 0x80, 0x07, 0x98, 0x5c, 0xf1, 0x07, 0x20, 0xfe, 0x00, 0xc4, 0x1f, 0x00, 0xb6, 0x00, 0xf7, 0x0f, 0x80, 0x07, 0x98, 0x5c,
    0x81, 0x00, 0xf7, 0x0f, 0x80, 0x07, 0x98, 0x5c, 0xfb, 0x00, 0xf7, 0x0f, 0x80, 0x07, 0x98, 0x5c, 0xf1, 0x07, 0x20, 0xfc, 0x00, 0xc4, 0x1f, 0x00,
    0xf0, 0x00, 0xf7, 0x0f, 0x80, 0x07, 0x98, 0x5c, 0x95, 0x00, 0xf7, 0x0f, 0x80, 0x07, 0x98, 0x5c, 0xef, 0x00, 0xf7, 0x0f, 0x80, 0x07, 0x98, 0x5c,
    0xf6, 0x07, 0xc0, 0xfe, 0x00, 0xc4, 0x1f, 0x08, 0x60, 0x44, 0x57, 0x00, 0x00, 0x00, 0x29, 0x38, 0x45, 0xef, 0x47, 0x00, 0x00, 0x01, 0x18, 0x38,
    0x8d, 0x45, 0x47, 0x00, 0x00, 0x00, 0x48, 0x38, 0xf1, 0x07, 0x82, 0xfc, 0x00, 0xc8, 0x1f, 0x00, 0x44, 0x45, 0xc7, 0x01, 0x00, 0x00, 0x29, 0x38,
    0x46, 0x45, 0xf7, 0x01, 0x00, 0x00, 0x29, 0x38, 0x92, 0x8d, 0xa7, 0x08, 0x00, 0x80, 0x10, 0x5c, 0xe4, 0x07, 0x20, 0xfc, 0x00, 0xc4, 0x1f, 0x00,
    0x45, 0x45, 0x47, 0x00, 0x40, 0x23, 0xf8, 0x36, 0x93, 0x44, 0xb7, 0x08, 0x00, 0x08, 0x10, 0x5c, 0x90, 0x8d, 0x87, 0x08, 0x00, 0x80, 0x10, 0x5c,
    0xed, 0x07, 0x00, 0xfe, 0x40, 0xc8, 0x62, 0x04, 0x37, 0x77, 0xf7, 0x0f, 0x80, 0x03, 0x6b, 0x5b, 0x91, 0x45, 0x97, 0x08, 0x00, 0x08, 0x10, 0x5c,
    0x3c, 0x92, 0x0e, 0x00, 0x00, 0xa0, 0xd6, 0xee, 0xf0, 0x07, 0xc0, 0x16, 0x00, 0x88, 0x1f, 0x00, 0x8e, 0x8d, 0x67, 0x08, 0x00, 0x80, 0x10, 0x5c,
    0x40, 0x90, 0x0a, 0x00, 0x00, 0xa0, 0xd6, 0xee, 0x8f, 0x45, 0x77, 0x08, 0x00, 0x08, 0x10, 0x5c, 0xf0, 0x07, 0xc0, 0x16, 0x00, 0x88, 0x1f, 0x00,
    0x8c, 0x8d, 0x47, 0x08, 0x00, 0x80, 0x10, 0x5c, 0x38, 0x8e, 0x0b, 0x00, 0x00, 0xa0, 0xd6, 0xee, 0x8d, 0x45, 0x57, 0x08, 0x00, 0x08, 0x10, 0x5c,
    0xb1, 0x00, 0x20, 0xfc, 0x00, 0x94, 0x1f, 0x00, 0x34, 0x8c, 0x0c, 0x00, 0x00, 0xa0, 0xd6, 0xee, 0x94, 0x02, 0x47, 0x00, 0x00, 0x00, 0x48, 0x38,
    0xe7, 0x02, 0x07, 0xff, 0xff, 0xff, 0x0f, 0x04, 0xf0, 0x07, 0x20, 0x06, 0x00, 0xc0, 0x1f, 0x00, 0x94, 0x94, 0x07, 0x0f, 0x00, 0x00, 0x00, 0x04,
    0x44, 0xe7, 0x07, 0x00, 0x00, 0x10, 0x4e, 0xef, 0xff, 0xef, 0x67, 0x00, 0x00, 0x30, 0x40, 0x38, 0x53, 0x00, 0x20, 0x0e, 0x00, 0x64, 0x02, 0x00,
    0x48, 0xe7, 0x07, 0x10, 0x00, 0x10, 0x4e, 0xef, 0x4c, 0x94, 0x07, 0x00, 0x04, 0x10, 0x4e, 0xef, 0x50, 0x94, 0x07, 0x10, 0x04, 0x10, 0x4e, 0xef,
    0xfd, 0x07, 0x20, 0x2e, 0xca, 0x48, 0x02, 0x08, 0x0f, 0x00, 0x08, 0x2b, 0x00, 0x00, 0x40, 0xe2, 0xc4, 0x44, 0xf7, 0x04, 0x00, 0x2d, 0x00, 0x5d,
    0xe8, 0x45, 0xf7, 0x04, 0x00, 0x64, 0x00, 0x5d, 0x91, 0x91, 0x24, 0x42, 0x00, 0x44, 0x44, 0x00, 0x5a, 0x44, 0x17, 0x05, 0x00, 0x69, 0x00, 0x5d,
    0x5d, 0x47, 0x27, 0x05, 0x80, 0x7c, 0x00, 0x5d, 0xd2, 0x45, 0x07, 0x05, 0x00, 0x53, 0x00, 0x5d, 0x01, 0x22, 0x20, 0x02, 0xc0, 0x44, 0x00, 0x18,
    0xeb, 0x4a, 0x17, 0x05, 0x00, 0x4c, 0x00, 0x5d, 0xba, 0x44, 0xc7, 0x04, 0x80, 0x2c, 0x00, 0x5d, 0x9e, 0x44, 0xe7, 0x04, 0x00, 0x4e, 0x00, 0x5d,
    0x11, 0x00, 0x20, 0x02, 0x00, 0xc4, 0x44, 0x08, 0xca, 0x44, 0x07, 0x05, 0x00, 0x67, 0x00, 0x5d, 0xe0, 0x45, 0xe7, 0x04, 0x00, 0x54, 0x00, 0x5d,
    0xa6, 0x46, 0xc7, 0x04, 0x00, 0x7d, 0x00, 0x5d, 0x01, 0x08, 0x20, 0x02, 0x80, 0x44, 0x00, 0x08, 0xc8, 0x46, 0x17, 0x05, 0x00, 0x60, 0x00, 0x5d,
    0x7e, 0x47, 0x07, 0x05, 0x00, 0x79, 0x00, 0x5d, 0xf9, 0x48, 0xe7, 0x04, 0x80, 0x2a, 0x00, 0x5d, 0x11, 0x00, 0x20, 0x02, 0x00, 0x44, 0x88, 0x00,
    0xfd, 0x48, 0x07, 0x05, 0x80, 0x79, 0x00, 0x5d, 0x5e, 0x49, 0x17, 0x05, 0x80, 0x71, 0x00, 0x5d, 0x98, 0x4a, 0x27, 0x05, 0x00, 0x50, 0x00, 0x5d,
    0x01, 0x00, 0x20, 0x02, 0xc0, 0x44, 0x00, 0x00, 0x5b, 0x44, 0xd7, 0x04, 0x80, 0x2d, 0x00, 0x5d, 0x59, 0x44, 0x27, 0x05, 0x00, 0x6b, 0x00, 0x5d,
    0xce, 0x44, 0x37, 0x05, 0x80, 0x4c, 0x00, 0x5d, 0x11, 0x00, 0x22, 0x02, 0x40, 0x44, 0x00, 0x08, 0x96, 0x45, 0xc7, 0x04, 0x00, 0x4b, 0x00, 0x5d,
    0xec, 0x45, 0xd7, 0x04, 0x00, 0x76, 0x00, 0x5d, 0x7b, 0x45, 0x17, 0x05, 0x80, 0x3d, 0x00, 0x5d, 0x01, 0x00, 0x20, 0x02, 0x00, 0x44, 0x00, 0x08,
    0xd4, 0x45, 0x27, 0x05, 0x00, 0x6a, 0x00, 0x5d, 0xac, 0x45, 0x37, 0x05, 0x00, 0x56, 0x00, 0x5d, 0xfe, 0x46, 0xd7, 0x04, 0x00, 0x7f, 0x00, 0x5d,
    0x11, 0x00, 0x22, 0x02, 0x40, 0xc4, 0x04, 0x08, 0xf7, 0x46, 0xe7, 0x04, 0x80, 0x7b, 0x00, 0x5d, 0xb0, 0x46, 0xf7, 0x04, 0x00, 0x58, 0x00, 0x5d,
    0xa2, 0x46, 0x07, 0x05, 0x00, 0x61, 0x00, 0x5d, 0x01, 0x08, 0x20, 0x02, 0x00, 0x44, 0x00, 0x08, 0xc0, 0x46, 0x27, 0x05, 0x80, 0x3f, 0x00, 0x5d,
    0xf6, 0x46, 0x37, 0x05, 0x00, 0x7c, 0x00, 0x5d, 0x7a, 0x47, 0xc7, 0x04, 0x00, 0x3d, 0x00, 0x5d, 0x11, 0x00, 0x22, 0x02, 0x40, 0x44, 0x00, 0x08,
    0xbc, 0x47, 0xd7, 0x04, 0x00, 0x5e, 0x00, 0x5d, 0xb8, 0x47, 0xe7, 0x04, 0x00, 0x5c, 0x00, 0x5d, 0xb4, 0x47, 0xf7, 0x04, 0x00, 0x5a, 0x00, 0x5d,
    0x01, 0x00, 0x20, 0x02, 0x00, 0x44, 0x00, 0x08, 0xa8, 0x47, 0x17, 0x05, 0x00, 0x6e, 0x00, 0x5d, 0xf2, 0x47, 0x37, 0x05, 0x00, 0x63, 0x00, 0x5d,
    0x9a, 0x48, 0xc7, 0x04, 0x00, 0x4d, 0x00, 0x5d, 0x11, 0x00, 0x22, 0x02, 0x40, 0x44, 0x00, 0x08, 0x82, 0x48, 0xd7, 0x04, 0x00, 0x41, 0x00, 0x5d,
    0x79, 0x48, 0xf7, 0x04, 0x80, 0x3c, 0x00, 0x5d, 0xf3, 0x48, 0x17, 0x05, 0x00, 0x66, 0x00, 0x5d, 0x01, 0x00, 0x20, 0x02, 0x00, 0x44, 0x00, 0x08,
    0x9c, 0x48, 0x27, 0x05, 0x80, 0x3e, 0x00, 0x5d, 0x55, 0x48, 0x37, 0x05, 0x00, 0x68, 0x00, 0x5d, 0x56, 0x49, 0xc7, 0x04, 0x00, 0x2b, 0x00, 0x5d,
    0x11, 0x00, 0x22, 0x02, 0x40, 0x44, 0x00, 0x08, 0x54, 0x49, 0xd7, 0x04, 0x00, 0x2a, 0x00, 0x5d, 0x57, 0x49, 0xe7, 0x04, 0x80, 0x2b, 0x00, 0x5d,
    0xf4, 0x49, 0xf7, 0x04, 0x00, 0x7a, 0x00, 0x5d, 0x01, 0x00, 0x20, 0x02, 0x40, 0x44, 0x00, 0x00, 0xae, 0x49, 0x07, 0x05, 0x00, 0x57, 0x00, 0x5d,
    0x5c, 0x49, 0x27, 0x05, 0x00, 0x2e, 0x00, 0x5d, 0x78, 0x49, 0x37, 0x05, 0x00, 0x3c, 0x00, 0x5d, 0x11, 0x00, 0x22, 0x02, 0x40, 0x44, 0x00, 0x08,
    0x5f, 0x4a, 0xc7, 0x04, 0x80, 0x2f, 0x00, 0x5d, 0xe3, 0x4a, 0xd7, 0x04, 0x00, 0x2c, 0x00, 0x5d, 0x7c, 0x4a, 0xe7, 0x04, 0x00, 0x3e, 0x00, 0x5d,
    0x01, 0x00, 0x20, 0x22, 0x42, 0x44, 0x85, 0x00, 0x80, 0x4a, 0xf7, 0x04, 0x00, 0x40, 0x00, 0x5d, 0xfa, 0x4a, 0x07, 0x05, 0x00, 0x55, 0x00, 0x5d,
    0xa0, 0x4a, 0x37, 0x05, 0x00, 0x5f, 0x00, 0x5d, 0x11, 0x01, 0x22, 0x22, 0x40, 0x44, 0x04, 0x08, 0xa4, 0x4b, 0xc7, 0x04, 0x00, 0x52, 0x00, 0x5d,
    0xd8, 0x4b, 0xd7, 0x04, 0x00, 0x6c, 0x00, 0x5d, 0xb2, 0x4b, 0xe7, 0x04, 0x00, 0x59, 0x00, 0x5d, 0x01, 0x01, 0x20, 0x22, 0x40, 0x44, 0x04, 0x08,
    0xb6, 0x4b, 0xf7, 0x04, 0x00, 0x5b, 0x00, 0x5d, 0x81, 0x4b, 0x07, 0x05, 0x80, 0x40, 0x00, 0x5d, 0xfb, 0x4b, 0x17, 0x05, 0x80, 0x7d, 0x00, 0x5d,
    0x11, 0x01, 0x02, 0x22, 0x00, 0xf4, 0x1f, 0x00, 0xf0, 0x4b, 0x27, 0x05, 0x00, 0x78, 0x00, 0x5d, 0x95, 0x4b, 0x37, 0x05, 0x80, 0x4a, 0x00, 0x5d,
    0x0f, 0x00, 0x07, 0x2b, 0x00, 0x00, 0x40, 0xe2, 0x71, 0x51, 0x22, 0x22, 0x40, 0x44, 0x06, 0x08, 0xba, 0x44, 0xc7, 0x04, 0x00, 0x00, 0x08, 0x5d,
    0x5b, 0x44, 0xd7, 0x04, 0x00, 0x00, 0x08, 0x5d, 0x9e, 0x44, 0xe7, 0x04, 0x00, 0x00, 0x08, 0x5d, 0x51, 0x01, 0x22, 0x32, 0x50, 0x04, 0x04, 0x00,
    0xc4, 0x44, 0xf7, 0x04, 0x00, 0x00, 0x08, 0x5d, 0xca, 0x44, 0x07, 0x05, 0x00, 0x00, 0x08, 0x5d, 0x5a, 0x44, 0x17, 0x05, 0x00, 0x00, 0x08, 0x5d,
    0x11, 0x01, 0x22, 0x22, 0x00, 0x44, 0x04, 0x08, 0x59, 0x44, 0x27, 0x05, 0x00, 0x00, 0x08, 0x5d, 0xce, 0x44, 0x37, 0x05, 0x00, 0x00, 0x08, 0x5d,
    0x96, 0x45, 0xc7, 0x04, 0x00, 0x00, 0x08, 0x5d, 0x11, 0x01, 0x22, 0x22, 0x40, 0x04, 0x04, 0x00, 0xec, 0x45, 0xd7, 0x04, 0x00, 0x00, 0x08, 0x5d,
    0xe0, 0x45, 0xe7, 0x04, 0x00, 0x00, 0x08, 0x5d, 0xe8, 0x45, 0xf7, 0x04, 0x00, 0x00, 0x08, 0x5d, 0x11, 0x01, 0x22, 0x22, 0x40, 0x44, 0x04, 0x08,
    0xd2, 0x45, 0x07, 0x05, 0x00, 0x00, 0x08, 0x5d, 0x7b, 0x45, 0x17, 0x05, 0x00, 0x00, 0x08, 0x5d, 0xd4, 0x45, 0x27, 0x05, 0x00, 0x00, 0x08, 0x5d,
    0x11, 0x01, 0x20, 0x22, 0x40, 0x04, 0x04, 0x00, 0xac, 0x45, 0x37, 0x05, 0x00, 0x00, 0x08, 0x5d, 0xa6, 0x46, 0xc7, 0x04, 0x00, 0x00, 0x08, 0x5d,
    0xfe, 0x46, 0xd7, 0x04, 0x00, 0x00, 0x08, 0x5d, 0x11, 0x01, 0x22, 0x22, 0x40, 0x44, 0x04, 0x08, 0xf7, 0x46, 0xe7, 0x04, 0x00, 0x00, 0x08, 0x5d,
    0xb0, 0x46, 0xf7, 0x04, 0x00, 0x00, 0x08, 0x5d, 0xa2, 0x46, 0x07, 0x05, 0x00, 0x00, 0x08, 0x5d, 0x11, 0x01, 0x22, 0x22, 0x40, 0x04, 0x04, 0x00,
    0xc8, 0x46, 0x17, 0x05, 0x00, 0x00, 0x08, 0x5d, 0xc0, 0x46, 0x27, 0x05, 0x00, 0x00, 0x08, 0x5d, 0xf6, 0x46, 0x37, 0x05, 0x00, 0x00, 0x08, 0x5d,
    0x11, 0x01, 0x22, 0x22, 0x40, 0x44, 0x04, 0x08, 0x7a, 0x47, 0xc7, 0x04, 0x00, 0x00, 0x08, 0x5d, 0xbc, 0x47, 0xd7, 0x04, 0x00, 0x00, 0x08, 0x5d,
    0xb8, 0x47, 0xe7, 0x04, 0x00, 0x00, 0x08, 0x5d, 0x11, 0x01, 0x22, 0x22, 0x40, 0x04, 0x04, 0x00, 0xb4, 0x47, 0xf7, 0x04, 0x00, 0x00, 0x08, 0x5d,
    0x7e, 0x47, 0x07, 0x05, 0x00, 0x00, 0x08, 0x5d, 0xa8, 0x47, 0x17, 0x05, 0x00, 0x00, 0x08, 0x5d, 0x11, 0x01, 0x22, 0x22, 0x00, 0x44, 0x85, 0x10,
    0x5d, 0x47, 0x27, 0x05, 0x00, 0x00, 0x08, 0x5d, 0xf2, 0x47, 0x37, 0x05, 0x00, 0x00, 0x08, 0x5d, 0x9a, 0x48, 0xc7, 0x04, 0x00, 0x00, 0x08, 0x5d,
    0x11, 0x01, 0x24, 0x22, 0x80, 0x04, 0x04, 0x00, 0x56, 0x49, 0xc7, 0x04, 0x00, 0x00, 0x08, 0x5d, 0x5f, 0x4a, 0xc7, 0x04, 0x00, 0x00, 0x08, 0x5d,
    0xa4, 0x4b, 0xc7, 0x04, 0x00, 0x00, 0x08, 0x5d, 0x11, 0x01, 0x26, 0x22, 0xc0, 0x44, 0x04, 0x10, 0x82, 0x48, 0xd7, 0x04, 0x00, 0x00, 0x08, 0x5d,
    0x54, 0x49, 0xd7, 0x04, 0x00, 0x00, 0x08, 0x5d, 0xe3, 0x4a, 0xd7, 0x04, 0x00, 0x00, 0x08, 0x5d, 0x11, 0x01, 0x20, 0x22, 0x80, 0x04, 0x04, 0x00,
    0xd8, 0x4b, 0xd7, 0x04, 0x00, 0x00, 0x08, 0x5d, 0xf9, 0x48, 0xe7, 0x04, 0x00, 0x00, 0x08, 0x5d, 0x57, 0x49, 0xe7, 0x04, 0x00, 0x00, 0x08, 0x5d,
    0x11, 0x01, 0x26, 0x22, 0x40, 0x44, 0x04, 0x10, 0x7c, 0x4a, 0xe7, 0x04, 0x00, 0x00, 0x08, 0x5d, 0xb2, 0x4b, 0xe7, 0x04, 0x00, 0x00, 0x08, 0x5d,
    0x79, 0x48, 0xf7, 0x04, 0x00, 0x00, 0x08, 0x5d, 0x11, 0x01, 0x24, 0x22, 0x80, 0x04, 0x04, 0x00, 0xf4, 0x49, 0xf7, 0x04, 0x00, 0x00, 0x08, 0x5d,
    0x80, 0x4a, 0xf7, 0x04, 0x00, 0x00, 0x08, 0x5d, 0xb6, 0x4b, 0xf7, 0x04, 0x00, 0x00, 0x08, 0x5d, 0x11, 0x01, 0x26, 0x22, 0xc0, 0x44, 0x04, 0x08,
    0xfd, 0x48, 0x07, 0x05, 0x00, 0x00, 0x08, 0x5d, 0xf3, 0x48, 0x17, 0x05, 0x00, 0x00, 0x08, 0x5d, 0x9c, 0x48, 0x27, 0x05, 0x00, 0x00, 0x08, 0x5d,
    0x11, 0x01, 0x20, 0x22, 0x40, 0x04, 0x04, 0x00, 0x55, 0x48, 0x37, 0x05, 0x00, 0x00, 0x08, 0x5d, 0xae, 0x49, 0x07, 0x05, 0x00, 0x00, 0x08, 0x5d,
    0x5e, 0x49, 0x17, 0x05, 0x00, 0x00, 0x08, 0x5d, 0x11, 0x01, 0x22, 0x22, 0x00, 0x44, 0x04, 0x18, 0x5c, 0x49, 0x27, 0x05, 0x00, 0x00, 0x08, 0x5d,
    0x78, 0x49, 0x37, 0x05, 0x00, 0x00, 0x08, 0x5d, 0xfa, 0x4a, 0x07, 0x05, 0x00, 0x00, 0x08, 0x5d, 0x11, 0x01, 0x22, 0x22, 0x80, 0x04, 0x04, 0x00,
    0x81, 0x4b, 0x07, 0x05, 0x00, 0x00, 0x08, 0x5d, 0xeb, 0x4a, 0x17, 0x05, 0x00, 0x00, 0x08, 0x5d, 0xfb, 0x4b, 0x17, 0x05, 0x00, 0x00, 0x08, 0x5d,
    0x11, 0x01, 0x26, 0x22, 0x80, 0x44, 0x04, 0x08, 0x98, 0x4a, 0x27, 0x05, 0x00, 0x00, 0x08, 0x5d, 0xa0, 0x4a, 0x37, 0x05, 0x00, 0x00, 0x08, 0x5d,
    0xf0, 0x4b, 0x27, 0x05, 0x00, 0x00, 0x08, 0x5d, 0x16, 0x01, 0x20, 0xfe, 0x1f, 0x44, 0x1c, 0x00, 0x95, 0x4b, 0x37, 0x05, 0x00, 0x00, 0x08, 0x5d,
    0x44, 0xe7, 0x07, 0x20, 0x00, 0x10, 0x4e, 0xef, 0x48, 0x94, 0x07, 0x20, 0x04, 0x10, 0x4e, 0xef, 0x3f, 0x07, 0x00, 0x0a, 0x41, 0xc4, 0x1f, 0x00,
    0x4c, 0x94, 0x07, 0x30, 0x04, 0x10, 0x4e, 0xef, 0xbe, 0x44, 0x97, 0x04, 0x80, 0x2d, 0x00, 0x5d, 0x50, 0x94, 0x07, 0x40, 0x04, 0x10, 0x4e, 0xef,
    0x31, 0x10, 0x42, 0x0e, 0x00, 0x44, 0x3c, 0x00, 0xc6, 0x44, 0xd7, 0x04, 0x00, 0x2d, 0x00, 0x5d, 0xe4, 0x44, 0xe7, 0x04, 0x80, 0x2c, 0x00, 0x5d,
    0x58, 0xe7, 0x07, 0x30, 0x00, 0x10, 0x4e, 0xef, 0x02, 0x04, 0x20, 0x12, 0x50, 0x44, 0x04, 0x08, 0xaa, 0x45, 0xf7, 0x04, 0x00, 0x56, 0x00, 0x5d,
    0xac, 0x47, 0xe7, 0x04, 0x80, 0x2e, 0x00, 0x5d, 0xdc, 0x44, 0xa7, 0x04, 0x00, 0x4f, 0x00, 0x5d, 0x11, 0x01, 0x24, 0x22, 0x80, 0x44, 0x00, 0x00,
    0xc2, 0x44, 0xb7, 0x04, 0x00, 0x62, 0x00, 0x5d, 0x7f, 0x45, 0x87, 0x04, 0x00, 0x4b, 0x00, 0x5d, 0xcc, 0x46, 0xb7, 0x04, 0x00, 0x58, 0x00, 0x5d,
    0x01, 0x11, 0x20, 0x02, 0x40, 0x44, 0x00, 0x10, 0x9e, 0x47, 0x87, 0x04, 0x00, 0x3d, 0x00, 0x5d, 0xd0, 0x46, 0x97, 0x04, 0x00, 0x7f, 0x00, 0x5d,
    0xc4, 0x46, 0xf7, 0x04, 0x00, 0x7b, 0x00, 0x5d, 0x11, 0x00, 0x24, 0x02, 0x40, 0x44, 0x00, 0x08, 0x96, 0x47, 0xf7, 0x04, 0x00, 0x79, 0x00, 0x5d,
    0xba, 0x44, 0x87, 0x04, 0x00, 0x5d, 0x00, 0x5d, 0xca, 0x44, 0xc7, 0x04, 0x00, 0x65, 0x00, 0x5d, 0x01, 0x00, 0x20, 0x02, 0x40, 0x44, 0x00, 0x08,
    0xce, 0x44, 0xf7, 0x04, 0x00, 0x67, 0x00, 0x5d, 0xec, 0x45, 0x97, 0x04, 0x00, 0x76, 0x00, 0x5d, 0xe0, 0x45, 0xa7, 0x04, 0x00, 0x70, 0x00, 0x5d,
    0x11, 0x00, 0x22, 0x02, 0x40, 0x44, 0x00, 0x08, 0xe8, 0x45, 0xb7, 0x04, 0x00, 0x74, 0x00, 0x5d, 0xd2, 0x45, 0xc7, 0x04, 0x00, 0x69, 0x00, 0x5d,
    0x7b, 0x45, 0xd7, 0x04, 0x80, 0x3d, 0x00, 0x5d, 0x02, 0x00, 0x40, 0x02, 0x01, 0x44, 0x20, 0x18, 0xd4, 0x45, 0xe7, 0x04, 0x00, 0x6a, 0x00, 0x5d,
    0x5d, 0x59, 0xf7, 0x04, 0x00, 0x3c, 0x00, 0x5d, 0x78, 0x5a, 0xa7, 0x04, 0x00, 0x3e, 0x00, 0x5d, 0x31, 0x01, 0x22, 0x02, 0x01, 0xc4, 0x44, 0x00,
    0xb0, 0x58, 0xa7, 0x04, 0x80, 0x7c, 0x00, 0x5d, 0x7c, 0x5a, 0xc7, 0x04, 0x00, 0x7d, 0x00, 0x5d, 0x7a, 0x58, 0xd7, 0x04, 0x80, 0x79, 0x00, 0x5d,
    0x01, 0x08, 0x20, 0x02, 0x40, 0x44, 0x00, 0x08, 0xfa, 0x5b, 0x87, 0x04, 0x00, 0x52, 0x00, 0x5d, 0xa6, 0x46, 0x87, 0x04, 0x00, 0x53, 0x00, 0x5d,
    0xf7, 0x46, 0xa7, 0x04, 0x80, 0x7b, 0x00, 0x5d, 0x11, 0x00, 0x22, 0x02, 0x40, 0x44, 0x00, 0x00, 0xa2, 0x46, 0xc7, 0x04, 0x00, 0x51, 0x00, 0x5d,
    0xc8, 0x46, 0xd7, 0x04, 0x00, 0x64, 0x00, 0x5d, 0xc0, 0x46, 0xe7, 0x04, 0x00, 0x60, 0x00, 0x5d, 0x01, 0x00, 0x20, 0x02, 0x40, 0x44, 0x00, 0x08,
    0xbc, 0x47, 0x97, 0x04, 0x00, 0x5e, 0x00, 0x5d, 0xb8, 0x47, 0xa7, 0x04, 0x00, 0x5c, 0x00, 0x5d, 0xb4, 0x47, 0xb7, 0x04, 0x00, 0x5a, 0x00, 0x5d,
    0x11, 0x00, 0x42, 0x02, 0x00, 0xc0, 0x04, 0x08, 0x7e, 0x47, 0xc7, 0x04, 0x00, 0x3f, 0x00, 0x5d, 0xa8, 0x47, 0xd7, 0x04, 0x00, 0x54, 0x00, 0x5d,
    0x9a, 0x58, 0x87, 0x04, 0x00, 0x4d, 0x00, 0x5d, 0x11, 0x0f, 0x20, 0x20, 0x00, 0x44, 0x04, 0x08, 0x44, 0xe7, 0x07, 0x40, 0x00, 0x10, 0x4e, 0xef,
    0x82, 0x58, 0x97, 0x04, 0x00, 0x41, 0x00, 0x5d, 0x79, 0x58, 0xb7, 0x04, 0x80, 0x3c, 0x00, 0x5d, 0x11, 0x01, 0x22, 0x22, 0x40, 0x44, 0x04, 0x00,
    0xfd, 0x58, 0xc7, 0x04, 0x80, 0x7e, 0x00, 0x5d, 0x9c, 0x58, 0xe7, 0x04, 0x00, 0x4e, 0x00, 0x5d, 0xfe, 0x58, 0xf7, 0x04, 0x80, 0x2a, 0x00, 0x5d,
    0x11, 0x01, 0x22, 0x40, 0x00, 0xc8, 0x48, 0x08, 0xf6, 0x59, 0x87, 0x04, 0x00, 0x2b, 0x00, 0x5d, 0xf9, 0x59, 0x97, 0x04, 0x00, 0x2a, 0x00, 0x5d,
    0xf3, 0x59, 0xa7, 0x04, 0x80, 0x2b, 0x00, 0x5d, 0x10, 0x01, 0x22, 0xea, 0x04, 0x44, 0x04, 0x10, 0xf2, 0x59, 0xc7, 0x04, 0x00, 0x57, 0x00, 0x5d,
    0x54, 0x94, 0x07, 0x50, 0x04, 0x10, 0x4e, 0xef, 0xa4, 0x5b, 0x97, 0x04, 0x00, 0x6c, 0x00, 0x5d, 0x11, 0x01, 0x20, 0x22, 0x40, 0x04, 0x04, 0x00,
    0x58, 0x59, 0xb7, 0x04, 0x00, 0x7a, 0x00, 0x5d, 0x5f, 0x5a, 0x87, 0x04, 0x80, 0x2f, 0x00, 0x5d, 0xe3, 0x5a, 0x97, 0x04, 0x80, 0x71, 0x00, 0x5d,
    0x11, 0x03, 0x24, 0x66, 0x42, 0x48, 0x0c, 0x08, 0x80, 0x5a, 0xb7, 0x04, 0x00, 0x40, 0x00, 0x5d, 0xd8, 0x5b, 0xa7, 0x04, 0x00, 0x59, 0x00, 0x5d,
    0xae, 0x5b, 0xb7, 0x04, 0x00, 0x5b, 0x00, 0x5d, 0x71, 0x47, 0x20, 0x02, 0x40, 0x04, 0x00, 0x00, 0x48, 0xe7, 0x07, 0x50, 0x00, 0x10, 0x4e, 0xef,
    0xb2, 0x5b, 0xc7, 0x04, 0x80, 0x40, 0x00, 0x5d, 0x7d, 0x5b, 0xd7, 0x04, 0x80, 0x7d, 0x00, 0x5d, 0x11, 0x00, 0x26, 0x02, 0x80, 0x44, 0x00, 0x08,
    0x5e, 0x59, 0xd7, 0x04, 0x00, 0x2f, 0x00, 0x5d, 0x5c, 0x59, 0xe7, 0x04, 0x00, 0x2e, 0x00, 0x5d, 0xeb, 0x5a, 0xd7, 0x04, 0x80, 0x75, 0x00, 0x5d,
    0x11, 0x00, 0x26, 0x26, 0x00, 0x04, 0x24, 0x00, 0x98, 0x5a, 0xe7, 0x04, 0x00, 0x4c, 0x00, 0x5d, 0xa0, 0x5a, 0xf7, 0x04, 0x00, 0x50, 0x00, 0x5d,
    0xfb, 0x5b, 0xe7, 0x04, 0x00, 0x78, 0x00, 0x5d, 0x12, 0x01, 0x00, 0x02, 0x40, 0xc4, 0x5f, 0x00, 0xb6, 0x5b, 0xf7, 0x04, 0x80, 0x4a, 0x00, 0x5d,
    0xba, 0x44, 0x07, 0x05, 0x00, 0x5d, 0x00, 0x5d, 0x4c, 0x94, 0x07, 0x60, 0x04, 0x10, 0x4e, 0xef, 0x31, 0x00, 0x22, 0x02, 0x40, 0x44, 0x00, 0x00,
    0xbe, 0x44, 0x17, 0x05, 0x00, 0x5f, 0x00, 0x5d, 0xdc, 0x44, 0x27, 0x05, 0x00, 0x6e, 0x00, 0x5d, 0xc2, 0x44, 0x37, 0x05, 0x00, 0x61, 0x00, 0x5d,
    0x41, 0x23, 0x20, 0x02, 0x40, 0x44, 0x00, 0x08, 0xd6, 0x47, 0x47, 0x05, 0x00, 0x3f, 0x00, 0x5d, 0xca, 0x44, 0x47, 0x05, 0x00, 0x65, 0x00, 0x5d,
    0xc6, 0x44, 0x57, 0x05, 0x00, 0x63, 0x00, 0x5d, 0x11, 0x00, 0x22, 0x02, 0x00, 0x44, 0x00, 0x08, 0xe4, 0x44, 0x67, 0x05, 0x00, 0x72, 0x00, 0x5d,
    0xce, 0x44, 0x77, 0x05, 0x00, 0x67, 0x00, 0x5d, 0x7f, 0x45, 0x07, 0x05, 0x80, 0x3f, 0x00, 0x5d, 0x01, 0x00, 0x20, 0x02, 0x40, 0x44, 0x00, 0x08,
    0xec, 0x45, 0x17, 0x05, 0x00, 0x76, 0x00, 0x5d, 0xe0, 0x45, 0x27, 0x05, 0x00, 0x70, 0x00, 0x5d, 0xe8, 0x45, 0x37, 0x05, 0x00, 0x74, 0x00, 0x5d,
    0x11, 0x00, 0x22, 0x02, 0x40, 0x44, 0x00, 0x08, 0xd2, 0x45, 0x47, 0x05, 0x00, 0x69, 0x00, 0x5d, 0x7b, 0x45, 0x57, 0x05, 0x80, 0x3d, 0x00, 0x5d,
    0xd4, 0x45, 0x67, 0x05, 0x00, 0x6a, 0x00, 0x5d, 0x01, 0x00, 0x20, 0x02, 0x40, 0x44, 0x00, 0x08, 0xaa, 0x45, 0x77, 0x05, 0x00, 0x55, 0x00, 0x5d,
    0xa6, 0x46, 0x07, 0x05, 0x00, 0x53, 0x00, 0x5d, 0xd0, 0x46, 0x17, 0x05, 0x00, 0x68, 0x00, 0x5d, 0x11, 0x00, 0x22, 0x02, 0x40, 0x44, 0x00, 0x08,
    0xf7, 0x46, 0x27, 0x05, 0x80, 0x7b, 0x00, 0x5d, 0xcc, 0x46, 0x37, 0x05, 0x00, 0x66, 0x00, 0x5d, 0xa2, 0x46, 0x47, 0x05, 0x00, 0x51, 0x00, 0x5d,
    0x01, 0x00, 0x20, 0x02, 0x40, 0x44, 0x00, 0x00, 0xc8, 0x46, 0x57, 0x05, 0x00, 0x64, 0x00, 0x5d, 0xc0, 0x46, 0x67, 0x05, 0x00, 0x60, 0x00, 0x5d,
    0xc4, 0x46, 0x77, 0x05, 0x00, 0x62, 0x00, 0x5d, 0x11, 0x00, 0x22, 0x02, 0x40, 0x44, 0x00, 0x08, 0x9e, 0x47, 0x07, 0x05, 0x00, 0x4f, 0x00, 0x5d,
    0xbc, 0x47, 0x17, 0x05, 0x00, 0x5e, 0x00, 0x5d, 0xb8, 0x47, 0x27, 0x05, 0x00, 0x5c, 0x00, 0x5d, 0x01, 0x00, 0x20, 0x02, 0x40, 0x44, 0x02, 0x1a,
    0xb4, 0x47, 0x37, 0x05, 0x00, 0x5a, 0x00, 0x5d, 0x81, 0x47, 0x57, 0x05, 0x00, 0x54, 0x00, 0x5d, 0xac, 0x47, 0x67, 0x05, 0x00, 0x56, 0x00, 0x5d,
    0x12, 0x00, 0x04, 0x66, 0x48, 0x48, 0x3c, 0x00, 0x96, 0x47, 0x77, 0x05, 0x00, 0x4b, 0x00, 0x5d, 0x7e, 0x48, 0x77, 0x05, 0x00, 0x7f, 0x00, 0x5d,
    0x44, 0xe7, 0x07, 0x60, 0x00, 0x10, 0x4e, 0xef, 0x12, 0x43, 0x20, 0xee, 0x08, 0x04, 0x04, 0x00, 0xfe, 0x49, 0x37, 0x05, 0x00, 0x2c, 0x00, 0x5d,
    0x58, 0x94, 0x07, 0x70, 0x04, 0x10, 0x4e, 0xef, 0xa8, 0x48, 0x67, 0x05, 0x00, 0x4e, 0x00, 0x5d, 0x11, 0x00, 0x22, 0x02, 0x40, 0x44, 0x00, 0x08,
    0x9a, 0x48, 0x07, 0x05, 0x00, 0x4d, 0x00, 0x5d, 0x82, 0x48, 0x17, 0x05, 0x00, 0x41, 0x00, 0x5d, 0xb0, 0x48, 0x27, 0x05, 0x00, 0x58, 0x00, 0x5d,
    0x11, 0x00, 0x22, 0x02, 0x40, 0x04, 0x00, 0x00, 0x79, 0x48, 0x37, 0x05, 0x80, 0x3c, 0x00, 0x5d, 0xfd, 0x48, 0x47, 0x05, 0x80, 0x7e, 0x00, 0x5d,
    0x7a, 0x48, 0x57, 0x05, 0x00, 0x3d, 0x00, 0x5d, 0x11, 0x00, 0x22, 0x06, 0x42, 0x44, 0x00, 0x08, 0xf6, 0x49, 0x07, 0x05, 0x00, 0x7b, 0x00, 0x5d,
    0x9c, 0x49, 0x17, 0x05, 0x80, 0x7c, 0x00, 0x5d, 0xf3, 0x49, 0x27, 0x05, 0x80, 0x79, 0x00, 0x5d, 0x11, 0x00, 0x22, 0x02, 0x40, 0x04, 0x00, 0x00,
    0xf2, 0x49, 0x47, 0x05, 0x00, 0x79, 0x00, 0x5d, 0x5e, 0x49, 0x57, 0x05, 0x00, 0x2f, 0x00, 0x5d, 0x5c, 0x49, 0x67, 0x05, 0x00, 0x2e, 0x00, 0x5d,
    0x11, 0x00, 0x20, 0x02, 0x40, 0x44, 0x00, 0x08, 0x5d, 0x49, 0x77, 0x05, 0x80, 0x2e, 0x00, 0x5d, 0x5f, 0x4a, 0x07, 0x05, 0x80, 0x2f, 0x00, 0x5d,
    0xe3, 0x4a, 0x17, 0x05, 0x80, 0x71, 0x00, 0x5d, 0x11, 0x00, 0x22, 0x02, 0x40, 0x04, 0x00, 0x00, 0xf0, 0x4a, 0x27, 0x05, 0x00, 0x3c, 0x00, 0x5d,
    0x80, 0x4a, 0x37, 0x05, 0x00, 0x40, 0x00, 0x5d, 0x7c, 0x4a, 0x47, 0x05, 0x00, 0x3e, 0x00, 0x5d, 0x11, 0x00, 0x22, 0x02, 0x40, 0x44, 0x00, 0x00,
    0xeb, 0x4a, 0x57, 0x05, 0x80, 0x75, 0x00, 0x5d, 0x98, 0x4a, 0x67, 0x05, 0x00, 0x4c, 0x00, 0x5d, 0xa0, 0x4a, 0x77, 0x05, 0x00, 0x50, 0x00, 0x5d,
    0x11, 0x00, 0x22, 0x02, 0x40, 0x04, 0x00, 0x00, 0xfa, 0x4b, 0x07, 0x05, 0x00, 0x7d, 0x00, 0x5d, 0xa4, 0x4b, 0x17, 0x05, 0x00, 0x52, 0x00, 0x5d,
    0xd8, 0x4b, 0x27, 0x05, 0x00, 0x6c, 0x00, 0x5d, 0x11, 0x00, 0x22, 0x02, 0x40, 0x44, 0x00, 0x08, 0xae, 0x4b, 0x37, 0x05, 0x00, 0x57, 0x00, 0x5d,
    0xb2, 0x4b, 0x47, 0x05, 0x00, 0x59, 0x00, 0x5d, 0x7d, 0x4b, 0x57, 0x05, 0x80, 0x3e, 0x00, 0x5d, 0x11, 0x00, 0x42, 0x02, 0x00, 0x44, 0x3c, 0x00,
    0xfb, 0x4b, 0x67, 0x05, 0x80, 0x7d, 0x00, 0x5d, 0xb6, 0x4b, 0x77, 0x05, 0x00, 0x5b, 0x00, 0x5d, 0x48, 0xe7, 0x07, 0x70, 0x00, 0x10, 0x4e, 0xef,
    0xfd, 0x07, 0x00, 0xfe, 0x00, 0xc4, 0x1f, 0x00, 0xf9, 0xe7, 0x07, 0x02, 0x00, 0x00, 0x40, 0x04, 0x78, 0x94, 0x07, 0x02, 0x00, 0x00, 0x40, 0x04,
    0x54, 0xf9, 0x07, 0x90, 0x00, 0x10, 0x4e, 0xef, 0x10, 0x00, 0x24, 0xfe, 0x00, 0x44, 0x00, 0x08, 0xfc, 0x47, 0xe7, 0x04, 0x00, 0x5c, 0x00, 0x5d,
    0x50, 0xf9, 0x07, 0x80, 0x00, 0x10, 0x4e, 0xef, 0xba, 0x44, 0xc7, 0x04, 0x00, 0x5d, 0x00, 0x5d, 0x11, 0x00, 0x22, 0x02, 0x40, 0x04, 0x00, 0x00,
    0xbe, 0x44, 0xd7, 0x04, 0x00, 0x5f, 0x00, 0x5d, 0xdc, 0x44, 0xe7, 0x04, 0x00, 0x6e, 0x00, 0x5d, 0xc2, 0x44, 0xf7, 0x04, 0x00, 0x61, 0x00, 0x5d,
    0x11, 0x43, 0x22, 0x62, 0x40, 0x44, 0x0c, 0x08, 0xca, 0x44, 0x87, 0x05, 0x00, 0x65, 0x00, 0x5d, 0xc6, 0x44, 0x97, 0x05, 0x00, 0x63, 0x00, 0x5d,
    0xe4, 0x44, 0xa7, 0x05, 0x00, 0x72, 0x00, 0x5d, 0x11, 0x03, 0x20, 0x62, 0x40, 0x04, 0x0c, 0x00, 0xce, 0x44, 0xb7, 0x05, 0x00, 0x67, 0x00, 0x5d,
    0x7f, 0x45, 0xc7, 0x04, 0x80, 0x3f, 0x00, 0x5d, 0xec, 0x45, 0xd7, 0x04, 0x00, 0x76, 0x00, 0x5d, 0x11, 0x03, 0x22, 0x62, 0x40, 0x44, 0x0c, 0x08,
    0xe0, 0x45, 0xe7, 0x04, 0x00, 0x70, 0x00, 0x5d, 0xe8, 0x45, 0xf7, 0x04, 0x00, 0x74, 0x00, 0x5d, 0xd2, 0x45, 0x87, 0x05, 0x00, 0x69, 0x00, 0x5d,
    0x11, 0x03, 0x22, 0x62, 0x40, 0x04, 0x0c, 0x00, 0x7b, 0x45, 0x97, 0x05, 0x80, 0x3d, 0x00, 0x5d, 0xd4, 0x45, 0xa7, 0x05, 0x00, 0x6a, 0x00, 0x5d,
    0xaa, 0x45, 0xb7, 0x05, 0x00, 0x55, 0x00, 0x5d, 0x11, 0x03, 0x22, 0x62, 0x40, 0x44, 0x0c, 0x08, 0x95, 0x46, 0xc7, 0x04, 0x00, 0x53, 0x00, 0x5d,
    0xf4, 0x46, 0xd7, 0x04, 0x00, 0x68, 0x00, 0x5d, 0xf7, 0x46, 0xe7, 0x04, 0x80, 0x7b, 0x00, 0x5d, 0x11, 0x03, 0x22, 0x62, 0x40, 0x04, 0x0c, 0x00,
    0xcc, 0x46, 0xf7, 0x04, 0x00, 0x66, 0x00, 0x5d, 0xa2, 0x46, 0x87, 0x05, 0x00, 0x51, 0x00, 0x5d, 0xc8, 0x46, 0x97, 0x05, 0x00, 0x64, 0x00, 0x5d,
    0x11, 0x03, 0x22, 0x62, 0x00, 0x44, 0x0c, 0x08, 0xc0, 0x46, 0xa7, 0x05, 0x00, 0x60, 0x00, 0x5d, 0xc4, 0x46, 0xb7, 0x05, 0x00, 0x62, 0x00, 0x5d,
    0x9e, 0x47, 0xc7, 0x04, 0x00, 0x4f, 0x00, 0x5d, 0x31, 0x03, 0x22, 0x62, 0x41, 0x04, 0x8d, 0x00, 0xbc, 0x47, 0xd7, 0x04, 0x00, 0x5e, 0x00, 0x5d,
    0xb8, 0x47, 0xf7, 0x04, 0x00, 0x5a, 0x00, 0x5d, 0xd6, 0x47, 0x87, 0x05, 0x00, 0x6b, 0x00, 0x5d, 0x11, 0x03, 0x22, 0x72, 0x50, 0x48, 0x0c, 0x00,
    0x81, 0x47, 0x97, 0x05, 0x80, 0x40, 0x00, 0x5d, 0xac, 0x47, 0xa7, 0x05, 0x00, 0x56, 0x00, 0x5d, 0x96, 0x47, 0xb7, 0x05, 0x00, 0x4b, 0x00, 0x5d,
    0x71, 0x47, 0x20, 0x02, 0x40, 0x04, 0x00, 0x00, 0x44, 0x78, 0x07, 0x80, 0x04, 0x10, 0x4e, 0xef, 0xda, 0x48, 0xc7, 0x04, 0x00, 0x4d, 0x00, 0x5d,
    0x99, 0x48, 0xd7, 0x04, 0x00, 0x41, 0x00, 0x5d, 0x31, 0x01, 0x22, 0x02, 0x41, 0x44, 0x00, 0x08, 0xde, 0x48, 0xe7, 0x04, 0x00, 0x58, 0x00, 0x5d,
    0x9a, 0x48, 0xf7, 0x04, 0x80, 0x3c, 0x00, 0x5d, 0x82, 0x48, 0x87, 0x05, 0x80, 0x7e, 0x00, 0x5d, 0x11, 0x00, 0x22, 0x06, 0x42, 0x08, 0x00, 0x00,
    0x7a, 0x48, 0x97, 0x05, 0x00, 0x3d, 0x00, 0x5d, 0xb0, 0x48, 0xa7, 0x05, 0x00, 0x54, 0x00, 0x5d, 0x7e, 0x48, 0xb7, 0x05, 0x00, 0x3f, 0x00, 0x5d,
    0x71, 0x0f, 0x24, 0x02, 0x40, 0x44, 0x00, 0x08, 0x48, 0x4a, 0xc7, 0x04, 0x80, 0x2f, 0x00, 0x5d, 0xa8, 0x49, 0xd7, 0x04, 0x00, 0x4e, 0x00, 0x5d,
    0xfd, 0x49, 0xc7, 0x04, 0x00, 0x7b, 0x00, 0x5d, 0x31, 0x01, 0x22, 0x02, 0x41, 0x04, 0x00, 0x00, 0x83, 0x49, 0xf7, 0x04, 0x00, 0x7f, 0x00, 0x5d,
    0x9c, 0x49, 0x97, 0x05, 0x00, 0x2f, 0x00, 0x5d, 0xf3, 0x49, 0xe7, 0x04, 0x80, 0x79, 0x00, 0x5d, 0x11, 0x00, 0x22, 0x26, 0x42, 0x44, 0x20, 0x08,
    0xf6, 0x49, 0x87, 0x05, 0x00, 0x79, 0x00, 0x5d, 0xfe, 0x49, 0xb7, 0x05, 0x80, 0x2e, 0x00, 0x5d, 0x5e, 0x4a, 0xe7, 0x04, 0x00, 0x78, 0x00, 0x5d,
    0x11, 0x00, 0x22, 0x62, 0x00, 0x04, 0x00, 0x00, 0xa1, 0x4a, 0xf7, 0x04, 0x00, 0x40, 0x00, 0x5d, 0xd0, 0x4a, 0x97, 0x05, 0x80, 0x75, 0x00, 0x5d,
    0xb4, 0x49, 0xa7, 0x05, 0x00, 0x2e, 0x00, 0x5d, 0x11, 0x00, 0x26, 0x26, 0x40, 0x44, 0x20, 0x08, 0xe3, 0x4a, 0xd7, 0x04, 0x80, 0x71, 0x00, 0x5d,
    0x79, 0x4a, 0x87, 0x05, 0x00, 0x3e, 0x00, 0x5d, 0xf0, 0x4a, 0xa7, 0x05, 0x00, 0x4c, 0x00, 0x5d, 0x11, 0x00, 0x20, 0x22, 0x42, 0x04, 0x04, 0x00,
    0xf8, 0x4a, 0xb7, 0x05, 0x00, 0x50, 0x00, 0x5d, 0x5d, 0x4b, 0xc7, 0x04, 0x00, 0x7d, 0x00, 0x5d, 0xf2, 0x4b, 0xd7, 0x04, 0x00, 0x52, 0x00, 0x5d,
    0x11, 0x01, 0x22, 0x02, 0x40, 0x44, 0x00, 0x08, 0x4e, 0x4b, 0xe7, 0x04, 0x00, 0x6c, 0x00, 0x5d, 0x4f, 0x4b, 0xf7, 0x04, 0x00, 0x57, 0x00, 0x5d,
    0xb2, 0x4b, 0x87, 0x05, 0x00, 0x59, 0x00, 0x5d, 0x11, 0x00, 0x22, 0x02, 0x40, 0x08, 0x00, 0x00, 0x7d, 0x4b, 0x97, 0x05, 0x80, 0x3e, 0x00, 0x5d,
    0xfb, 0x4b, 0xa7, 0x05, 0x80, 0x7d, 0x00, 0x5d, 0xa6, 0x4b, 0xb7, 0x05, 0x00, 0x5b, 0x00, 0x5d, 0x70, 0x41, 0xa0, 0xff, 0x01, 0x40, 0x00, 0x10,
    0xeb, 0x56, 0x47, 0x04, 0x00, 0x24, 0x00, 0x5d, 0x58, 0x78, 0x07, 0xb0, 0x04, 0x10, 0x4e, 0xef, 0xae, 0x50, 0x47, 0x04, 0x00, 0x5d, 0x00, 0x5d,
    0x31, 0x17, 0x20, 0x02, 0x80, 0x44, 0x00, 0x18, 0x48, 0x78, 0x07, 0x90, 0x04, 0x10, 0x4e, 0xef, 0x80, 0x52, 0x47, 0x04, 0x80, 0x4a, 0x00, 0x5d,
    0xb6, 0x53, 0x47, 0x04, 0x00, 0x4f, 0x00, 0x5d, 0x31, 0x02, 0x20, 0x00, 0x01, 0x44, 0x00, 0x08, 0x5f, 0x54, 0x47, 0x04, 0x00, 0x6d, 0x00, 0x5d,
    0xba, 0x53, 0x57, 0x04, 0x00, 0x5e, 0x00, 0x5d, 0x5c, 0x55, 0x67, 0x04, 0x80, 0x79, 0x00, 0x5d, 0x11, 0x00, 0x26, 0x02, 0x40, 0x44, 0x00, 0x10,
    0xfa, 0x51, 0x47, 0x04, 0x80, 0x3f, 0x00, 0x5d, 0x9e, 0x55, 0x47, 0x04, 0x80, 0x7e, 0x00, 0x5d, 0x95, 0x50, 0x57, 0x04, 0x00, 0x5f, 0x00, 0x5d,
    0x31, 0x02, 0x24, 0x00, 0x01, 0x44, 0x00, 0x18, 0xa4, 0x51, 0x57, 0x04, 0x00, 0x76, 0x00, 0x5d, 0xbc, 0x55, 0x57, 0x04, 0x00, 0x54, 0x00, 0x5d,
    0x98, 0x56, 0x57, 0x04, 0x80, 0x71, 0x00, 0x5d, 0x11, 0x22, 0x24, 0x02, 0x00, 0x44, 0x00, 0x00, 0xda, 0x50, 0x67, 0x04, 0x00, 0x6e, 0x00, 0x5d,
    0xf3, 0x56, 0x67, 0x04, 0x00, 0x2f, 0x00, 0x5d, 0x5d, 0x57, 0x47, 0x04, 0x80, 0x2e, 0x00, 0x5d, 0x11, 0x00, 0x24, 0x00, 0x00, 0x44, 0x00, 0x08,
    0xf4, 0x52, 0x57, 0x04, 0x00, 0x7a, 0x00, 0x5d, 0x7f, 0x54, 0x57, 0x04, 0x80, 0x4c, 0x00, 0x5d, 0xf2, 0x57, 0x57, 0x04, 0x00, 0x79, 0x00, 0x5d,
    0x11, 0x00, 0x24, 0x02, 0x80, 0xc4, 0x04, 0x10, 0xe0, 0x51, 0x67, 0x04, 0x00, 0x70, 0x00, 0x5d, 0xd8, 0x52, 0x67, 0x04, 0x80, 0x7b, 0x00, 0x5d,
    0xec, 0x53, 0x67, 0x04, 0x00, 0x7e, 0x00, 0x5d, 0x11, 0x08, 0x24, 0x00, 0x00, 0x44, 0x00, 0x10, 0xe3, 0x54, 0x67, 0x04, 0x00, 0x6f, 0x00, 0x5d,
    0xa8, 0x57, 0x67, 0x04, 0x00, 0x27, 0x00, 0x5d, 0xc2, 0x50, 0x77, 0x04, 0x00, 0x61, 0x00, 0x5d, 0x11, 0x00, 0x24, 0x0a, 0x84, 0x44, 0x00, 0x10,
    0xe8, 0x51, 0x77, 0x04, 0x00, 0x74, 0x00, 0x5d, 0xdc, 0x52, 0x77, 0x04, 0x00, 0x66, 0x00, 0x5d, 0xbe, 0x53, 0x77, 0x04, 0x00, 0x5c, 0x00, 0x5d,
    0x11, 0x00, 0x24, 0x00, 0x00, 0x44, 0x00, 0x10, 0x7c, 0x54, 0x77, 0x04, 0x00, 0x4d, 0x00, 0x5d, 0x5e, 0x55, 0x77, 0x04, 0x80, 0x41, 0x00, 0x5d,
    0xa0, 0x56, 0x77, 0x04, 0x80, 0x50, 0x00, 0x5d, 0x12, 0x00, 0x00, 0x26, 0x02, 0x74, 0x3c, 0x00, 0xfd, 0x57, 0x77, 0x04, 0x80, 0x27, 0x00, 0x5d,
    0xca, 0x50, 0x87, 0x04, 0x00, 0x65, 0x00, 0x5d, 0x44, 0xf9, 0x07, 0xa0, 0x00, 0x10, 0x4e, 0xef, 0x10, 0x01, 0x22, 0xe2, 0x00, 0x44, 0x04, 0x08,
    0xc6, 0x50, 0x97, 0x04, 0x00, 0x63, 0x00, 0x5d, 0x4c, 0x78, 0x07, 0xa0, 0x04, 0x10, 0x4e, 0xef, 0xe4, 0x50, 0xa7, 0x04, 0x00, 0x72, 0x00, 0x5d,
    0x01, 0x01, 0x20, 0x22, 0xc0, 0x44, 0x04, 0x18, 0x9d, 0x50, 0xb7, 0x04, 0x00, 0x67, 0x00, 0x5d, 0xe2, 0x51, 0x87, 0x04, 0x00, 0x69, 0x00, 0x5d,
    0x7b, 0x51, 0x97, 0x04, 0x80, 0x3d, 0x00, 0x5d, 0x11, 0x01, 0x22, 0x22, 0x00, 0x44, 0x08, 0x08, 0xd4, 0x51, 0xa7, 0x04, 0x00, 0x6a, 0x00, 0x5d,
    0xcc, 0x51, 0xb7, 0x04, 0x00, 0x55, 0x00, 0x5d, 0xa2, 0x52, 0x87, 0x04, 0x00, 0x51, 0x00, 0x5d, 0x21, 0x12, 0x20, 0x42, 0xc0, 0x44, 0x04, 0x08,
    0x50, 0x52, 0x97, 0x04, 0x00, 0x64, 0x00, 0x5d, 0xc0, 0x52, 0xa7, 0x04, 0x00, 0x60, 0x00, 0x5d, 0xd6, 0x53, 0x87, 0x04, 0x00, 0x6b, 0x00, 0x5d,
    0x11, 0x22, 0x20, 0x22, 0xc0, 0x44, 0x06, 0x02, 0x52, 0x52, 0xb7, 0x04, 0x00, 0x62, 0x00, 0x5d, 0xa1, 0x53, 0x97, 0x04, 0x80, 0x40, 0x00, 0x5d,
    0xa5, 0x53, 0xa7, 0x04, 0x00, 0x56, 0x00, 0x5d, 0x01, 0x01, 0x20, 0x02, 0xc0, 0x44, 0x00, 0x10, 0xd2, 0x54, 0x97, 0x04, 0x00, 0x3d, 0x00, 0x5d,
    0x51, 0x54, 0xb7, 0x04, 0x00, 0x3f, 0x00, 0x5d, 0xb8, 0x56, 0x87, 0x04, 0x80, 0x3c, 0x00, 0x5d, 0x11, 0x11, 0x20, 0x22, 0xc0, 0x44, 0x04, 0x00,
    0x53, 0x53, 0xb7, 0x04, 0x00, 0x4b, 0x00, 0x5d, 0xce, 0x54, 0x87, 0x04, 0x00, 0x41, 0x00, 0x5d, 0x81, 0x54, 0xa7, 0x04, 0x00, 0x58, 0x00, 0x5d,
    0x01, 0x01, 0x20, 0x22, 0xc0, 0x44, 0x04, 0x18, 0x7a, 0x55, 0x87, 0x04, 0x00, 0x7b, 0x00, 0x5d, 0xfc, 0x55, 0x97, 0x04, 0x00, 0x4e, 0x00, 0x5d,
    0x83, 0x55, 0xa7, 0x04, 0x00, 0x5a, 0x00, 0x5d, 0x11, 0x01, 0x20, 0x2a, 0x44, 0x44, 0x04, 0x08, 0xde, 0x55, 0xb7, 0x04, 0x00, 0x7f, 0x00, 0x5d,
    0xc4, 0x56, 0x97, 0x04, 0x00, 0x68, 0x00, 0x5d, 0xf0, 0x56, 0xa7, 0x04, 0x00, 0x78, 0x00, 0x5d, 0x21, 0x01, 0x20, 0x22, 0x41, 0x44, 0x04, 0x08,
    0xf8, 0x56, 0xb7, 0x04, 0x00, 0x7c, 0x00, 0x5d, 0x7e, 0x57, 0x87, 0x04, 0x00, 0x59, 0x00, 0x5d, 0x79, 0x57, 0x97, 0x04, 0x80, 0x3e, 0x00, 0x5d,
    0x11, 0x01, 0x42, 0x22, 0x00, 0xf4, 0x5c, 0x00, 0xc8, 0x57, 0xa7, 0x04, 0x80, 0x7d, 0x00, 0x5d, 0xa6, 0x57, 0xb7, 0x04, 0x00, 0x53, 0x00, 0x5d,
    0x48, 0xf9, 0x07, 0xb0, 0x00, 0x10, 0x4e, 0xef, 0x10, 0x00, 0x20, 0xfe, 0x00, 0x04, 0x00, 0x00, 0xac, 0x45, 0xa7, 0x05, 0x00, 0x6a, 0x00, 0x5d,
    0x54, 0x78, 0x07, 0xd0, 0x04, 0x10, 0x4e, 0xef, 0xaa, 0x44, 0xc7, 0x04, 0x00, 0x57, 0x00, 0x5d, 0x11, 0x00, 0x22, 0x46, 0x80, 0x44, 0x20, 0x10,
    0xb4, 0x44, 0xa7, 0x05, 0x00, 0x72, 0x00, 0x5d, 0xb0, 0x45, 0xd7, 0x04, 0x00, 0x52, 0x00, 0x5d, 0xd4, 0x46, 0xe7, 0x04, 0x00, 0x6c, 0x00, 0x5d,
    0x11, 0x01, 0x22, 0x02, 0x40, 0x04, 0x00, 0x00, 0xae, 0x44, 0xd7, 0x04, 0x80, 0x4a, 0x00, 0x5d, 0x9a, 0x44, 0xe7, 0x04, 0x00, 0x6d, 0x00, 0x5d,
    0xb2, 0x44, 0xf7, 0x04, 0x00, 0x61, 0x00, 0x5d, 0x11, 0x00, 0x20, 0x02, 0x40, 0x44, 0x88, 0x18, 0x99, 0x44, 0x97, 0x05, 0x00, 0x63, 0x00, 0x5d,
    0x82, 0x45, 0xc7, 0x04, 0x00, 0x7d, 0x00, 0x5d, 0xa4, 0x45, 0xe7, 0x04, 0x00, 0x70, 0x00, 0x5d, 0x31, 0x04, 0x24, 0x02, 0x01, 0x04, 0x00, 0x00,
    0xf6, 0x45, 0xf7, 0x04, 0x00, 0x74, 0x00, 0x5d, 0xd8, 0x46, 0xf7, 0x04, 0x00, 0x6e, 0x00, 0x5d, 0xe4, 0x47, 0xe7, 0x04, 0x00, 0x76, 0x00, 0x5d,
    0x11, 0x00, 0x26, 0x02, 0x80, 0x44, 0x00, 0x08, 0xda, 0x44, 0x87, 0x05, 0x00, 0x65, 0x00, 0x5d, 0x96, 0x44, 0xb7, 0x05, 0x80, 0x4e, 0x00, 0x5d,
    0xfa, 0x45, 0x87, 0x05, 0x00, 0x71, 0x00, 0x5d, 0x11, 0x00, 0x22, 0x02, 0x00, 0x04, 0x00, 0x00, 0x9c, 0x45, 0x97, 0x05, 0x80, 0x3d, 0x00, 0x5d,
    0xcc, 0x45, 0xb7, 0x05, 0x00, 0x66, 0x00, 0x5d, 0xf7, 0x46, 0xc7, 0x04, 0x00, 0x40, 0x00, 0x5d, 0x11, 0x00, 0x22, 0x02, 0x40, 0xc4, 0x04, 0x08,
    0xd0, 0x46, 0xd7, 0x04, 0x00, 0x7a, 0x00, 0x5d, 0x7d, 0x46, 0x87, 0x05, 0x00, 0x51, 0x00, 0x5d, 0xfb, 0x46, 0x97, 0x05, 0x00, 0x28, 0x00, 0x5d,
    0x11, 0x08, 0x22, 0x0a, 0x04, 0x04, 0x00, 0x00, 0xdc, 0x46, 0xa7, 0x05, 0x00, 0x60, 0x00, 0x5d, 0xe0, 0x46, 0xb7, 0x05, 0x00, 0x29, 0x00, 0x5d,
    0xb6, 0x47, 0xc7, 0x04, 0x00, 0x5b, 0x00, 0x5d, 0x11, 0x00, 0x22, 0x02, 0x40, 0x44, 0x00, 0x08, 0xba, 0x47, 0xd7, 0x04, 0x00, 0x5d, 0x00, 0x5d,
    0xbe, 0x47, 0xf7, 0x04, 0x00, 0x5f, 0x00, 0x5d, 0xc2, 0x47, 0x87, 0x05, 0x00, 0x6b, 0x00, 0x5d, 0x11, 0x00, 0x22, 0x12, 0x50, 0x08, 0x00, 0x00,
    0xc6, 0x47, 0x97, 0x05, 0x80, 0x50, 0x00, 0x5d, 0xe8, 0x47, 0xa7, 0x05, 0x80, 0x52, 0x00, 0x5d, 0xec, 0x47, 0xb7, 0x05, 0x80, 0x29, 0x00, 0x5d,
    0x30, 0x11, 0xa0, 0xff, 0x01, 0x40, 0x00, 0x08, 0x95, 0x48, 0xb7, 0x05, 0x80, 0x28, 0x00, 0x5d, 0x44, 0xf9, 0x07, 0xc0, 0x00, 0x10, 0x4e, 0xef,
    0xca, 0x48, 0xc7, 0x04, 0x80, 0x2f, 0x00, 0x5d, 0x31, 0x17, 0x20, 0x02, 0xc0, 0x44, 0x00, 0x10, 0x50, 0x78, 0x07, 0xc0, 0x04, 0x10, 0x4e, 0xef,
    0x7b, 0x48, 0xe7, 0x04, 0x80, 0x71, 0x00, 0x5d, 0xd6, 0x48, 0xf7, 0x04, 0x00, 0x3e, 0x00, 0x5d, 0x11, 0x00, 0x22, 0x44, 0x00, 0x44, 0x20, 0x18,
    0xc0, 0x49, 0xe7, 0x04, 0x00, 0x2e, 0x00, 0x5d, 0xa2, 0x49, 0xf7, 0x04, 0x00, 0x2f, 0x00, 0x5d, 0x5f, 0x4a, 0x87, 0x05, 0x00, 0x5c, 0x00, 0x5d,
    0x11, 0x00, 0x24, 0x02, 0x40, 0x44, 0x00, 0x08, 0xe3, 0x4a, 0x97, 0x05, 0x00, 0x62, 0x00, 0x5d, 0x7f, 0x48, 0xd7, 0x04, 0x80, 0x3f, 0x00, 0x5d,
    0xce, 0x48, 0x87, 0x05, 0x00, 0x67, 0x00, 0x5d, 0x11, 0x00, 0x22, 0x00, 0x00, 0x44, 0x00, 0x08, 0xd2, 0x48, 0x97, 0x05, 0x00, 0x69, 0x00, 0x5d,
    0x81, 0x48, 0xa7, 0x05, 0x80, 0x40, 0x00, 0x5d, 0x9e, 0x49, 0xc7, 0x04, 0x00, 0x4f, 0x00, 0x5d, 0x11, 0x00, 0x22, 0x02, 0x40, 0x44, 0x00, 0x08,
    0xbc, 0x49, 0xd7, 0x04, 0x00, 0x5e, 0x00, 0x5d, 0x7a, 0x49, 0x87, 0x05, 0x00, 0x3d, 0x00, 0x5d, 0xfe, 0x49, 0x97, 0x05, 0x00, 0x7e, 0x00, 0x5d,
    0x11, 0x00, 0x22, 0x00, 0x00, 0xc4, 0x01, 0x09, 0x80, 0x49, 0xa7, 0x05, 0x80, 0x41, 0x00, 0x5d, 0x7c, 0x49, 0xb7, 0x05, 0x00, 0x6f, 0x00, 0x5d,
    0xeb, 0x4a, 0xc7, 0x04, 0x80, 0x75, 0x00, 0x5d, 0x11, 0x00, 0x22, 0x02, 0x40, 0x44, 0x00, 0x08, 0x98, 0x4a, 0xd7, 0x04, 0x00, 0x4c, 0x00, 0x5d,
    0xf3, 0x4a, 0xe7, 0x04, 0x80, 0x79, 0x00, 0x5d, 0xa0, 0x4a, 0xf7, 0x04, 0x00, 0x50, 0x00, 0x5d, 0x11, 0x00, 0x22, 0x40, 0x04, 0x44, 0x00, 0x08,
    0x5c, 0x4a, 0xa7, 0x05, 0x00, 0x78, 0x00, 0x5d, 0x5e, 0x4a, 0xb7, 0x05, 0x00, 0x7c, 0x00, 0x5d, 0x5d, 0x4b, 0xc7, 0x04, 0x80, 0x2e, 0x00, 0x5d,
    0x11, 0x00, 0x22, 0x02, 0x40, 0x48, 0x00, 0x08, 0xf2, 0x4b, 0xd7, 0x04, 0x00, 0x79, 0x00, 0x5d, 0xa8, 0x4b, 0xe7, 0x04, 0x00, 0x54, 0x00, 0x5d,
    0xfd, 0x4b, 0xf7, 0x04, 0x80, 0x7e, 0x00, 0x5d, 0x30, 0x02, 0x22, 0xfe, 0x01, 0x04, 0x08, 0x00, 0x7e, 0x4b, 0x87, 0x05, 0x00, 0x3f, 0x00, 0x5d,
    0x4c, 0x78, 0x07, 0xe0, 0x04, 0x10, 0x4e, 0xef, 0x79, 0x4b, 0x97, 0x05, 0x80, 0x3c, 0x00, 0x5d, 0x11, 0x02, 0x42, 0x42, 0x00, 0x74, 0x9d, 0x00,
    0xb8, 0x4b, 0xa7, 0x05, 0x00, 0x64, 0x00, 0x5d, 0xc4, 0x4b, 0xb7, 0x05, 0x00, 0x53, 0x00, 0x5d, 0x48, 0xf9, 0x07, 0xd0, 0x00, 0x10, 0x4e, 0xef,
    0x10, 0x11, 0x22, 0xfe, 0x00, 0x44, 0x00, 0x08, 0xc8, 0x44, 0x27, 0x05, 0x00, 0x4d, 0x00, 0x5d, 0x58, 0x78, 0x07, 0xf0, 0x04, 0x10, 0x4e, 0xef,
    0xaa, 0x44, 0x07, 0x05, 0x00, 0x55, 0x00, 0x5d, 0x01, 0x00, 0x20, 0x02, 0x40, 0x44, 0x00, 0x08, 0xae, 0x44, 0x17, 0x05, 0x00, 0x57, 0x00, 0x5d,
    0xb2, 0x44, 0x37, 0x05, 0x00, 0x59, 0x00, 0x5d, 0xa6, 0x44, 0x47, 0x05, 0x00, 0x6d, 0x00, 0x5d, 0x31, 0x10, 0x22, 0x02, 0x40, 0x44, 0x00, 0x00,
    0x9a, 0x44, 0x57, 0x05, 0x80, 0x4c, 0x00, 0x5d, 0xb4, 0x44, 0x67, 0x05, 0x00, 0x5a, 0x00, 0x5d, 0x96, 0x44, 0x77, 0x05, 0x00, 0x4b, 0x00, 0x5d,
    0x01, 0x00, 0x20, 0x02, 0x40, 0x44, 0x00, 0x08, 0x82, 0x45, 0x07, 0x05, 0x00, 0x41, 0x00, 0x5d, 0xb0, 0x45, 0x17, 0x05, 0x00, 0x58, 0x00, 0x5d,
    0xa4, 0x45, 0x27, 0x05, 0x00, 0x52, 0x00, 0x5d, 0x11, 0x00, 0x22, 0x02, 0x40, 0x44, 0x00, 0x08, 0xf6, 0x45, 0x37, 0x05, 0x00, 0x7b, 0x00, 0x5d,
    0xfa, 0x45, 0x47, 0x05, 0x00, 0x7d, 0x00, 0x5d, 0x9c, 0x45, 0x57, 0x05, 0x00, 0x4e, 0x00, 0x5d, 0x01, 0x00, 0x20, 0x02, 0x00, 0x44, 0x00, 0x08,
    0xac, 0x45, 0x67, 0x05, 0x00, 0x56, 0x00, 0x5d, 0xcc, 0x45, 0x77, 0x05, 0x00, 0x66, 0x00, 0x5d, 0xf7, 0x46, 0x07, 0x05, 0x80, 0x7b, 0x00, 0x5d,
    0x11, 0x00, 0x22, 0x02, 0x40, 0x44, 0x00, 0x08, 0xd0, 0x46, 0x17, 0x05, 0x00, 0x68, 0x00, 0x5d, 0xd4, 0x46, 0x27, 0x05, 0x00, 0x6a, 0x00, 0x5d,
    0xd8, 0x46, 0x37, 0x05, 0x00, 0x6c, 0x00, 0x5d, 0x01, 0x00, 0x20, 0x02, 0x40, 0x44, 0x00, 0x08, 0x7d, 0x46, 0x47, 0x05, 0x80, 0x3e, 0x00, 0x5d,
    0xfb, 0x46, 0x57, 0x05, 0x80, 0x7d, 0x00, 0x5d, 0xdc, 0x46, 0x67, 0x05, 0x00, 0x6e, 0x00, 0x5d, 0x11, 0x00, 0x20, 0x02, 0x40, 0x44, 0x00, 0x08,
    0xe0, 0x46, 0x77, 0x05, 0x00, 0x70, 0x00, 0x5d, 0xb6, 0x47, 0x07, 0x05, 0x00, 0x5b, 0x00, 0x5d, 0xba, 0x47, 0x17, 0x05, 0x00, 0x5d, 0x00, 0x5d,
    0x01, 0x00, 0x20, 0x02, 0x40, 0x44, 0x00, 0x08, 0xe4, 0x47, 0x27, 0x05, 0x00, 0x72, 0x00, 0x5d, 0xbe, 0x47, 0x37, 0x05, 0x00, 0x5f, 0x00, 0x5d,
    0xc2, 0x47, 0x47, 0x05, 0x00, 0x61, 0x00, 0x5d, 0x11, 0x00, 0x22, 0x12, 0x50, 0x48, 0x00, 0x00, 0xc6, 0x47, 0x57, 0x05, 0x00, 0x63, 0x00, 0x5d,
    0xe8, 0x47, 0x67, 0x05, 0x00, 0x74, 0x00, 0x5d, 0xec, 0x47, 0x77, 0x05, 0x00, 0x76, 0x00, 0x5d, 0x11, 0x0f, 0x20, 0x40, 0x04, 0x44, 0x00, 0x08,
    0x44, 0xf9, 0x07, 0xe0, 0x00, 0x10, 0x4e, 0xef, 0xf0, 0x49, 0x27, 0x05, 0x00, 0x60, 0x00, 0x5d, 0xca, 0x48, 0x07, 0x05, 0x00, 0x65, 0x00, 0x5d,
    0x11, 0x00, 0x22, 0x02, 0x40, 0x44, 0x00, 0x08, 0x7f, 0x48, 0x17, 0x05, 0x80, 0x3f, 0x00, 0x5d, 0x7b, 0x48, 0x27, 0x05, 0x80, 0x3d, 0x00, 0x5d,
    0xd6, 0x48, 0x37, 0x05, 0x00, 0x6b, 0x00, 0x5d, 0x11, 0x00, 0x22, 0x00, 0x00, 0x44, 0x00, 0x08, 0xce, 0x48, 0x47, 0x05, 0x00, 0x67, 0x00, 0x5d,
    0xd2, 0x48, 0x57, 0x05, 0x00, 0x69, 0x00, 0x5d, 0x81, 0x48, 0x67, 0x05, 0x80, 0x40, 0x00, 0x5d, 0x11, 0x00, 0x20, 0x02, 0x40, 0x44, 0x00, 0x08,
    0x95, 0x48, 0x77, 0x05, 0x80, 0x4a, 0x00, 0x5d, 0x9e, 0x49, 0x07, 0x05, 0x00, 0x4f, 0x00, 0x5d, 0xbc, 0x49, 0x17, 0x05, 0x00, 0x5e, 0x00, 0x5d,
    0x11, 0x00, 0x22, 0x00, 0x00, 0x44, 0x00, 0x08, 0xa2, 0x49, 0x37, 0x05, 0x00, 0x51, 0x00, 0x5d, 0x7a, 0x49, 0x47, 0x05, 0x00, 0x3d, 0x00, 0x5d,
    0xfe, 0x49, 0x57, 0x05, 0x00, 0x7f, 0x00, 0x5d, 0x51, 0x20, 0x22, 0x02, 0x00, 0xc4, 0x01, 0x09, 0xc0, 0x49, 0x67, 0x05, 0x00, 0x40, 0x00, 0x5d,
    0x7c, 0x49, 0x77, 0x05, 0x00, 0x3e, 0x00, 0x5d, 0xeb, 0x4a, 0x07, 0x05, 0x80, 0x75, 0x00, 0x5d, 0x11, 0x00, 0x22, 0x00, 0x00, 0x44, 0x00, 0x08,
    0x98, 0x4a, 0x17, 0x05, 0x00, 0x4c, 0x00, 0x5d, 0xf3, 0x4a, 0x27, 0x05, 0x80, 0x79, 0x00, 0x5d, 0xa0, 0x4a, 0x37, 0x05, 0x00, 0x50, 0x00, 0x5d,
    0x11, 0x00, 0x22, 0x02, 0x40, 0x44, 0x00, 0x08, 0x5f, 0x4a, 0x47, 0x05, 0x80, 0x2f, 0x00, 0x5d, 0xe3, 0x4a, 0x57, 0x05, 0x80, 0x71, 0x00, 0x5d,
    0x5c, 0x4a, 0x67, 0x05, 0x00, 0x2e, 0x00, 0x5d, 0x11, 0x00, 0x20, 0x00, 0x00, 0x44, 0x00, 0x08, 0x5e, 0x4a, 0x77, 0x05, 0x00, 0x2f, 0x00, 0x5d,
    0x5d, 0x4b, 0x07, 0x05, 0x80, 0x2e, 0x00, 0x5d, 0xf4, 0x4b, 0x17, 0x05, 0x00, 0x79, 0x00, 0x5d, 0x11, 0x00, 0x22, 0x02, 0x40, 0x44, 0x00, 0x08,
    0xa8, 0x4b, 0x27, 0x05, 0x00, 0x54, 0x00, 0x5d, 0xfd, 0x4b, 0x37, 0x05, 0x80, 0x7e, 0x00, 0x5d, 0x7e, 0x4b, 0x47, 0x05, 0x00, 0x3f, 0x00, 0x5d,
    0x11, 0x00, 0x22, 0x00, 0x00, 0x48, 0x00, 0x00, 0x79, 0x4b, 0x57, 0x05, 0x80, 0x3c, 0x00, 0x5d, 0xb8, 0x4b, 0x67, 0x05, 0x00, 0x5c, 0x00, 0x5d,
    0xc4, 0x4b, 0x77, 0x05, 0x00, 0x62, 0x00, 0x5d, 0x11, 0x0f, 0x20, 0x22, 0x00, 0xf4, 0x1f, 0x00, 0x48, 0xf9, 0x07, 0xf0, 0x00, 0x10, 0x4e, 0xef,
    0xda, 0x45, 0xc7, 0x04, 0x00, 0x41, 0x00, 0x5d, 0x80, 0xe7, 0x07, 0x04, 0x00, 0x00, 0x40, 0x04, 0xf0, 0x07, 0x20, 0xfe, 0x00, 0x40, 0x44, 0x10,
    0xf2, 0x94, 0x07, 0x04, 0x00, 0x00, 0x40, 0x04, 0x54, 0x80, 0x07, 0x10, 0x01, 0x10, 0x4e, 0xef, 0x82, 0x45, 0xd7, 0x04, 0x00, 0x58, 0x00, 0x5d,
    0xf1, 0x07, 0x20, 0x02, 0x40, 0x44, 0x44, 0x00, 0x50, 0x80, 0x07, 0x00, 0x01, 0x10, 0x4e, 0xef, 0xaa, 0x44, 0xc7, 0x04, 0x00, 0x55, 0x00, 0x5d,
    0xb0, 0x46, 0xf7, 0x04, 0x00, 0x6c, 0x00, 0x5d, 0x11, 0x00, 0x22, 0x00, 0x00, 0x44, 0x00, 0x08, 0xae, 0x44, 0xd7, 0x04, 0x00, 0x57, 0x00, 0x5d,
    0xc8, 0x44, 0xe7, 0x04, 0x00, 0x64, 0x00, 0x5d, 0xb2, 0x44, 0xf7, 0x04, 0x00, 0x59, 0x00, 0x5d, 0x11, 0x00, 0x22, 0x02, 0x40, 0x44, 0x00, 0x08,
    0xa6, 0x44, 0x87, 0x05, 0x00, 0x53, 0x00, 0x5d, 0x9a, 0x44, 0x97, 0x05, 0x00, 0x4d, 0x00, 0x5d, 0xb4, 0x44, 0xa7, 0x05, 0x00, 0x5a, 0x00, 0x5d,
    0x11, 0x00, 0x20, 0x00, 0x00, 0x44, 0x00, 0x08, 0x96, 0x44, 0xb7, 0x05, 0x00, 0x4b, 0x00, 0x5d, 0xa4, 0x45, 0xe7, 0x04, 0x00, 0x52, 0x00, 0x5d,
    0xf6, 0x45, 0xf7, 0x04, 0x00, 0x7b, 0x00, 0x5d, 0x11, 0x00, 0x22, 0x02, 0x40, 0x44, 0x00, 0x08, 0xfa, 0x45, 0x87, 0x05, 0x00, 0x7d, 0x00, 0x5d,
    0x9c, 0x45, 0x97, 0x05, 0x00, 0x4e, 0x00, 0x5d, 0xac, 0x45, 0xa7, 0x05, 0x00, 0x56, 0x00, 0x5d, 0x11, 0x00, 0x20, 0x00, 0x00, 0x44, 0x00, 0x08,
    0xcc, 0x45, 0xb7, 0x05, 0x00, 0x66, 0x00, 0x5d, 0xfc, 0x46, 0xc7, 0x04, 0x80, 0x7b, 0x00, 0x5d, 0xd0, 0x46, 0xd7, 0x04, 0x00, 0x68, 0x00, 0x5d,
    0x11, 0x00, 0x22, 0x02, 0x40, 0x44, 0x00, 0x08, 0xd4, 0x46, 0xe7, 0x04, 0x00, 0x6a, 0x00, 0x5d, 0x7d, 0x46, 0x87, 0x05, 0x80, 0x3e, 0x00, 0x5d,
    0xfb, 0x46, 0x97, 0x05, 0x80, 0x7d, 0x00, 0x5d, 0x11, 0x00, 0x22, 0x00, 0x00, 0x44, 0x00, 0x08, 0xdc, 0x46, 0xa7, 0x05, 0x00, 0x6e, 0x00, 0x5d,
    0xe0, 0x46, 0xb7, 0x05, 0x00, 0x70, 0x00, 0x5d, 0xde, 0x47, 0xc7, 0x04, 0x00, 0x5b, 0x00, 0x5d, 0x31, 0x10, 0x22, 0x02, 0x40, 0x44, 0x00, 0x08,
    0xd8, 0x47, 0xd7, 0x04, 0x00, 0x5d, 0x00, 0x5d, 0xe4, 0x47, 0xe7, 0x04, 0x00, 0x72, 0x00, 0x5d, 0xbe, 0x47, 0xf7, 0x04, 0x00, 0x5f, 0x00, 0x5d,
    0x11, 0x00, 0x22, 0x00, 0x00, 0x44, 0x02, 0x0a, 0xc2, 0x47, 0x87, 0x05, 0x00, 0x61, 0x00, 0x5d, 0xc6, 0x47, 0x97, 0x05, 0x00, 0x63, 0x00, 0x5d,
    0xe8, 0x47, 0xa7, 0x05, 0x00, 0x74, 0x00, 0x5d, 0x12, 0x00, 0x20, 0xe2, 0x01, 0x44, 0x04, 0x08, 0xec, 0x47, 0xb7, 0x05, 0x00, 0x76, 0x00, 0x5d,
    0x44, 0xf2, 0x07, 0x00, 0x05, 0x10, 0x4e, 0xef, 0x9d, 0x48, 0xc7, 0x04, 0x00, 0x65, 0x00, 0x5d, 0x11, 0x03, 0x22, 0x60, 0x00, 0xc4, 0x4c, 0x08,
    0xe2, 0x48, 0xd7, 0x04, 0x80, 0x3f, 0x00, 0x5d, 0x7b, 0x48, 0xe7, 0x04, 0x80, 0x3d, 0x00, 0x5d, 0xca, 0x48, 0xf7, 0x04, 0x00, 0x6b, 0x00, 0x5d,
    0x11, 0x03, 0x22, 0x62, 0x40, 0x44, 0x0c, 0x08, 0xce, 0x48, 0x87, 0x05, 0x00, 0x67, 0x00, 0x5d, 0xd2, 0x48, 0x97, 0x05, 0x00, 0x69, 0x00, 0x5d,
    0x81, 0x48, 0xa7, 0x05, 0x80, 0x40, 0x00, 0x5d, 0x12, 0x03, 0x20, 0x60, 0x08, 0x44, 0x88, 0x08, 0xb6, 0x48, 0xb7, 0x05, 0x80, 0x4a, 0x00, 0x5d,
    0x48, 0x4a, 0xc7, 0x04, 0x80, 0x75, 0x00, 0x5d, 0xf7, 0x49, 0xa7, 0x05, 0x00, 0x60, 0x00, 0x5d, 0x11, 0x01, 0x22, 0x22, 0xc0, 0x44, 0x04, 0x08,
    0xd6, 0x49, 0xc7, 0x04, 0x00, 0x4f, 0x00, 0x5d, 0xbc, 0x49, 0xd7, 0x04, 0x00, 0x5e, 0x00, 0x5d, 0x83, 0x49, 0xe7, 0x04, 0x00, 0x78, 0x00, 0x5d,
    0x11, 0x22, 0x20, 0x00, 0x00, 0x44, 0x44, 0x08, 0xc0, 0x4a, 0xd7, 0x04, 0x00, 0x4c, 0x00, 0x5d, 0xa2, 0x49, 0xf7, 0x04, 0x00, 0x51, 0x00, 0x5d,
    0x9e, 0x49, 0x87, 0x05, 0x00, 0x3d, 0x00, 0x5d, 0x11, 0x00, 0x22, 0x02, 0x00, 0x44, 0x88, 0x08, 0xa1, 0x4a, 0xe7, 0x04, 0x80, 0x79, 0x00, 0x5d,
    0xa5, 0x4a, 0xf7, 0x04, 0x00, 0x50, 0x00, 0x5d, 0x4d, 0x4b, 0xd7, 0x04, 0x00, 0x7a, 0x00, 0x5d, 0x11, 0x00, 0x24, 0x00, 0x00, 0x44, 0x00, 0x10,
    0xf0, 0x4b, 0x97, 0x05, 0x80, 0x3c, 0x00, 0x5d, 0xfe, 0x49, 0x97, 0x05, 0x00, 0x7f, 0x00, 0x5d, 0x7c, 0x49, 0xb7, 0x05, 0x00, 0x3e, 0x00, 0x5d,
    0x11, 0x00, 0x22, 0x62, 0x48, 0xc4, 0x0c, 0x08, 0x5f, 0x4a, 0x87, 0x05, 0x80, 0x2f, 0x00, 0x5d, 0xeb, 0x4a, 0x97, 0x05, 0x80, 0x71, 0x00, 0x5d,
    0x98, 0x4a, 0xa7, 0x05, 0x00, 0x2e, 0x00, 0x5d, 0x11, 0x0b, 0x20, 0x20, 0x02, 0x44, 0x04, 0x08, 0xf3, 0x4a, 0xb7, 0x05, 0x00, 0x2f, 0x00, 0x5d,
    0x7a, 0x4b, 0xc7, 0x04, 0x80, 0x2e, 0x00, 0x5d, 0x4e, 0x4b, 0xe7, 0x04, 0x00, 0x54, 0x00, 0x5d, 0x11, 0x01, 0x22, 0x62, 0x40, 0x44, 0x8d, 0x08,
    0x4f, 0x4b, 0xf7, 0x04, 0x80, 0x7e, 0x00, 0x5d, 0x99, 0x4b, 0x87, 0x05, 0x00, 0x3f, 0x00, 0x5d, 0xf4, 0x4b, 0xa7, 0x05, 0x00, 0x5c, 0x00, 0x5d,
    0x12, 0x03, 0x00, 0x22, 0x00, 0xf4, 0x1f, 0x01, 0xf8, 0x4b, 0xb7, 0x05, 0x00, 0x62, 0x00, 0x5d, 0x79, 0x56, 0x47, 0x04, 0x00, 0x24, 0x00, 0x5d,
    0x58, 0xf2, 0x07, 0x30, 0x05, 0x10, 0x4e, 0xef, 0x10, 0x03, 0x24, 0xe6, 0x02, 0x04, 0x00, 0x00, 0xa0, 0x52, 0x57, 0x04, 0x00, 0x68, 0x00, 0x5d,
    0x48, 0xf2, 0x07, 0x10, 0x05, 0x10, 0x4e, 0xef, 0xa8, 0x53, 0x57, 0x04, 0x00, 0x6c, 0x00, 0x5d, 0x11, 0x00, 0x24, 0x46, 0x40, 0x44, 0x20, 0x18,
    0xba, 0x51, 0x47, 0x04, 0x00, 0x6d, 0x00, 0x5d, 0x5d, 0x55, 0x47, 0x04, 0x00, 0x6b, 0x00, 0x5d, 0xd8, 0x55, 0x57, 0x04, 0x00, 0x5e, 0x00, 0x5d,
    0x11, 0x00, 0x20, 0x62, 0x08, 0x04, 0x00, 0x00, 0xb8, 0x56, 0x57, 0x04, 0x00, 0x60, 0x00, 0x5d, 0xd0, 0x53, 0x67, 0x04, 0x00, 0x72, 0x00, 0x5d,
    0x5e, 0x55, 0x77, 0x04, 0x00, 0x51, 0x00, 0x5d, 0x11, 0x00, 0x26, 0x02, 0x80, 0x44, 0x00, 0x10, 0xaa, 0x50, 0x47, 0x04, 0x00, 0x55, 0x00, 0x5d,
    0xe3, 0x52, 0x47, 0x04, 0x00, 0x7e, 0x00, 0x5d, 0xfd, 0x53, 0x47, 0x04, 0x00, 0x6f, 0x00, 0x5d, 0x11, 0x00, 0x24, 0x02, 0x00, 0x04, 0x00, 0x00,
    0x7f, 0x54, 0x47, 0x04, 0x80, 0x4e, 0x00, 0x5d, 0x7a, 0x57, 0x47, 0x04, 0x00, 0x3d, 0x00, 0x5d, 0xae, 0x50, 0x57, 0x04, 0x00, 0x57, 0x00, 0x5d,
    0x11, 0x00, 0x26, 0x42, 0x84, 0x44, 0x08, 0x00, 0x82, 0x51, 0x57, 0x04, 0x00, 0x41, 0x00, 0x5d, 0xd6, 0x54, 0x57, 0x04, 0x00, 0x71, 0x00, 0x5d,
    0x7e, 0x57, 0x57, 0x04, 0x80, 0x26, 0x00, 0x5d, 0x11, 0x02, 0x24, 0x42, 0x80, 0x04, 0x08, 0x00, 0xc8, 0x50, 0x67, 0x04, 0x00, 0x64, 0x00, 0x5d,
    0xa4, 0x51, 0x67, 0x04, 0x00, 0x52, 0x00, 0x5d, 0xd4, 0x52, 0x67, 0x04, 0x00, 0x6a, 0x00, 0x5d, 0x11, 0x02, 0x24, 0x46, 0x80, 0x44, 0x28, 0x10,
    0x95, 0x54, 0x67, 0x04, 0x80, 0x3d, 0x00, 0x5d, 0x5c, 0x55, 0x67, 0x04, 0x80, 0x41, 0x00, 0x5d, 0xbc, 0x56, 0x67, 0x04, 0x80, 0x50, 0x00, 0x5d,
    0x11, 0x02, 0x20, 0x42, 0x80, 0x04, 0x08, 0x00, 0xc4, 0x57, 0x67, 0x04, 0x00, 0x27, 0x00, 0x5d, 0xb2, 0x50, 0x77, 0x04, 0x00, 0x59, 0x00, 0x5d,
    0xf6, 0x51, 0x77, 0x04, 0x00, 0x7b, 0x00, 0x5d, 0x71, 0x42, 0x24, 0x42, 0x80, 0x44, 0x08, 0x10, 0xe4, 0x52, 0x77, 0x04, 0x00, 0x58, 0x00, 0x5d,
    0xbe, 0x53, 0x77, 0x04, 0x00, 0x5f, 0x00, 0x5d, 0xda, 0x54, 0x77, 0x04, 0x00, 0x65, 0x00, 0x5d, 0x11, 0x02, 0x44, 0x42, 0x00, 0xf4, 0x9f, 0x00,
    0xc0, 0x56, 0x77, 0x04, 0x80, 0x52, 0x00, 0x5d, 0xa2, 0x57, 0x77, 0x04, 0x80, 0x27, 0x00, 0x5d, 0x44, 0x80, 0x07, 0x20, 0x01, 0x10, 0x4e, 0xef,
    0x51, 0x07, 0x20, 0x20, 0x02, 0x44, 0x04, 0x18, 0x4c, 0xf2, 0x07, 0x20, 0x05, 0x10, 0x4e, 0xef, 0xad, 0x50, 0x87, 0x04, 0x00, 0x53, 0x00, 0x5d,
    0x9a, 0x50, 0x97, 0x04, 0x00, 0x4d, 0x00, 0x5d, 0x11, 0x01, 0x26, 0x22, 0x00, 0x44, 0x00, 0x08, 0x7b, 0x50, 0xa7, 0x04, 0x00, 0x5a, 0x00, 0x5d,
    0x96, 0x50, 0xb7, 0x04, 0x00, 0x4b, 0x00, 0x5d, 0xfa, 0x51, 0x87, 0x04, 0x00, 0x7d, 0x00, 0x5d, 0x31, 0x10, 0x22, 0x00, 0x00, 0x44, 0x00, 0x18,
    0x50, 0x51, 0x97, 0x04, 0x00, 0x4e, 0x00, 0x5d, 0xfc, 0x51, 0xa7, 0x04, 0x00, 0x56, 0x00, 0x5d, 0xa9, 0x52, 0x87, 0x04, 0x80, 0x3e, 0x00, 0x5d,
    0x11, 0x00, 0x26, 0x02, 0x00, 0x44, 0x00, 0x08, 0xfb, 0x52, 0x97, 0x04, 0x80, 0x7d, 0x00, 0x5d, 0xdc, 0x52, 0xa7, 0x04, 0x00, 0x6e, 0x00, 0x5d,
    0xc2, 0x53, 0x87, 0x04, 0x00, 0x61, 0x00, 0x5d, 0x11, 0x00, 0x22, 0x84, 0x10, 0x44, 0x20, 0x10, 0x97, 0x53, 0x97, 0x04, 0x00, 0x63, 0x00, 0x5d,
    0xb5, 0x53, 0xa7, 0x04, 0x00, 0x74, 0x00, 0x5d, 0x51, 0x51, 0xb7, 0x04, 0x00, 0x66, 0x00, 0x5d, 0x11, 0x00, 0x24, 0x82, 0x90, 0x44, 0x00, 0x00,
    0x52, 0x52, 0xb7, 0x04, 0x00, 0x70, 0x00, 0x5d, 0x53, 0x53, 0xb7, 0x04, 0x00, 0x76, 0x00, 0x5d, 0xa5, 0x55, 0xa7, 0x04, 0x80, 0x7b, 0x00, 0x5d,
    0x11, 0x02, 0x20, 0x00, 0x00, 0x44, 0x10, 0x10, 0xa6, 0x57, 0x87, 0x04, 0x80, 0x4c, 0x00, 0x5d, 0xc6, 0x54, 0xb7, 0x04, 0x00, 0x5b, 0x00, 0x5d,
    0xb4, 0x55, 0x97, 0x04, 0x00, 0x7f, 0x00, 0x5d, 0x31, 0x04, 0x22, 0x82, 0x41, 0x44, 0x10, 0x00, 0xb0, 0x56, 0x97, 0x04, 0x80, 0x75, 0x00, 0x5d,
    0xf7, 0x56, 0xa7, 0x04, 0x00, 0x4c, 0x00, 0x5d, 0xa1, 0x56, 0xb7, 0x04, 0x80, 0x79, 0x00, 0x5d, 0x11, 0x22, 0x22, 0x00, 0x00, 0x44, 0x00, 0x00,
    0x99, 0x44, 0xc7, 0x04, 0x00, 0x55, 0x00, 0x5d, 0x9d, 0x44, 0xe7, 0x04, 0x00, 0x64, 0x00, 0x5d, 0xe2, 0x44, 0xf7, 0x04, 0x00, 0x59, 0x00, 0x5d,
    0x11, 0x04, 0x26, 0x82, 0x40, 0x44, 0x10, 0x00, 0xce, 0x54, 0x87, 0x04, 0x00, 0x67, 0x00, 0x5d, 0xca, 0x54, 0x97, 0x04, 0x00, 0x69, 0x00, 0x5d,
    0xe0, 0x54, 0xa7, 0x04, 0x80, 0x40, 0x00, 0x5d, 0x11, 0x04, 0x22, 0x80, 0x00, 0x44, 0x10, 0x00, 0x9e, 0x55, 0x87, 0x04, 0x00, 0x4f, 0x00, 0x5d,
    0xe6, 0x55, 0xb7, 0x04, 0x00, 0x3e, 0x00, 0x5d, 0xac, 0x56, 0x87, 0x04, 0x80, 0x2f, 0x00, 0x5d, 0x11, 0x04, 0x22, 0x82, 0x40, 0x48, 0x10, 0x00,
    0xcc, 0x57, 0x97, 0x04, 0x00, 0x78, 0x00, 0x5d, 0x83, 0x57, 0xa7, 0x04, 0x00, 0x7a, 0x00, 0x5d, 0xb6, 0x57, 0xb7, 0x04, 0x00, 0x7c, 0x00, 0x5d,
    0x10, 0x08, 0xa0, 0xf3, 0x10, 0x40, 0x00, 0x08, 0xb2, 0x44, 0x97, 0x05, 0x00, 0x4d, 0x00, 0x5d, 0x48, 0x80, 0x07, 0x30, 0x01, 0x10, 0x4e, 0xef,
    0xc8, 0x44, 0xa7, 0x05, 0x80, 0x3d, 0x00, 0x5d, 0xf1, 0x07, 0x20, 0x40, 0x04, 0x44, 0x04, 0x18, 0x54, 0xf2, 0x07, 0x50, 0x05, 0x10, 0x4e, 0xef,
    0xaa, 0x44, 0xb7, 0x05, 0x00, 0x4b, 0x00, 0x5d, 0x9c, 0x45, 0xf7, 0x04, 0x00, 0x7b, 0x00, 0x5d, 0x11, 0x00, 0x22, 0x02, 0x00, 0x44, 0x00, 0x18,
    0xfe, 0x45, 0x87, 0x05, 0x00, 0x7d, 0x00, 0x5d, 0xf3, 0x45, 0xa7, 0x05, 0x00, 0x7e, 0x00, 0x5d, 0xeb, 0x46, 0xd7, 0x04, 0x00, 0x50, 0x00, 0x5d,
    0x11, 0x43, 0x20, 0x00, 0x00, 0x44, 0x00, 0x00, 0x98, 0x46, 0xf7, 0x04, 0x00, 0x72, 0x00, 0x5d, 0xde, 0x44, 0xd7, 0x04, 0x00, 0x57, 0x00, 0x5d,
    0x7d, 0x44, 0x87, 0x05, 0x80, 0x56, 0x00, 0x5d, 0x31, 0x22, 0x22, 0x42, 0x41, 0x44, 0x08, 0x08, 0x96, 0x45, 0xc7, 0x04, 0x00, 0x5d, 0x00, 0x5d,
    0x9a, 0x45, 0xd7, 0x04, 0x00, 0x41, 0x00, 0x5d, 0xa4, 0x45, 0xe7, 0x04, 0x00, 0x52, 0x00, 0x5d, 0x31, 0x12, 0x22, 0x40, 0x00, 0x44, 0x08, 0x08,
    0xf6, 0x45, 0x97, 0x05, 0x00, 0x28, 0x00, 0x5d, 0x7c, 0x45, 0xb7, 0x05, 0x80, 0x28, 0x00, 0x5d, 0xe3, 0x46, 0xc7, 0x04, 0x80, 0x71, 0x00, 0x5d,
    0x11, 0x02, 0x22, 0x42, 0x40, 0x44, 0x08, 0x08, 0xfc, 0x46, 0xe7, 0x04, 0x00, 0x6a, 0x00, 0x5d, 0x5f, 0x46, 0x87, 0x05, 0x80, 0x54, 0x00, 0x5d,
    0xf8, 0x46, 0x97, 0x05, 0x80, 0x7d, 0x00, 0x5d, 0x11, 0x02, 0x22, 0x4c, 0x08, 0x44, 0x08, 0x08, 0xa0, 0x46, 0xa7, 0x05, 0x00, 0x6e, 0x00, 0x5d,
    0xe4, 0x46, 0xb7, 0x05, 0x00, 0x29, 0x00, 0x5d, 0xfa, 0x47, 0xc7, 0x04, 0x80, 0x7e, 0x00, 0x5d, 0x11, 0x02, 0x22, 0x42, 0x40, 0x44, 0x08, 0x08,
    0xe8, 0x47, 0xd7, 0x04, 0x00, 0x54, 0x00, 0x5d, 0xec, 0x47, 0xe7, 0x04, 0x00, 0x68, 0x00, 0x5d, 0xf4, 0x47, 0xf7, 0x04, 0x00, 0x5f, 0x00, 0x5d,
    0x11, 0x02, 0x22, 0x40, 0x00, 0x44, 0x08, 0x08, 0xd2, 0x47, 0x87, 0x05, 0x00, 0x61, 0x00, 0x5d, 0x7b, 0x47, 0x97, 0x05, 0x80, 0x4b, 0x00, 0x5d,
    0x81, 0x47, 0xa7, 0x05, 0x80, 0x5a, 0x00, 0x5d, 0x12, 0x02, 0x20, 0xe2, 0x04, 0x44, 0x1d, 0x00, 0xf0, 0x47, 0xb7, 0x05, 0x80, 0x29, 0x00, 0x5d,
    0x44, 0x80, 0x07, 0x40, 0x01, 0x10, 0x4e, 0xef, 0x50, 0xf2, 0x07, 0x40, 0x05, 0x10, 0x4e, 0xef, 0x91, 0x80, 0x22, 0x40, 0x00, 0x44, 0x04, 0x18,
    0xdc, 0x49, 0xf7, 0x04, 0x00, 0x2f, 0x00, 0x5d, 0xc2, 0x49, 0xc7, 0x04, 0x80, 0x2e, 0x00, 0x5d, 0xae, 0x49, 0x87, 0x05, 0x00, 0x4f, 0x00, 0x5d,
    0x11, 0x00, 0x22, 0x22, 0x02, 0x44, 0x00, 0x00, 0xfd, 0x4a, 0x87, 0x05, 0x00, 0x56, 0x00, 0x5d, 0x9e, 0x49, 0x97, 0x05, 0x00, 0x5a, 0x00, 0x5d,
    0xa8, 0x4a, 0xa7, 0x05, 0x80, 0x7b, 0x00, 0x5d, 0x11, 0x00, 0x22, 0x00, 0x00, 0x44, 0x00, 0x08, 0x7f, 0x48, 0xc7, 0x04, 0x80, 0x3f, 0x00, 0x5d,
    0xd6, 0x48, 0xd7, 0x04, 0x00, 0x6b, 0x00, 0x5d, 0x95, 0x48, 0xe7, 0x04, 0x80, 0x4a, 0x00, 0x5d, 0x11, 0x00, 0x22, 0x02, 0x40, 0x44, 0x00, 0x08,
    0xda, 0x48, 0xf7, 0x04, 0x00, 0x6d, 0x00, 0x5d, 0xce, 0x48, 0x87, 0x05, 0x00, 0x67, 0x00, 0x5d, 0xca, 0x48, 0x97, 0x05, 0x00, 0x65, 0x00, 0x5d,
    0x11, 0x00, 0x22, 0x00, 0x00, 0x44, 0x00, 0x08, 0xe0, 0x48, 0xa7, 0x05, 0x00, 0x70, 0x00, 0x5d, 0xc6, 0x48, 0xb7, 0x05, 0x00, 0x63, 0x00, 0x5d,
    0xd8, 0x49, 0xd7, 0x04, 0x00, 0x6c, 0x00, 0x5d, 0x11, 0x00, 0x42, 0x22, 0x42, 0x48, 0x2c, 0x08, 0xfb, 0x49, 0xe7, 0x04, 0x00, 0x2e, 0x00, 0x5d,
    0xb4, 0x49, 0xa7, 0x05, 0x80, 0x52, 0x00, 0x5d, 0x5e, 0x46, 0x67, 0x05, 0x00, 0x50, 0x00, 0x5d, 0x11, 0x43, 0x20, 0x20, 0x00, 0x44, 0x88, 0x00,
    0xa0, 0x46, 0x77, 0x05, 0x00, 0x72, 0x00, 0x5d, 0x82, 0x49, 0xb7, 0x05, 0x00, 0x73, 0x00, 0x5d, 0x5d, 0x46, 0x07, 0x05, 0x80, 0x71, 0x00, 0x5d,
    0x11, 0x43, 0x20, 0x02, 0x40, 0x44, 0x00, 0x08, 0xe4, 0x47, 0x17, 0x05, 0x00, 0x74, 0x00, 0x5d, 0x79, 0x4a, 0xc7, 0x04, 0x80, 0x3c, 0x00, 0x5d,
    0xb8, 0x4a, 0xd7, 0x04, 0x00, 0x5c, 0x00, 0x5d, 0x11, 0x00, 0x22, 0x00, 0x00, 0x44, 0x04, 0x08, 0xbc, 0x4a, 0xe7, 0x04, 0x00, 0x5e, 0x00, 0x5d,
    0xc0, 0x4a, 0xf7, 0x04, 0x00, 0x60, 0x00, 0x5d, 0xb0, 0x4a, 0x97, 0x05, 0x00, 0x58, 0x00, 0x5d, 0x11, 0x01, 0x20, 0x02, 0x40, 0x44, 0x00, 0x08,
    0xac, 0x4a, 0xb7, 0x05, 0x80, 0x50, 0x00, 0x5d, 0x7a, 0x4b, 0xc7, 0x04, 0x00, 0x3d, 0x00, 0x5d, 0x7e, 0x4b, 0xd7, 0x04, 0x00, 0x3f, 0x00, 0x5d,
    0x11, 0x00, 0x42, 0x00, 0x00, 0xc0, 0x04, 0x08, 0xc4, 0x4b, 0xe7, 0x04, 0x00, 0x62, 0x00, 0x5d, 0xa2, 0x4b, 0xf7, 0x04, 0x00, 0x51, 0x00, 0x5d,
    0xa6, 0x4b, 0x87, 0x05, 0x00, 0x53, 0x00, 0x5d, 0xf1, 0x0f, 0x20, 0x22, 0x40, 0x44, 0x04, 0x08, 0x4c, 0xf2, 0x07, 0x60, 0x05, 0x10, 0x4e, 0xef,
    0xcc, 0x4b, 0x97, 0x05, 0x00, 0x66, 0x00, 0x5d, 0xf7, 0x4b, 0xa7, 0x05, 0x80, 0x41, 0x00, 0x5d, 0x12, 0x01, 0x00, 0x42, 0x04, 0xf4, 0x5c, 0x00,
    0xd0, 0x4b, 0xb7, 0x05, 0x00, 0x5b, 0x00, 0x5d, 0xe3, 0x46, 0x17, 0x05, 0x80, 0x75, 0x00, 0x5d, 0x48, 0x80, 0x07, 0x50, 0x01, 0x10, 0x4e, 0xef,
    0x10, 0x43, 0x20, 0xfe, 0x00, 0x04, 0x00, 0x00, 0xe8, 0x47, 0x27, 0x05, 0x00, 0x76, 0x00, 0x5d, 0x58, 0xf2, 0x07, 0x70, 0x05, 0x10, 0x4e, 0xef,
    0xba, 0x44, 0x07, 0x05, 0x80, 0x4c, 0x00, 0x5d, 0x11, 0x00, 0x22, 0x02, 0x40, 0x44, 0x00, 0x08, 0xbe, 0x44, 0x17, 0x05, 0x00, 0x6f, 0x00, 0x5d,
    0xd4, 0x44, 0x27, 0x05, 0x80, 0x4e, 0x00, 0x5d, 0xb6, 0x44, 0x37, 0x05, 0x00, 0x71, 0x00, 0x5d, 0x11, 0x00, 0x22, 0x02, 0x40, 0x04, 0x00, 0x00,
    0x7d, 0x44, 0x47, 0x05, 0x80, 0x3e, 0x00, 0x5d, 0xb2, 0x44, 0x57, 0x05, 0x00, 0x59, 0x00, 0x5d, 0xc8, 0x44, 0x67, 0x05, 0x00, 0x64, 0x00, 0x5d,
    0x11, 0x00, 0x20, 0x02, 0x40, 0x44, 0x00, 0x08, 0xaa, 0x44, 0x77, 0x05, 0x00, 0x55, 0x00, 0x5d, 0x96, 0x45, 0x07, 0x05, 0x00, 0x4b, 0x00, 0x5d,
    0x9a, 0x45, 0x17, 0x05, 0x00, 0x4d, 0x00, 0x5d, 0x11, 0x00, 0x22, 0x02, 0x40, 0x04, 0x00, 0x00, 0xa4, 0x45, 0x27, 0x05, 0x00, 0x52, 0x00, 0x5d,
    0x9c, 0x45, 0x37, 0x05, 0x00, 0x4e, 0x00, 0x5d, 0xfe, 0x45, 0x47, 0x05, 0x00, 0x7f, 0x00, 0x5d, 0x11, 0x00, 0x22, 0x02, 0x40, 0x44, 0x00, 0x00,
    0xf6, 0x45, 0x57, 0x05, 0x00, 0x7b, 0x00, 0x5d, 0xf3, 0x45, 0x67, 0x05, 0x80, 0x79, 0x00, 0x5d, 0x7c, 0x45, 0x77, 0x05, 0x00, 0x3e, 0x00, 0x5d,
    0x51, 0x20, 0x22, 0x02, 0x40, 0x04, 0x00, 0x00, 0xeb, 0x46, 0x27, 0x05, 0x00, 0x7e, 0x00, 0x5d, 0x98, 0x46, 0x37, 0x05, 0x00, 0x4c, 0x00, 0x5d,
    0x5f, 0x46, 0x47, 0x05, 0x80, 0x2f, 0x00, 0x5d, 0x11, 0x00, 0x24, 0x02, 0x40, 0xc4, 0x01, 0x09, 0x5c, 0x46, 0x57, 0x05, 0x00, 0x7c, 0x00, 0x5d,
    0xfa, 0x47, 0x07, 0x05, 0x00, 0x7d, 0x00, 0x5d, 0xec, 0x47, 0x37, 0x05, 0x00, 0x7a, 0x00, 0x5d, 0x11, 0x00, 0x22, 0x02, 0x40, 0x04, 0x00, 0x00,
    0xd2, 0x47, 0x47, 0x05, 0x00, 0x69, 0x00, 0x5d, 0x7b, 0x47, 0x57, 0x05, 0x80, 0x3d, 0x00, 0x5d, 0x81, 0x47, 0x67, 0x05, 0x80, 0x40, 0x00, 0x5d,
    0x12, 0x00, 0x20, 0xe2, 0x01, 0x44, 0x44, 0x08, 0xf0, 0x47, 0x77, 0x05, 0x00, 0x78, 0x00, 0x5d, 0x44, 0x80, 0x07, 0x60, 0x01, 0x10, 0x4e, 0xef,
    0x7f, 0x48, 0x07, 0x05, 0x80, 0x3f, 0x00, 0x5d, 0x11, 0x01, 0x22, 0x22, 0x40, 0x04, 0x04, 0x00, 0xd6, 0x48, 0x17, 0x05, 0x00, 0x6b, 0x00, 0x5d,
    0x95, 0x48, 0x27, 0x05, 0x80, 0x4a, 0x00, 0x5d, 0xda, 0x48, 0x37, 0x05, 0x00, 0x6d, 0x00, 0x5d, 0x11, 0x01, 0x22, 0x22, 0x40, 0x44, 0x04, 0x08,
    0xce, 0x48, 0x47, 0x05, 0x00, 0x67, 0x00, 0x5d, 0xca, 0x48, 0x57, 0x05, 0x00, 0x65, 0x00, 0x5d, 0xe0, 0x48, 0x67, 0x05, 0x00, 0x70, 0x00, 0x5d,
    0x11, 0x01, 0x20, 0x22, 0x40, 0x04, 0x04, 0x00, 0xc6, 0x48, 0x77, 0x05, 0x00, 0x63, 0x00, 0x5d, 0xc2, 0x49, 0x07, 0x05, 0x00, 0x61, 0x00, 0x5d,
    0xd8, 0x49, 0x17, 0x05, 0x00, 0x6c, 0x00, 0x5d, 0x11, 0x01, 0x22, 0x32, 0x50, 0x44, 0x04, 0x08, 0xfb, 0x49, 0x27, 0x05, 0x80, 0x7d, 0x00, 0x5d,
    0xdc, 0x49, 0x37, 0x05, 0x00, 0x6e, 0x00, 0x5d, 0xae, 0x49, 0x47, 0x05, 0x00, 0x57, 0x00, 0x5d, 0x11, 0x01, 0x22, 0x22, 0x40, 0x04, 0x04, 0x00,
    0x9e, 0x49, 0x57, 0x05, 0x00, 0x4f, 0x00, 0x5d, 0xb4, 0x49, 0x67, 0x05, 0x00, 0x5a, 0x00, 0x5d, 0x82, 0x49, 0x77, 0x05, 0x00, 0x41, 0x00, 0x5d,
    0x11, 0x01, 0x22, 0x22, 0x40, 0x44, 0x04, 0x08, 0x79, 0x4a, 0x07, 0x05, 0x80, 0x3c, 0x00, 0x5d, 0xb8, 0x4a, 0x17, 0x05, 0x00, 0x5c, 0x00, 0x5d,
    0xbc, 0x4a, 0x27, 0x05, 0x00, 0x5e, 0x00, 0x5d, 0x11, 0x01, 0x22, 0x22, 0x40, 0x04, 0x04, 0x00, 0xc0, 0x4a, 0x37, 0x05, 0x00, 0x60, 0x00, 0x5d,
    0xfd, 0x4a, 0x47, 0x05, 0x80, 0x7e, 0x00, 0x5d, 0xb0, 0x4a, 0x57, 0x05, 0x00, 0x58, 0x00, 0x5d, 0x11, 0x01, 0x22, 0x22, 0x00, 0x44, 0x04, 0x08,
    0xa8, 0x4a, 0x67, 0x05, 0x00, 0x54, 0x00, 0x5d, 0xac, 0x4a, 0x77, 0x05, 0x00, 0x56, 0x00, 0x5d, 0x7a, 0x4b, 0x07, 0x05, 0x00, 0x3d, 0x00, 0x5d,
    0x11, 0x01, 0x22, 0x22, 0x40, 0x04, 0x04, 0x00, 0x7e, 0x4b, 0x17, 0x05, 0x00, 0x3f, 0x00, 0x5d, 0xc4, 0x4b, 0x27, 0x05, 0x00, 0x62, 0x00, 0x5d,
    0xa2, 0x4b, 0x37, 0x05, 0x00, 0x51, 0x00, 0x5d, 0x11, 0x01, 0x22, 0x22, 0x40, 0x44, 0x04, 0x08, 0xa6, 0x4b, 0x47, 0x05, 0x00, 0x53, 0x00, 0x5d,
    0xf4, 0x4b, 0x57, 0x05, 0x00, 0x66, 0x00, 0x5d, 0xf8, 0x4b, 0x67, 0x05, 0x80, 0x7b, 0x00, 0x5d, 0x12, 0x01, 0x00, 0x02, 0x41, 0xc4, 0x5c, 0x00,
    0x99, 0x4b, 0x77, 0x05, 0x00, 0x68, 0x00, 0x5d, 0xde, 0x45, 0xc7, 0x04, 0x00, 0x4b, 0x00, 0x5d, 0x48, 0x80, 0x07, 0x70, 0x01, 0x10, 0x4e, 0xef,
    0x21, 0x02, 0x20, 0x02, 0x41, 0xc4, 0x88, 0x00, 0xd0, 0x45, 0xe7, 0x04, 0x00, 0x52, 0x00, 0x5d, 0x96, 0x45, 0xf7, 0x04, 0x00, 0x4e, 0x00, 0x5d,
    0xa4, 0x46, 0xd7, 0x04, 0x80, 0x71, 0x00, 0x5d, 0x11, 0x08, 0x20, 0xfc, 0x04, 0xf4, 0x3f, 0x00, 0x9c, 0x45, 0xb7, 0x05, 0x00, 0x3e, 0x00, 0x5d,
    0xe3, 0x94, 0x07, 0x06, 0x00, 0x00, 0x40, 0x04, 0x7c, 0xe7, 0x07, 0x06, 0x00, 0x00, 0x40, 0x04, 0x50, 0x00, 0x22, 0xfe, 0x00, 0xc0, 0x08, 0x08,
    0x83, 0x46, 0xe7, 0x04, 0x80, 0x75, 0x00, 0x5d, 0x50, 0x7c, 0x07, 0x80, 0x01, 0x10, 0x4e, 0xef, 0xfc, 0x46, 0xf7, 0x04, 0x00, 0x4c, 0x00, 0x5d,
    0xf1, 0x07, 0x20, 0x02, 0x41, 0x44, 0x88, 0x08, 0x54, 0x7c, 0x07, 0x90, 0x01, 0x10, 0x4e, 0xef, 0xeb, 0x46, 0x87, 0x05, 0x80, 0x2f, 0x00, 0x5d,
    0x98, 0x46, 0x97, 0x05, 0x00, 0x2e, 0x00, 0x5d, 0x01, 0x00, 0x20, 0x02, 0x40, 0x44, 0x00, 0x08, 0xcc, 0x46, 0xa7, 0x05, 0x00, 0x2f, 0x00, 0x5d,
    0xba, 0x44, 0xc7, 0x04, 0x00, 0x5d, 0x00, 0x5d, 0xbe, 0x44, 0xd7, 0x04, 0x00, 0x5f, 0x00, 0x5d, 0x11, 0x00, 0x22, 0x02, 0x40, 0x44, 0x00, 0x08,
    0xd4, 0x44, 0xe7, 0x04, 0x00, 0x6a, 0x00, 0x5d, 0xb6, 0x44, 0xf7, 0x04, 0x00, 0x5b, 0x00, 0x5d, 0x7d, 0x44, 0x87, 0x05, 0x80, 0x3e, 0x00, 0x5d,
    0x01, 0x00, 0x20, 0x02, 0xc0, 0x44, 0x00, 0x00, 0xb2, 0x44, 0x97, 0x05, 0x00, 0x59, 0x00, 0x5d, 0xc8, 0x44, 0xa7, 0x05, 0x00, 0x64, 0x00, 0x5d,
    0xaa, 0x44, 0xb7, 0x05, 0x00, 0x55, 0x00, 0x5d, 0x11, 0x00, 0x22, 0x02, 0x40, 0x44, 0x00, 0x08, 0x9a, 0x45, 0xd7, 0x04, 0x00, 0x4d, 0x00, 0x5d,
    0xfe, 0x45, 0x87, 0x05, 0x00, 0x7f, 0x00, 0x5d, 0xf6, 0x45, 0x97, 0x05, 0x00, 0x7b, 0x00, 0x5d, 0x01, 0x00, 0x20, 0x02, 0xc0, 0xc4, 0x04, 0x00,
    0xf3, 0x45, 0xa7, 0x05, 0x80, 0x79, 0x00, 0x5d, 0x5d, 0x46, 0xc7, 0x04, 0x80, 0x2e, 0x00, 0x5d, 0xf7, 0x46, 0xb7, 0x05, 0x00, 0x50, 0x00, 0x5d,
    0x11, 0x09, 0x22, 0x2a, 0x44, 0x44, 0x04, 0x08, 0x5f, 0x47, 0xc7, 0x04, 0x00, 0x7d, 0x00, 0x5d, 0x5c, 0x47, 0xd7, 0x04, 0x00, 0x72, 0x00, 0x5d,
    0x5e, 0x47, 0xe7, 0x04, 0x00, 0x74, 0x00, 0x5d, 0x61, 0x41, 0x20, 0x22, 0x40, 0x44, 0x04, 0x08, 0xec, 0x47, 0xf7, 0x04, 0x00, 0x76, 0x00, 0x5d,
    0xd2, 0x47, 0x87, 0x05, 0x00, 0x69, 0x00, 0x5d, 0x7b, 0x47, 0x97, 0x05, 0x80, 0x3d, 0x00, 0x5d, 0x11, 0x01, 0x42, 0x22, 0x00, 0xc4, 0x5c, 0x00,
    0x81, 0x47, 0xa7, 0x05, 0x80, 0x40, 0x00, 0x5d, 0xf0, 0x47, 0xb7, 0x05, 0x00, 0x78, 0x00, 0x5d, 0x44, 0xe3, 0x07, 0x80, 0x05, 0x10, 0x4e, 0xef,
    0x01, 0x00, 0x20, 0x02, 0x40, 0x44, 0x00, 0x08, 0xa1, 0x49, 0xd7, 0x04, 0x00, 0x6c, 0x00, 0x5d, 0xa5, 0x49, 0xe7, 0x04, 0x80, 0x7d, 0x00, 0x5d,
    0xe2, 0x49, 0xc7, 0x04, 0x00, 0x61, 0x00, 0x5d, 0x11, 0x84, 0x22, 0x86, 0x40, 0x44, 0x30, 0x08, 0xfa, 0x49, 0xf7, 0x04, 0x00, 0x6e, 0x00, 0x5d,
    0xae, 0x49, 0x87, 0x05, 0x00, 0x57, 0x00, 0x5d, 0xd8, 0x49, 0x97, 0x05, 0x00, 0x4f, 0x00, 0x5d, 0x01, 0x04, 0x40, 0x82, 0x00, 0x44, 0x1e, 0x12,
    0xfb, 0x49, 0xa7, 0x05, 0x00, 0x5a, 0x00, 0x5d, 0x82, 0x49, 0xb7, 0x05, 0x00, 0x41, 0x00, 0x5d, 0x49, 0x4b, 0xc7, 0x04, 0x00, 0x3d, 0x00, 0x5d,
    0x11, 0x01, 0x20, 0x02, 0x40, 0x44, 0x00, 0x08, 0xa0, 0x4a, 0xc7, 0x04, 0x80, 0x3c, 0x00, 0x5d, 0xd6, 0x48, 0xd7, 0x04, 0x00, 0x6b, 0x00, 0x5d,
    0x95, 0x48, 0xe7, 0x04, 0x80, 0x4a, 0x00, 0x5d, 0x01, 0x00, 0x20, 0x02, 0x40, 0x44, 0x00, 0x08, 0xda, 0x48, 0xf7, 0x04, 0x00, 0x6d, 0x00, 0x5d,
    0xb8, 0x4a, 0xd7, 0x04, 0x00, 0x5c, 0x00, 0x5d, 0xa9, 0x4a, 0xe7, 0x04, 0x00, 0x5e, 0x00, 0x5d, 0x11, 0x00, 0x20, 0x02, 0x40, 0x44, 0x00, 0x08,
    0x97, 0x4a, 0xf7, 0x04, 0x00, 0x60, 0x00, 0x5d, 0x9d, 0x48, 0xc7, 0x04, 0x80, 0x3f, 0x00, 0x5d, 0xce, 0x48, 0x87, 0x05, 0x00, 0x67, 0x00, 0x5d,
    0x01, 0x00, 0x20, 0x02, 0xc0, 0xc4, 0x04, 0x00, 0xca, 0x48, 0x97, 0x05, 0x00, 0x65, 0x00, 0x5d, 0xe0, 0x48, 0xa7, 0x05, 0x00, 0x70, 0x00, 0x5d,
    0xc6, 0x48, 0xb7, 0x05, 0x00, 0x63, 0x00, 0x5d, 0x11, 0x08, 0x22, 0x86, 0x02, 0x44, 0x00, 0x08, 0xbc, 0x4a, 0x87, 0x05, 0x80, 0x7e, 0x00, 0x5d,
    0x79, 0x52, 0x47, 0x04, 0x80, 0x2e, 0x00, 0x5d, 0xc0, 0x4a, 0x97, 0x05, 0x00, 0x58, 0x00, 0x5d, 0x01, 0x00, 0x20, 0x02, 0x00, 0x44, 0x00, 0x08,
    0xe4, 0x4a, 0xa7, 0x05, 0x00, 0x54, 0x00, 0x5d, 0xe8, 0x4a, 0xb7, 0x05, 0x00, 0x56, 0x00, 0x5d, 0x4d, 0x4b, 0xd7, 0x04, 0x00, 0x3f, 0x00, 0x5d,
    0x11, 0x00, 0x22, 0x02, 0x40, 0x44, 0x00, 0x08, 0x4e, 0x4b, 0xe7, 0x04, 0x00, 0x62, 0x00, 0x5d, 0x4f, 0x4b, 0xf7, 0x04, 0x00, 0x51, 0x00, 0x5d,
    0xc2, 0x4b, 0x87, 0x05, 0x00, 0x53, 0x00, 0x5d, 0x01, 0x00, 0x20, 0x02, 0x40, 0x48, 0x00, 0x00, 0xf4, 0x4b, 0x97, 0x05, 0x00, 0x7a, 0x00, 0x5d,
    0xf8, 0x4b, 0xa7, 0x05, 0x00, 0x7c, 0x00, 0x5d, 0x99, 0x4b, 0xb7, 0x05, 0x80, 0x4c, 0x00, 0x5d, 0x30, 0x84, 0xa0, 0xff, 0x01, 0x40, 0x00, 0x10,
    0x5d, 0x57, 0x47, 0x04, 0x80, 0x24, 0x00, 0x5d, 0x58, 0xe3, 0x07, 0xb0, 0x05, 0x10, 0x4e, 0xef, 0xa2, 0x54, 0x57, 0x04, 0x00, 0x6b, 0x00, 0x5d,
    0x91, 0x87, 0x20, 0x26, 0x00, 0x04, 0x20, 0x00, 0x48, 0xe3, 0x07, 0x90, 0x05, 0x10, 0x4e, 0xef, 0xa8, 0x56, 0x57, 0x04, 0x00, 0x5c, 0x00, 0x5d,
    0xd6, 0x50, 0x67, 0x04, 0x00, 0x6a, 0x00, 0x5d, 0x11, 0x00, 0x24, 0x02, 0x40, 0x44, 0x00, 0x10, 0xc4, 0x54, 0x67, 0x04, 0x80, 0x4a, 0x00, 0x5d,
    0xfd, 0x53, 0x47, 0x04, 0x80, 0x2f, 0x00, 0x5d, 0xdc, 0x52, 0x57, 0x04, 0x00, 0x52, 0x00, 0x5d, 0x31, 0x22, 0x22, 0x62, 0x81, 0x04, 0x44, 0x00,
    0x7e, 0x53, 0x57, 0x04, 0x00, 0x2e, 0x00, 0x5d, 0xd4, 0x51, 0x67, 0x04, 0x00, 0x68, 0x00, 0x5d, 0xb8, 0x53, 0x67, 0x04, 0x00, 0x2f, 0x00, 0x5d,
    0x11, 0x00, 0x22, 0x02, 0x40, 0x44, 0x00, 0x10, 0xb4, 0x55, 0x67, 0x04, 0x80, 0x52, 0x00, 0x5d, 0x95, 0x50, 0x77, 0x04, 0x00, 0x5b, 0x00, 0x5d,
    0x7f, 0x50, 0x47, 0x04, 0x00, 0x5d, 0x00, 0x5d, 0x11, 0x00, 0x24, 0x02, 0x80, 0x04, 0x00, 0x00, 0xde, 0x51, 0x47, 0x04, 0x00, 0x6f, 0x00, 0x5d,
    0x9e, 0x54, 0x47, 0x04, 0x80, 0x4e, 0x00, 0x5d, 0x7a, 0x55, 0x47, 0x04, 0x00, 0x71, 0x00, 0x5d, 0x11, 0x00, 0x20, 0x02, 0x80, 0x44, 0x00, 0x10,
    0xa0, 0x56, 0x47, 0x04, 0x00, 0x50, 0x00, 0x5d, 0xbe, 0x50, 0x57, 0x04, 0x00, 0x5f, 0x00, 0x5d, 0x9a, 0x51, 0x57, 0x04, 0x00, 0x4d, 0x00, 0x5d,
    0x11, 0x00, 0x24, 0x42, 0x04, 0x04, 0x08, 0x00, 0xa4, 0x55, 0x57, 0x04, 0x80, 0x50, 0x00, 0x5d, 0x5c, 0x57, 0x57, 0x04, 0x80, 0x26, 0x00, 0x5d,
    0x83, 0x52, 0x67, 0x04, 0x80, 0x41, 0x00, 0x5d, 0x11, 0x04, 0x24, 0x46, 0x02, 0x44, 0x28, 0x10, 0xac, 0x56, 0x67, 0x04, 0x80, 0x54, 0x00, 0x5d,
    0x5e, 0x57, 0x67, 0x04, 0x00, 0x27, 0x00, 0x5d, 0xb6, 0x51, 0x77, 0x04, 0x00, 0x4b, 0x00, 0x5d, 0x11, 0x02, 0x24, 0x4e, 0x88, 0x04, 0x08, 0x00,
    0xa5, 0x52, 0x77, 0x04, 0x00, 0x7e, 0x00, 0x5d, 0xd0, 0x53, 0x77, 0x04, 0x00, 0x76, 0x00, 0x5d, 0xa6, 0x54, 0x77, 0x04, 0x00, 0x6d, 0x00, 0x5d,
    0x11, 0x02, 0x24, 0x42, 0x80, 0x48, 0x08, 0x00, 0xfa, 0x55, 0x77, 0x04, 0x00, 0x7d, 0x00, 0x5d, 0xb0, 0x56, 0x77, 0x04, 0x80, 0x4b, 0x00, 0x5d,
    0x5f, 0x57, 0x77, 0x04, 0x80, 0x27, 0x00, 0x5d, 0x10, 0x84, 0xa0, 0xff, 0x04, 0x40, 0x11, 0x08, 0xa9, 0x52, 0x87, 0x04, 0x80, 0x75, 0x00, 0x5d,
    0x44, 0x7c, 0x07, 0xa0, 0x01, 0x10, 0x4e, 0xef, 0x98, 0x52, 0x97, 0x04, 0x00, 0x4c, 0x00, 0x5d, 0x11, 0x07, 0x20, 0x80, 0x00, 0x44, 0x10, 0x10,
    0x4c, 0xe3, 0x07, 0xa0, 0x05, 0x10, 0x4e, 0xef, 0xcc, 0x52, 0xa7, 0x04, 0x00, 0x66, 0x00, 0x5d, 0xf7, 0x52, 0xb7, 0x04, 0x80, 0x7b, 0x00, 0x5d,
    0x11, 0x01, 0x24, 0x22, 0x40, 0x44, 0x04, 0x08, 0x96, 0x56, 0x87, 0x04, 0x00, 0x5e, 0x00, 0x5d, 0x7d, 0x50, 0x87, 0x04, 0x80, 0x3e, 0x00, 0x5d,
    0xb2, 0x50, 0x97, 0x04, 0x00, 0x59, 0x00, 0x5d, 0x11, 0x01, 0x22, 0x20, 0x00, 0x44, 0x04, 0x18, 0xec, 0x50, 0xa7, 0x04, 0x00, 0x64, 0x00, 0x5d,
    0x9d, 0x50, 0xb7, 0x04, 0x00, 0x55, 0x00, 0x5d, 0xad, 0x53, 0x87, 0x04, 0x00, 0x69, 0x00, 0x5d, 0x11, 0x84, 0x26, 0x82, 0x40, 0x44, 0x10, 0x00,
    0x52, 0x53, 0x97, 0x04, 0x80, 0x3d, 0x00, 0x5d, 0x97, 0x53, 0xa7, 0x04, 0x80, 0x40, 0x00, 0x5d, 0xb1, 0x53, 0xb7, 0x04, 0x00, 0x78, 0x00, 0x5d,
    0x11, 0x11, 0x20, 0x20, 0x00, 0x44, 0x04, 0x18, 0xbc, 0x56, 0x97, 0x04, 0x00, 0x60, 0x00, 0x5d, 0xe2, 0x51, 0x87, 0x04, 0x00, 0x7f, 0x00, 0x5d,
    0xfc, 0x51, 0x97, 0x04, 0x00, 0x7b, 0x00, 0x5d, 0x11, 0x01, 0x26, 0x22, 0x00, 0x44, 0x10, 0x0a, 0x50, 0x51, 0xa7, 0x04, 0x80, 0x79, 0x00, 0x5d,
    0xe6, 0x51, 0xb7, 0x04, 0x00, 0x4e, 0x00, 0x5d, 0x53, 0x54, 0x97, 0x04, 0x00, 0x65, 0x00, 0x5d, 0x11, 0x11, 0x20, 0x00, 0x00, 0x44, 0x00, 0x18,
    0xc0, 0x56, 0xa7, 0x04, 0x00, 0x72, 0x00, 0x5d, 0x51, 0x54, 0x87, 0x04, 0x00, 0x67, 0x00, 0x5d, 0xeb, 0x54, 0xa7, 0x04, 0x00, 0x70, 0x00, 0x5d,
    0x11, 0x00, 0x24, 0x02, 0x40, 0x44, 0x00, 0x08, 0xf6, 0x54, 0xb7, 0x04, 0x00, 0x63, 0x00, 0x5d, 0x9c, 0x55, 0x87, 0x04, 0x00, 0x57, 0x00, 0x5d,
    0xf3, 0x55, 0x97, 0x04, 0x00, 0x6c, 0x00, 0x5d, 0x11, 0x00, 0x22, 0x00, 0x00, 0x44, 0x00, 0x10, 0xa1, 0x55, 0xa7, 0x04, 0x80, 0x7d, 0x00, 0x5d,
    0xfe, 0x55, 0xb7, 0x04, 0x00, 0x41, 0x00, 0x5d, 0xc8, 0x56, 0xb7, 0x04, 0x00, 0x74, 0x00, 0x5d, 0x11, 0x00, 0x22, 0x02, 0x40, 0xc4, 0x40, 0x08,
    0xaa, 0x57, 0x87, 0x04, 0x00, 0x61, 0x00, 0x5d, 0xba, 0x57, 0x97, 0x04, 0x00, 0x7a, 0x00, 0x5d, 0xe4, 0x57, 0xa7, 0x04, 0x00, 0x7c, 0x00, 0x5d,
    0x92, 0x80, 0xa0, 0xe3, 0x01, 0x40, 0x04, 0x00, 0xca, 0x57, 0xb7, 0x04, 0x80, 0x4c, 0x00, 0x5d, 0x48, 0x7c, 0x07, 0xb0, 0x01, 0x10, 0x4e, 0xef,
    0xce, 0x44, 0xc7, 0x04, 0x80, 0x3f, 0x00, 0x5d, 0xf1, 0x07, 0x20, 0x40, 0x00, 0x44, 0x44, 0x08, 0x54, 0xe3, 0x07, 0xd0, 0x05, 0x10, 0x4e, 0xef,
    0xf4, 0x45, 0xe7, 0x04, 0x00, 0x6a, 0x00, 0x5d, 0x7f, 0x44, 0xe7, 0x04, 0x00, 0x6b, 0x00, 0x5d, 0x11, 0x00, 0x22, 0x22, 0x42, 0x44, 0x00, 0x08,
    0xd2, 0x44, 0xd7, 0x04, 0x00, 0x5f, 0x00, 0x5d, 0xd6, 0x44, 0xf7, 0x04, 0x80, 0x4a, 0x00, 0x5d, 0xda, 0x44, 0x97, 0x05, 0x00, 0x59, 0x00, 0x5d,
    0x11, 0x11, 0x22, 0x20, 0x00, 0x44, 0x04, 0x10, 0x95, 0x44, 0x87, 0x05, 0x80, 0x3e, 0x00, 0x5d, 0x81, 0x44, 0xa7, 0x05, 0x00, 0x76, 0x00, 0x5d,
    0x99, 0x44, 0xb7, 0x05, 0x80, 0x4e, 0x00, 0x5d, 0x11, 0x00, 0x20, 0x02, 0x40, 0x44, 0x00, 0x08, 0xf8, 0x45, 0xf7, 0x04, 0x00, 0x5b, 0x00, 0x5d,
    0xc6, 0x46, 0xc7, 0x04, 0x80, 0x3c, 0x00, 0x5d, 0x7b, 0x46, 0xd7, 0x04, 0x00, 0x6e, 0x00, 0x5d, 0x11, 0x22, 0x22, 0x00, 0x00, 0x44, 0x00, 0x08,
    0xd4, 0x46, 0xa7, 0x05, 0x00, 0x66, 0x00, 0x5d, 0xd8, 0x46, 0xb7, 0x05, 0x80, 0x7b, 0x00, 0x5d, 0xde, 0x45, 0xc7, 0x04, 0x00, 0x6f, 0x00, 0x5d,
    0x11, 0x00, 0x22, 0x22, 0x42, 0x44, 0x04, 0x08, 0xf0, 0x45, 0xd7, 0x04, 0x00, 0x4d, 0x00, 0x5d, 0x9d, 0x45, 0x87, 0x05, 0x00, 0x71, 0x00, 0x5d,
    0xfc, 0x45, 0x97, 0x05, 0x00, 0x7e, 0x00, 0x5d, 0x11, 0x01, 0x22, 0x20, 0x00, 0x44, 0x04, 0x08, 0xec, 0x45, 0xa7, 0x05, 0x00, 0x28, 0x00, 0x5d,
    0xc2, 0x45, 0xb7, 0x05, 0x00, 0x73, 0x00, 0x5d, 0xe8, 0x46, 0xe7, 0x04, 0x80, 0x41, 0x00, 0x5d, 0x31, 0x01, 0x22, 0x22, 0x41, 0x44, 0x04, 0x00,
    0xe0, 0x46, 0xf7, 0x04, 0x80, 0x52, 0x00, 0x5d, 0xbe, 0x46, 0x87, 0x05, 0x80, 0x54, 0x00, 0x5d, 0xdc, 0x46, 0x97, 0x05, 0x00, 0x4c, 0x00, 0x5d,
    0x11, 0x01, 0x22, 0x20, 0x00, 0x44, 0x04, 0x08, 0x7d, 0x47, 0xc7, 0x04, 0x80, 0x7e, 0x00, 0x5d, 0xb6, 0x47, 0xd7, 0x04, 0x00, 0x3f, 0x00, 0x5d,
    0xfb, 0x47, 0xe7, 0x04, 0x00, 0x5c, 0x00, 0x5d, 0x71, 0x41, 0x22, 0x22, 0x40, 0x44, 0x04, 0x08, 0xd0, 0x47, 0xf7, 0x04, 0x00, 0x68, 0x00, 0x5d,
    0xb2, 0x47, 0x87, 0x05, 0x80, 0x56, 0x00, 0x5d, 0xf7, 0x47, 0x97, 0x05, 0x00, 0x29, 0x00, 0x5d, 0x51, 0x21, 0x42, 0x20, 0x00, 0x40, 0x00, 0x08,
    0xcc, 0x47, 0xa7, 0x05, 0x80, 0x4b, 0x00, 0x5d, 0xae, 0x47, 0xb7, 0x05, 0x80, 0x58, 0x00, 0x5d, 0x79, 0x48, 0x87, 0x05, 0x80, 0x28, 0x00, 0x5d,
    0x31, 0x17, 0x40, 0x02, 0x40, 0x44, 0x3c, 0x00, 0x44, 0x7c, 0x07, 0xc0, 0x01, 0x10, 0x4e, 0xef, 0x82, 0x48, 0x97, 0x05, 0x80, 0x29, 0x00, 0x5d,
    0x50, 0xe3, 0x07, 0xc0, 0x05, 0x10, 0x4e, 0xef, 0x11, 0x02, 0x20, 0x62, 0x40, 0x04, 0x88, 0x00, 0x7e, 0x48, 0xb7, 0x05, 0x00, 0x7b, 0x00, 0x5d,
    0x98, 0x49, 0xe7, 0x04, 0x00, 0x5a, 0x00, 0x5d, 0xf6, 0x49, 0xf7, 0x04, 0x00, 0x7d, 0x00, 0x5d, 0x11, 0x43, 0x24, 0x42, 0x44, 0x44, 0x00, 0x10,
    0xb4, 0x4a, 0x97, 0x05, 0x00, 0x5e, 0x00, 0x5d, 0xfa, 0x49, 0x87, 0x05, 0x00, 0x4e, 0x00, 0x5d, 0xeb, 0x48, 0xa7, 0x05, 0x80, 0x75, 0x00, 0x5d,
    0x11, 0x22, 0x22, 0x02, 0x40, 0x04, 0x88, 0x00, 0x9c, 0x49, 0x97, 0x05, 0x80, 0x79, 0x00, 0x5d, 0xfe, 0x49, 0xb7, 0x05, 0x00, 0x7f, 0x00, 0x5d,
    0xf3, 0x49, 0xa7, 0x05, 0x80, 0x50, 0x00, 0x5d, 0x11, 0x02, 0x26, 0x42, 0x40, 0xc4, 0x09, 0x01, 0xfd, 0x4a, 0x87, 0x05, 0x00, 0x4b, 0x00, 0x5d,
    0xb8, 0x4a, 0xa7, 0x05, 0x00, 0x60, 0x00, 0x5d, 0xbc, 0x4a, 0xb7, 0x05, 0x00, 0x64, 0x00, 0x5d, 0x1d, 0x02, 0x20, 0x22, 0x42, 0x44, 0x04, 0x08,
    0xaa, 0x4b, 0x87, 0x05, 0x00, 0x55, 0x00, 0x5d, 0x95, 0x44, 0x47, 0x05, 0x80, 0x4a, 0x00, 0x5d, 0xda, 0x44, 0x57, 0x05, 0x00, 0x6d, 0x00, 0x5d,
    0x01, 0x01, 0x20, 0x26, 0x40, 0x44, 0x24, 0x08, 0x81, 0x44, 0x67, 0x05, 0x80, 0x40, 0x00, 0x5d, 0x99, 0x44, 0x77, 0x05, 0x80, 0x4c, 0x00, 0x5d,
    0xce, 0x44, 0x07, 0x05, 0x00, 0x67, 0x00, 0x5d, 0x11, 0x01, 0x22, 0x22, 0x40, 0x48, 0x04, 0x00, 0xd2, 0x44, 0x17, 0x05, 0x00, 0x69, 0x00, 0x5d,
    0x7f, 0x44, 0x27, 0x05, 0x80, 0x3f, 0x00, 0x5d, 0xd6, 0x44, 0x37, 0x05, 0x00, 0x6b, 0x00, 0x5d, 0xe1, 0x17, 0x20, 0x46, 0x40, 0x44, 0x08, 0x08,
    0x44, 0x02, 0x27, 0x00, 0x00, 0x00, 0x28, 0x38, 0xba, 0x4b, 0x97, 0x05, 0x00, 0x5d, 0x00, 0x5d, 0xe4, 0x4b, 0xa7, 0x05, 0x00, 0x72, 0x00, 0x5d,
    0x92, 0x82, 0x20, 0xea, 0x04, 0xc4, 0x1f, 0x00, 0xca, 0x4b, 0xb7, 0x05, 0x00, 0x65, 0x00, 0x5d, 0x58, 0x7c, 0x07, 0xd0, 0x01, 0x10, 0x4e, 0xef,
    0x44, 0x76, 0x47, 0x04, 0x00, 0x04, 0x47, 0x5c, 0x41, 0x00, 0x20, 0x02, 0x80, 0x44, 0x00, 0x10, 0x9e, 0x48, 0xc7, 0x04, 0x00, 0x4f, 0x00, 0x5d,
    0x7a, 0x49, 0xc7, 0x04, 0x00, 0x3d, 0x00, 0x5d, 0xa0, 0x4a, 0xc7, 0x04, 0x00, 0x50, 0x00, 0x5d, 0x11, 0x00, 0x20, 0x02, 0x40, 0x44, 0x00, 0x08,
    0x96, 0x4b, 0xc7, 0x04, 0x80, 0x2e, 0x00, 0x5d, 0xa2, 0x48, 0xd7, 0x04, 0x00, 0x51, 0x00, 0x5d, 0xc4, 0x48, 0xe7, 0x04, 0x00, 0x62, 0x00, 0x5d,
    0x01, 0x00, 0x20, 0x02, 0x80, 0x44, 0x00, 0x18, 0xa6, 0x48, 0xf7, 0x04, 0x00, 0x53, 0x00, 0x5d, 0xa4, 0x49, 0xd7, 0x04, 0x00, 0x52, 0x00, 0x5d,
    0xa8, 0x4a, 0xd7, 0x04, 0x00, 0x54, 0x00, 0x5d, 0x11, 0x00, 0x26, 0x02, 0x00, 0x44, 0x00, 0x08, 0xac, 0x4a, 0xe7, 0x04, 0x00, 0x56, 0x00, 0x5d,
    0xb0, 0x4a, 0xf7, 0x04, 0x00, 0x58, 0x00, 0x5d, 0x9a, 0x4b, 0xd7, 0x04, 0x00, 0x2e, 0x00, 0x5d, 0x01, 0x00, 0x40, 0x02, 0x00, 0xc0, 0x04, 0x08,
    0xc0, 0x4b, 0xe7, 0x04, 0x00, 0x2f, 0x00, 0x5d, 0xc8, 0x4b, 0xf7, 0x04, 0x80, 0x2f, 0x00, 0x5d, 0xde, 0x45, 0x07, 0x05, 0x00, 0x6f, 0x00, 0x5d,
    0xf1, 0x0f, 0x00, 0x22, 0x40, 0x44, 0x1c, 0x00, 0x5c, 0x7c, 0x07, 0xe0, 0x01, 0x10, 0x4e, 0xef, 0xf0, 0x45, 0x17, 0x05, 0x00, 0x78, 0x00, 0x5d,
    0x48, 0xe3, 0x07, 0xf0, 0x05, 0x10, 0x4e, 0xef, 0x11, 0x01, 0x22, 0x22, 0x40, 0x04, 0x04, 0x00, 0xf4, 0x45, 0x27, 0x05, 0x00, 0x7a, 0x00, 0x5d,
    0xf8, 0x45, 0x37, 0x05, 0x00, 0x7c, 0x00, 0x5d, 0x9d, 0x45, 0x47, 0x05, 0x80, 0x4e, 0x00, 0x5d, 0x11, 0x01, 0x22, 0x22, 0x40, 0x44, 0x04, 0x00,
    0xfc, 0x45, 0x57, 0x05, 0x00, 0x7e, 0x00, 0x5d, 0xec, 0x45, 0x67, 0x05, 0x00, 0x76, 0x00, 0x5d, 0xc2, 0x45, 0x77, 0x05, 0x00, 0x61, 0x00, 0x5d,
    0x11, 0x01, 0x22, 0x22, 0x40, 0x04, 0x04, 0x00, 0xc6, 0x46, 0x07, 0x05, 0x00, 0x63, 0x00, 0x5d, 0x7b, 0x46, 0x17, 0x05, 0x80, 0x3d, 0x00, 0x5d,
    0xe8, 0x46, 0x27, 0x05, 0x00, 0x74, 0x00, 0x5d, 0x11, 0x01, 0x22, 0x22, 0x40, 0x44, 0x04, 0x08, 0xe0, 0x46, 0x37, 0x05, 0x00, 0x70, 0x00, 0x5d,
    0xbe, 0x46, 0x47, 0x05, 0x00, 0x5f, 0x00, 0x5d, 0xdc, 0x46, 0x57, 0x05, 0x00, 0x6e, 0x00, 0x5d, 0x11, 0x01, 0x22, 0x22, 0x00, 0x04, 0x04, 0x00,
    0xd4, 0x46, 0x67, 0x05, 0x00, 0x6a, 0x00, 0x5d, 0xd8, 0x46, 0x77, 0x05, 0x00, 0x6c, 0x00, 0x5d, 0x7d, 0x47, 0x07, 0x05, 0x80, 0x3e, 0x00, 0x5d,
    0x11, 0x01, 0x22, 0x22, 0x40, 0x44, 0x04, 0x08, 0xb6, 0x47, 0x17, 0x05, 0x00, 0x5b, 0x00, 0x5d, 0xfb, 0x47, 0x27, 0x05, 0x80, 0x7d, 0x00, 0x5d,
    0xd0, 0x47, 0x37, 0x05, 0x00, 0x68, 0x00, 0x5d, 0x11, 0x01, 0x22, 0x22, 0x40, 0x04, 0x04, 0x00, 0xb2, 0x47, 0x47, 0x05, 0x00, 0x59, 0x00, 0x5d,
    0xf7, 0x47, 0x57, 0x05, 0x80, 0x7b, 0x00, 0x5d, 0xcc, 0x47, 0x67, 0x05, 0x00, 0x66, 0x00, 0x5d, 0x12, 0x01, 0x00, 0xfe, 0x00, 0xc4, 0x5c, 0x00,
    0xae, 0x47, 0x77, 0x05, 0x00, 0x57, 0x00, 0x5d, 0x4c, 0x75, 0x47, 0x04, 0x00, 0x00, 0x10, 0x5c, 0x44, 0xe3, 0x07, 0xe0, 0x05, 0x10, 0x4e, 0xef,
    0x11, 0x22, 0x22, 0x42, 0x40, 0x44, 0x08, 0x08, 0x9e, 0x58, 0x07, 0x05, 0x00, 0x4f, 0x00, 0x5d, 0xa2, 0x58, 0x17, 0x05, 0x00, 0x51, 0x00, 0x5d,
    0xc4, 0x58, 0x27, 0x05, 0x00, 0x62, 0x00, 0x5d, 0x01, 0x02, 0x20, 0x42, 0x40, 0x44, 0x08, 0x08, 0xa6, 0x58, 0x37, 0x05, 0x00, 0x53, 0x00, 0x5d,
    0x79, 0x58, 0x47, 0x05, 0x80, 0x3c, 0x00, 0x5d, 0x82, 0x58, 0x57, 0x05, 0x00, 0x41, 0x00, 0x5d, 0x11, 0x02, 0x22, 0x42, 0x00, 0x44, 0x00, 0x08,
    0x83, 0x58, 0x67, 0x05, 0x80, 0x75, 0x00, 0x5d, 0x7e, 0x58, 0x77, 0x05, 0x00, 0x3f, 0x00, 0x5d, 0x7a, 0x59, 0x07, 0x05, 0x00, 0x3d, 0x00, 0x5d,
    0x01, 0x00, 0x20, 0x02, 0x40, 0x44, 0x81, 0x08, 0xa4, 0x59, 0x17, 0x05, 0x00, 0x52, 0x00, 0x5d, 0x98, 0x59, 0x27, 0x05, 0x00, 0x4c, 0x00, 0x5d,
    0x58, 0x59, 0x37, 0x05, 0x00, 0x7b, 0x00, 0x5d, 0x11, 0x00, 0x22, 0x02, 0x40, 0x44, 0x00, 0x08, 0xfa, 0x59, 0x47, 0x05, 0x00, 0x7d, 0x00, 0x5d,
    0x9c, 0x59, 0x57, 0x05, 0x00, 0x4e, 0x00, 0x5d, 0xf3, 0x59, 0x67, 0x05, 0x80, 0x79, 0x00, 0x5d, 0x02, 0x00, 0x20, 0xfe, 0x01, 0x44, 0x00, 0x08,
    0xfe, 0x59, 0x77, 0x05, 0x00, 0x7f, 0x00, 0x5d, 0x59, 0x74, 0x27, 0x00, 0x00, 0x00, 0x28, 0x38, 0x9d, 0x5d, 0x87, 0x04, 0x80, 0x4e, 0x00, 0x5d,
    0x11, 0x00, 0x22, 0x02, 0x40, 0x44, 0x00, 0x08, 0xfc, 0x5d, 0x97, 0x04, 0x00, 0x7e, 0x00, 0x5d, 0xec, 0x5d, 0xa7, 0x04, 0x00, 0x76, 0x00, 0x5d,
    0xc2, 0x5d, 0xb7, 0x04, 0x00, 0x61, 0x00, 0x5d, 0x21, 0x10, 0x20, 0x02, 0x40, 0x44, 0x00, 0x08, 0xde, 0x5d, 0x47, 0x04, 0x00, 0x6f, 0x00, 0x5d,
    0xf0, 0x5d, 0x57, 0x04, 0x00, 0x78, 0x00, 0x5d, 0xf4, 0x5d, 0x67, 0x04, 0x00, 0x7a, 0x00, 0x5d, 0x11, 0x00, 0x20, 0xfc, 0x00, 0xf4, 0x3f, 0x00,
    0xf8, 0x5d, 0x77, 0x04, 0x00, 0x7c, 0x00, 0x5d, 0x59, 0x73, 0x97, 0x05, 0x00, 0x04, 0x47, 0x5c, 0x5d, 0xef, 0x27, 0x00, 0x00, 0x00, 0x00, 0x1c,
    0xf1, 0x07, 0x20, 0xfe, 0x00, 0xc0, 0x1f, 0x00, 0x59, 0x72, 0x97, 0x05, 0x00, 0x00, 0x10, 0x5c, 0x2f, 0x5d, 0x07, 0x06, 0x80, 0x03, 0x6d, 0x5b,
    0xeb, 0x4c, 0x27, 0x00, 0x00, 0x00, 0x48, 0x38, 0x14, 0x07, 0x00, 0xfd, 0x00, 0xcc, 0x1f, 0x00, 0x4c, 0x7c, 0x07, 0xf0, 0x01, 0x10, 0x4e, 0xef,
    0xf6, 0x59, 0x27, 0x00, 0x00, 0x00, 0x48, 0x38, 0x00, 0x00, 0x37, 0x34, 0x00, 0x00, 0xf0, 0xf0, 0xf1, 0x07, 0x00, 0x02, 0xc0, 0xc4, 0x1f, 0x00,
    0x3c, 0xeb, 0x07, 0x00, 0x02, 0x00, 0x5c, 0xef, 0xa0, 0x5a, 0x07, 0x05, 0x00, 0x50, 0x00, 0x5d, 0x3d, 0xeb, 0x07, 0x20, 0x02, 0x00, 0x5c, 0xef,
    0x10, 0x00, 0x26, 0xfe, 0x00, 0x40, 0x00, 0x08, 0xa8, 0x5a, 0x17, 0x05, 0x00, 0x54, 0x00, 0x5d, 0x3e, 0xeb, 0x07, 0x40, 0x02, 0x00, 0x5c, 0xef,
    0xac, 0x5a, 0x27, 0x05, 0x00, 0x56, 0x00, 0x5d, 0xf1, 0x07, 0x00, 0x02, 0x40, 0xcc, 0x1f, 0x00, 0x3f, 0xeb, 0x07, 0x60, 0x02, 0x00, 0x5c, 0xef,
    0xb0, 0x5a, 0x37, 0x05, 0x00, 0x58, 0x00, 0x5d, 0x00, 0x00, 0x27, 0x34, 0x00, 0x00, 0xf0, 0xf0, 0xf1, 0x07, 0x00, 0x02, 0x40, 0xc4, 0x1f, 0x00,
    0x40, 0xeb, 0x07, 0x00, 0x06, 0x00, 0x5c, 0xef, 0xfd, 0x5a, 0x47, 0x05, 0x80, 0x7e, 0x00, 0x5d, 0x41, 0xeb, 0x07, 0x20, 0x06, 0x00, 0x5c, 0xef,
    0x10, 0x00, 0x22, 0xfe, 0x00, 0x40, 0x00, 0x08, 0xb4, 0x5a, 0x57, 0x05, 0x00, 0x5a, 0x00, 0x5d, 0x42, 0xeb, 0x07, 0x40, 0x06, 0x00, 0x5c, 0xef,
    0xb8, 0x5a, 0x67, 0x05, 0x00, 0x5c, 0x00, 0x5d, 0xf1, 0x07, 0x00, 0x62, 0x08, 0xcc, 0x1f, 0x00, 0x43, 0xeb, 0x07, 0x60, 0x06, 0x00, 0x5c, 0xef,
    0xbc, 0x5a, 0x77, 0x05, 0x00, 0x5e, 0x00, 0x5d, 0x00, 0x00, 0x17, 0x34, 0x00, 0x00, 0xf0, 0xf0, 0xf1, 0x07, 0x00, 0x62, 0x40, 0xc4, 0x1f, 0x00,
    0x38, 0xf6, 0x07, 0x00, 0x02, 0x00, 0x5c, 0xef, 0x96, 0x5b, 0x07, 0x05, 0x00, 0x4b, 0x00, 0x5d, 0x39, 0xf6, 0x07, 0x20, 0x02, 0x00, 0x5c, 0xef,
    0x10, 0x03, 0x22, 0xfe, 0x00, 0x40, 0x0c, 0x08, 0x9a, 0x5b, 0x17, 0x05, 0x00, 0x4d, 0x00, 0x5d, 0x3a, 0xf6, 0x07, 0x40, 0x02, 0x00, 0x5c, 0xef,
    0xc0, 0x5b, 0x27, 0x05, 0x00, 0x60, 0x00, 0x5d, 0xf1, 0x07, 0x00, 0x62, 0x40, 0xc4, 0x1f, 0x04, 0x3b, 0xf6, 0x07, 0x60, 0x02, 0x00, 0x5c, 0xef,
    0xc8, 0x5b, 0x37, 0x05, 0x00, 0x64, 0x00, 0x5d, 0x34, 0xf6, 0x07, 0x00, 0x06, 0x00, 0x5c, 0xef, 0x10, 0x03, 0x22, 0xfe, 0x00, 0x40, 0x0c, 0x08,
    0xaa, 0x5b, 0x47, 0x05, 0x00, 0x55, 0x00, 0x5d, 0x35, 0xf6, 0x07, 0x20, 0x06, 0x00, 0x5c, 0xef, 0xba, 0x5b, 0x57, 0x05, 0x00, 0x5d, 0x00, 0x5d,
    0xf1, 0x07, 0x00, 0x62, 0x40, 0xc4, 0x1f, 0x00, 0x36, 0xf6, 0x07, 0x40, 0x06, 0x00, 0x5c, 0xef, 0xe4, 0x5b, 0x67, 0x05, 0x00, 0x72, 0x00, 0x5d,
    0x37, 0xf6, 0x07, 0x60, 0x06, 0x00, 0x5c, 0xef, 0x81, 0x83, 0x20, 0x62, 0x40, 0x44, 0x0c, 0x08, 0xca, 0x5b, 0x77, 0x05, 0x00, 0x65, 0x00, 0x5d,
    0xce, 0x5c, 0x47, 0x04, 0x00, 0x67, 0x00, 0x5d, 0xd2, 0x5c, 0x57, 0x04, 0x00, 0x69, 0x00, 0x5d, 0x11, 0x03, 0x22, 0x62, 0x40, 0x44, 0x0c, 0x08,
    0x7f, 0x5c, 0x67, 0x04, 0x80, 0x3f, 0x00, 0x5d, 0xd6, 0x5c, 0x77, 0x04, 0x00, 0x6b, 0x00, 0x5d, 0x95, 0x5c, 0x87, 0x04, 0x80, 0x4a, 0x00, 0x5d,
    0x01, 0x03, 0x20, 0x62, 0x40, 0x44, 0x0c, 0x00, 0xda, 0x5c, 0x97, 0x04, 0x00, 0x6d, 0x00, 0x5d, 0x81, 0x5c, 0xa7, 0x04, 0x80, 0x40, 0x00, 0x5d,
    0x99, 0x5c, 0xb7, 0x04, 0x80, 0x4c, 0x00, 0x5d, 0x11, 0x03, 0x22, 0x62, 0x40, 0x44, 0x0c, 0x08, 0xc6, 0x5e, 0x47, 0x04, 0x00, 0x63, 0x00, 0x5d,
    0x7b, 0x5e, 0x57, 0x04, 0x80, 0x3d, 0x00, 0x5d, 0xe8, 0x5e, 0x67, 0x04, 0x00, 0x74, 0x00, 0x5d, 0x01, 0x03, 0x20, 0x62, 0x40, 0x44, 0x0c, 0x08,
    0xe0, 0x5e, 0x77, 0x04, 0x00, 0x70, 0x00, 0x5d, 0xbe, 0x5e, 0x87, 0x04, 0x00, 0x5f, 0x00, 0x5d, 0xdc, 0x5e, 0x97, 0x04, 0x00, 0x6e, 0x00, 0x5d,
    0x11, 0x03, 0x22, 0x62, 0x00, 0x44, 0x0c, 0x08, 0xd4, 0x5e, 0xa7, 0x04, 0x00, 0x6a, 0x00, 0x5d, 0xd8, 0x5e, 0xb7, 0x04, 0x00, 0x6c, 0x00, 0x5d,
    0x7d, 0x5f, 0x47, 0x04, 0x80, 0x3e, 0x00, 0x5d, 0x01, 0x03, 0x20, 0x62, 0x40, 0x44, 0x0c, 0x08, 0xb6, 0x5f, 0x57, 0x04, 0x00, 0x5b, 0x00, 0x5d,
    0xfb, 0x5f, 0x67, 0x04, 0x80, 0x7d, 0x00, 0x5d, 0xd0, 0x5f, 0x77, 0x04, 0x00, 0x68, 0x00, 0x5d, 0x11, 0x03, 0x22, 0x62, 0x40, 0x44, 0x0c, 0x08,
    0xb2, 0x5f, 0x87, 0x04, 0x00, 0x59, 0x00, 0x5d, 0xf7, 0x5f, 0x97, 0x04, 0x80, 0x7b, 0x00, 0x5d, 0xcc, 0x5f, 0xa7, 0x04, 0x00, 0x66, 0x00, 0x5d,
    0x01, 0x03, 0xe0, 0xff, 0x00, 0xd4, 0x1f, 0x00, 0xae, 0x5f, 0xb7, 0x04, 0x00, 0x57, 0x00, 0x5d, 0x00, 0x00, 0x07, 0x00, 0x80, 0x1b, 0xa8, 0xf0,
    0x00, 0x00, 0x07, 0x00, 0x00, 0x00, 0x98, 0xef, 0xfd, 0x07, 0x20, 0x16, 0x1f, 0xc4, 0x02, 0x00, 0x0f, 0x00, 0x85, 0x02, 0x00, 0x00, 0x40, 0xe2,
    0x3c, 0x92, 0x0e, 0x04, 0x00, 0xa0, 0xd6, 0xee, 0x40, 0x90, 0x0a, 0x04, 0x00, 0xa0, 0xd6, 0xee, 0xb1, 0x00, 0x40, 0x16, 0x00, 0xc0, 0xe0, 0x0b,
    0x38, 0x8e, 0x0b, 0x04, 0x00, 0xa0, 0xd6, 0xee, 0x34, 0x8c, 0x0c, 0x04, 0x00, 0xa0, 0xd6, 0xee, 0x9e, 0x4c, 0x47, 0x04, 0x00, 0x4f, 0x00, 0x5d,
    0xf1, 0x07, 0x20, 0x0a, 0x40, 0xc4, 0x01, 0x08, 0x54, 0x94, 0x07, 0x10, 0x06, 0x10, 0x4e, 0xef, 0xa2, 0x4c, 0x57, 0x04, 0x00, 0x51, 0x00, 0x5d,
    0xc4, 0x4c, 0x67, 0x04, 0x00, 0x62, 0x00, 0x5d, 0x91, 0x00, 0x22, 0x02, 0x40, 0x04, 0x00, 0x00, 0xa6, 0x4c, 0x77, 0x04, 0x00, 0x53, 0x00, 0x5d,
    0x79, 0x4c, 0x87, 0x04, 0x80, 0x3c, 0x00, 0x5d, 0x82, 0x4c, 0x97, 0x04, 0x00, 0x41, 0x00, 0x5d, 0x11, 0x00, 0x22, 0x02, 0x00, 0x44, 0x00, 0x08,
    0x83, 0x4c, 0xa7, 0x04, 0x80, 0x41, 0x00, 0x5d, 0x7e, 0x4c, 0xb7, 0x04, 0x00, 0x3f, 0x00, 0x5d, 0x7a, 0x4d, 0x47, 0x04, 0x00, 0x3d, 0x00, 0x5d,
    0x11, 0x00, 0x22, 0x26, 0x40, 0x04, 0x24, 0x00, 0xa4, 0x4d, 0x57, 0x04, 0x00, 0x52, 0x00, 0x5d, 0x98, 0x4d, 0x67, 0x04, 0x00, 0x4c, 0x00, 0x5d,
    0x4c, 0x4d, 0x77, 0x04, 0x00, 0x2c, 0x00, 0x5d, 0x11, 0x01, 0x22, 0x22, 0x40, 0x44, 0x04, 0x08, 0x50, 0x4d, 0x87, 0x04, 0x00, 0x7d, 0x00, 0x5d,
    0x9c, 0x4d, 0x97, 0x04, 0x00, 0x4e, 0x00, 0x5d, 0xf3, 0x4d, 0xa7, 0x04, 0x80, 0x79, 0x00, 0x5d, 0x11, 0x01, 0x20, 0x02, 0x40, 0x84, 0x40, 0x00,
    0xfe, 0x4d, 0xb7, 0x04, 0x00, 0x7f, 0x00, 0x5d, 0xa0, 0x4e, 0x47, 0x04, 0x00, 0x50, 0x00, 0x5d, 0x4d, 0x4e, 0x57, 0x04, 0x00, 0x54, 0x00, 0x5d,
    0x11, 0x00, 0x22, 0x02, 0x40, 0x44, 0x00, 0x18, 0x51, 0x4e, 0x67, 0x04, 0x00, 0x56, 0x00, 0x5d, 0x52, 0x4e, 0x77, 0x04, 0x00, 0x58, 0x00, 0x5d,
    0xfd, 0x4e, 0x87, 0x04, 0x80, 0x7e, 0x00, 0x5d, 0x11, 0x00, 0x22, 0x02, 0x00, 0x84, 0x04, 0x00, 0xb4, 0x4e, 0x97, 0x04, 0x00, 0x5a, 0x00, 0x5d,
    0xb8, 0x4e, 0xa7, 0x04, 0x00, 0x5c, 0x00, 0x5d, 0x53, 0x4f, 0x87, 0x04, 0x00, 0x55, 0x00, 0x5d, 0x11, 0x09, 0x24, 0x22, 0x40, 0x44, 0x04, 0x08,
    0x4e, 0x4e, 0xb7, 0x04, 0x00, 0x5e, 0x00, 0x5d, 0x8e, 0x4f, 0x97, 0x04, 0x00, 0x5d, 0x00, 0x5d, 0x8f, 0x4f, 0xa7, 0x04, 0x00, 0x72, 0x00, 0x5d,
    0x12, 0x01, 0x02, 0x02, 0x40, 0xc4, 0x5c, 0x00, 0xca, 0x4f, 0xb7, 0x04, 0x00, 0x65, 0x00, 0x5d, 0x96, 0x4f, 0x47, 0x04, 0x00, 0x4b, 0x00, 0x5d,
    0x48, 0xe7, 0x07, 0x00, 0x02, 0x10, 0x4e, 0xef, 0x01, 0x00, 0x20, 0x02, 0x40, 0x48, 0x00, 0x00, 0x9a, 0x4f, 0x57, 0x04, 0x00, 0x4d, 0x00, 0x5d,
    0xc0, 0x4f, 0x67, 0x04, 0x00, 0x60, 0x00, 0x5d, 0xc8, 0x4f, 0x77, 0x04, 0x00, 0x64, 0x00, 0x5d, 0xf0, 0x07, 0x20, 0xe2, 0x01, 0xc4, 0x1f, 0x00,
    0x5a, 0x00, 0xd7, 0x07, 0x80, 0x07, 0x98, 0x5c, 0x44, 0x94, 0x07, 0x00, 0x06, 0x10, 0x4e, 0xef, 0x58, 0x00, 0x67, 0x0b, 0x80, 0x07, 0x98, 0x5c,
    0xf1, 0x07, 0x20, 0xfc, 0x00, 0xc4, 0x1f, 0x00, 0x59, 0x00, 0xe7, 0x0b, 0x80, 0x07, 0x98, 0x5c, 0x5e, 0x00, 0x27, 0x0b, 0x80, 0x07, 0x98, 0x5c,
    0x5c, 0x00, 0xb7, 0x0f, 0x80, 0x07, 0x98, 0x5c, 0xf1, 0x07, 0x20, 0xfe, 0x00, 0xc4, 0x1f, 0x00, 0x90, 0x00, 0x77, 0x0f, 0x80, 0x07, 0x98, 0x5c,
    0x92, 0x00, 0xe7, 0x0a, 0x80, 0x07, 0x98, 0x5c, 0xa5, 0x00, 0xc7, 0x0c, 0x80, 0x07, 0x98, 0x5c, 0xf1, 0x07, 0x20, 0xfc, 0x00, 0xc4, 0x1f, 0x00,
    0xe4, 0x00, 0x07, 0x0d, 0x80, 0x07, 0x98, 0x5c, 0x91, 0x00, 0x67, 0x0c, 0x80, 0x07, 0x98, 0x5c, 0x4f, 0x00, 0x87, 0x0e, 0x80, 0x07, 0x98, 0x5c,
    0xf1, 0x07, 0x20, 0xfe, 0x00, 0xc4, 0x1f, 0x00, 0xb0, 0x00, 0x47, 0x0d, 0x80, 0x07, 0x98, 0x5c, 0xfb, 0x00, 0x87, 0x0d, 0x80, 0x07, 0x98, 0x5c,
    0xe2, 0x00, 0xd7, 0x04, 0x80, 0x07, 0x98, 0x5c, 0xf1, 0x07, 0x20, 0xfc, 0x00, 0xc4, 0x1f, 0x08, 0xe6, 0x00, 0xe7, 0x04, 0x80, 0x07, 0x98, 0x5c,
    0x97, 0x00, 0xf7, 0x08, 0x80, 0x07, 0x98, 0x5c, 0xff, 0x5d, 0x07, 0x06, 0x80, 0x83, 0x53, 0x5b, 0xf1, 0x07, 0x20, 0xfe, 0x00, 0xc4, 0x40, 0x00,
    0xff, 0x5d, 0x67, 0x00, 0x00, 0x30, 0x46, 0x38, 0x07, 0xf0, 0x07, 0xe0, 0x80, 0x03, 0x90, 0x50, 0x7d, 0x49, 0x77, 0x05, 0x00, 0x61, 0x00, 0x5d,
    0x11, 0x00, 0x22, 0x00, 0x00, 0x44, 0x00, 0x08, 0xbc, 0x4a, 0x57, 0x05, 0x00, 0x6e, 0x00, 0x5d, 0xef, 0x4a, 0x47, 0x05, 0x80, 0x2c, 0x00, 0x5d,
    0xfa, 0x4b, 0x47, 0x05, 0x00, 0x2f, 0x00, 0x5d, 0x31, 0x01, 0x22, 0x02, 0x41, 0x48, 0x00, 0x08, 0x5f, 0x4b, 0x57, 0x05, 0x00, 0x48, 0x00, 0x5d,
    0xc2, 0x4b, 0x47, 0x04, 0x00, 0x2d, 0x00, 0x5d, 0xdc, 0x4b, 0x57, 0x04, 0x00, 0x2c, 0x00, 0x5d, 0x30, 0x01, 0x20, 0xe2, 0x01, 0x04, 0x08, 0x00,
    0xa8, 0x4a, 0x77, 0x04, 0x00, 0x70, 0x00, 0x5d, 0x58, 0xe7, 0x07, 0x10, 0x02, 0x10, 0x4e, 0xef, 0x5e, 0x4b, 0x77, 0x05, 0x00, 0x49, 0x00, 0x5d,
    0x11, 0x11, 0x22, 0x22, 0x00, 0x44, 0x04, 0x08, 0xe0, 0x4b, 0x67, 0x04, 0x00, 0x2e, 0x00, 0x5d, 0xbe, 0x48, 0x57, 0x05, 0x00, 0x6d, 0x00, 0x5d,
    0xae, 0x49, 0x77, 0x04, 0x00, 0x7c, 0x00, 0x5d, 0x11, 0x01, 0x22, 0x42, 0x80, 0x04, 0x44, 0x00, 0xaa, 0x49, 0x47, 0x05, 0x80, 0x4e, 0x00, 0x5d,
    0xd0, 0x49, 0x67, 0x05, 0x00, 0x76, 0x00, 0x5d, 0x5c, 0x4b, 0x67, 0x05, 0x80, 0x52, 0x00, 0x5d, 0xf1, 0x27, 0x20, 0xfe, 0x00, 0xc4, 0x1f, 0x00,
    0x92, 0x00, 0x07, 0x05, 0x80, 0x07, 0x98, 0x5c, 0x90, 0x00, 0xe7, 0x0f, 0x80, 0x07, 0x98, 0x5c, 0xda, 0x00, 0xa7, 0x07, 0x80, 0x07, 0x98, 0x5c,
    0xf1, 0x07, 0x20, 0xfe, 0x00, 0x84, 0x5f, 0x00, 0xf8, 0x00, 0xc7, 0x04, 0x80, 0x07, 0x98, 0x5c, 0x9d, 0x00, 0x17, 0x05, 0x80, 0x07, 0x98, 0x5c,
    0xa5, 0x00, 0x27, 0x05, 0x80, 0x07, 0x98, 0x5c, 0xf1, 0x07, 0x20, 0x06, 0x80, 0x44, 0x08, 0x08, 0xec, 0x00, 0x87, 0x0c, 0x80, 0x07, 0x98, 0x5c,
    0x8c, 0x49, 0x57, 0x04, 0x00, 0x78, 0x00, 0x5d, 0x93, 0x48, 0x47, 0x04, 0x00, 0x67, 0x00, 0x5d, 0x11, 0x02, 0x22, 0x42, 0x40, 0x04, 0x08, 0x00,
    0xb2, 0x48, 0x57, 0x04, 0x00, 0x69, 0x00, 0x5d, 0xd4, 0x48, 0x67, 0x04, 0x80, 0x3f, 0x00, 0x5d, 0xb6, 0x48, 0x77, 0x04, 0x00, 0x6b, 0x00, 0x5d,
    0x11, 0x02, 0x22, 0x02, 0x40, 0x44, 0x08, 0x00, 0xba, 0x48, 0x47, 0x05, 0x80, 0x4a, 0x00, 0x5d, 0xd8, 0x48, 0x67, 0x05, 0x80, 0x40, 0x00, 0x5d,
    0xc6, 0x48, 0x77, 0x05, 0x80, 0x4c, 0x00, 0x5d, 0x11, 0x02, 0x22, 0x42, 0x00, 0x84, 0x08, 0x00, 0x8d, 0x49, 0x47, 0x04, 0x00, 0x6f, 0x00, 0x5d,
    0xf7, 0x49, 0x67, 0x04, 0x00, 0x7a, 0x00, 0x5d, 0xe8, 0x4a, 0x57, 0x04, 0x80, 0x3d, 0x00, 0x5d, 0x11, 0x08, 0x24, 0x42, 0x00, 0x44, 0x08, 0x08,
    0xf0, 0x59, 0x57, 0x05, 0x00, 0x4e, 0x00, 0x5d, 0xcc, 0x49, 0x57, 0x05, 0x00, 0x7e, 0x00, 0x5d, 0x91, 0x4a, 0x47, 0x04, 0x80, 0x48, 0x00, 0x5d,
    0x12, 0x00, 0x02, 0x46, 0x40, 0xc4, 0x3f, 0x00, 0xac, 0x4a, 0x67, 0x04, 0x80, 0x27, 0x00, 0x5d, 0xb0, 0x4a, 0x67, 0x05, 0x00, 0x58, 0x00, 0x5d,
    0x4c, 0x94, 0x07, 0x20, 0x06, 0x10, 0x4e, 0xef, 0x01, 0x02, 0x40, 0x42, 0x00, 0xc0, 0x1f, 0x00, 0xfb, 0x4a, 0x77, 0x05, 0x80, 0x7d, 0x00, 0x5d,
    0xe4, 0x4b, 0x77, 0x04, 0x00, 0x72, 0x00, 0x5d, 0x81, 0x00, 0x37, 0x05, 0x80, 0x07, 0x98, 0x5c, 0x3d, 0x27, 0x00, 0x42, 0x40, 0x44, 0x1c, 0x00,
    0x48, 0xe7, 0x07, 0x20, 0x02, 0x10, 0x4e, 0xef, 0xce, 0x58, 0x47, 0x04, 0x00, 0x4f, 0x00, 0x5d, 0x50, 0x94, 0x07, 0x30, 0x06, 0x10, 0x4e, 0xef,
    0x11, 0x02, 0x22, 0x4e, 0x48, 0x04, 0x0a, 0x02, 0xd2, 0x58, 0x57, 0x04, 0x00, 0x51, 0x00, 0x5d, 0x7b, 0x58, 0x67, 0x04, 0x00, 0x62, 0x00, 0x5d,
    0x7f, 0x58, 0x77, 0x04, 0x00, 0x53, 0x00, 0x5d, 0x11, 0x02, 0x26, 0x42, 0x40, 0x44, 0x08, 0x08, 0x7a, 0x58, 0x47, 0x05, 0x80, 0x3c, 0x00, 0x5d,
    0xfe, 0x58, 0x57, 0x05, 0x00, 0x41, 0x00, 0x5d, 0x99, 0x58, 0x67, 0x05, 0x80, 0x41, 0x00, 0x5d, 0x11, 0x02, 0x20, 0x42, 0x40, 0x04, 0x08, 0x00,
    0xde, 0x58, 0x77, 0x05, 0x00, 0x3f, 0x00, 0x5d, 0xf4, 0x59, 0x67, 0x04, 0x00, 0x4c, 0x00, 0x5d, 0x95, 0x59, 0x47, 0x05, 0x00, 0x49, 0x00, 0x5d,
    0x11, 0x02, 0x22, 0x22, 0x40, 0x44, 0x00, 0x18, 0xd6, 0x59, 0x77, 0x05, 0x00, 0x48, 0x00, 0x5d, 0x9c, 0x5a, 0x47, 0x05, 0x80, 0x7e, 0x00, 0x5d,
    0xda, 0x59, 0x47, 0x04, 0x00, 0x6d, 0x00, 0x5d, 0x51, 0x20, 0x22, 0x02, 0x00, 0x04, 0x00, 0x00, 0x58, 0x59, 0x57, 0x04, 0x00, 0x52, 0x00, 0x5d,
    0xf8, 0x59, 0x77, 0x04, 0x00, 0x7c, 0x00, 0x5d, 0x8f, 0x5a, 0x47, 0x04, 0x00, 0x50, 0x00, 0x5d, 0x11, 0x00, 0x26, 0x02, 0xc0, 0x44, 0x00, 0x00,
    0x90, 0x5a, 0x57, 0x04, 0x00, 0x71, 0x00, 0x5d, 0x92, 0x5a, 0x67, 0x04, 0x80, 0x4e, 0x00, 0x5d, 0x98, 0x5a, 0x77, 0x04, 0x80, 0x52, 0x00, 0x5d,
    0x11, 0x00, 0x22, 0x02, 0x40, 0x04, 0x00, 0x00, 0x82, 0x5b, 0x47, 0x04, 0x00, 0x4b, 0x00, 0x5d, 0x9e, 0x5b, 0x57, 0x04, 0x00, 0x4d, 0x00, 0x5d,
    0xc8, 0x5b, 0x67, 0x04, 0x00, 0x60, 0x00, 0x5d, 0x32, 0x10, 0x00, 0xfe, 0x00, 0x44, 0x3d, 0x00, 0xfd, 0x5b, 0x77, 0x04, 0x00, 0x76, 0x00, 0x5d,
    0xfc, 0x00, 0xe7, 0x08, 0x80, 0x07, 0x98, 0x5c, 0x44, 0xe7, 0x07, 0x30, 0x02, 0x10, 0x4e, 0xef, 0x11, 0x00, 0x24, 0x26, 0x40, 0x44, 0x20, 0x08,
    0x8e, 0x59, 0x67, 0x05, 0x80, 0x79, 0x00, 0x5d, 0xa0, 0x5a, 0x67, 0x05, 0x00, 0x5c, 0x00, 0x5d, 0xf3, 0x5a, 0x57, 0x05, 0x00, 0x5a, 0x00, 0x5d,
    0x01, 0x00, 0x20, 0x02, 0x40, 0x44, 0x44, 0x08, 0xa4, 0x5a, 0x77, 0x05, 0x00, 0x73, 0x00, 0x5d, 0x7e, 0x5b, 0x47, 0x05, 0x80, 0x40, 0x00, 0x5d,
    0xb8, 0x5b, 0x57, 0x05, 0x00, 0x7e, 0x00, 0x5d, 0x11, 0x01, 0x42, 0x22, 0x00, 0x40, 0x20, 0x00, 0xc0, 0x5b, 0x67, 0x05, 0x80, 0x4b, 0x00, 0x5d,
    0x9a, 0x5b, 0x77, 0x05, 0x00, 0x65, 0x00, 0x5d, 0xb4, 0x4a, 0xd7, 0x04, 0x00, 0x74, 0x00, 0x5d, 0xf1, 0x17, 0x20, 0x44, 0x00, 0x44, 0x00, 0x08,
    0x54, 0x94, 0x07, 0x40, 0x06, 0x10, 0x4e, 0xef, 0xca, 0x4b, 0x07, 0x05, 0x00, 0x7d, 0x00, 0x5d, 0xa2, 0x48, 0xc7, 0x04, 0x80, 0x49, 0x00, 0x5d,
    0x11, 0x00, 0x22, 0x02, 0x40, 0x44, 0x00, 0x08, 0xb2, 0x48, 0xd7, 0x04, 0x00, 0x59, 0x00, 0x5d, 0xd4, 0x48, 0xe7, 0x04, 0x00, 0x6a, 0x00, 0x5d,
    0xb6, 0x48, 0xf7, 0x04, 0x00, 0x5b, 0x00, 0x5d, 0x11, 0x00, 0x22, 0x00, 0x00, 0x44, 0x00, 0x08, 0xba, 0x48, 0x07, 0x05, 0x00, 0x5d, 0x00, 0x5d,
    0xbe, 0x48, 0x17, 0x05, 0x00, 0x5f, 0x00, 0x5d, 0xd8, 0x48, 0x27, 0x05, 0x00, 0x6c, 0x00, 0x5d, 0x11, 0x00, 0x20, 0x02, 0x40, 0x44, 0x00, 0x08,
    0xc6, 0x48, 0x37, 0x05, 0x00, 0x63, 0x00, 0x5d, 0xa6, 0x49, 0xc7, 0x04, 0x80, 0x46, 0x00, 0x5d, 0xc4, 0x49, 0xd7, 0x04, 0x00, 0x46, 0x00, 0x5d,
    0x11, 0x00, 0x22, 0x00, 0x00, 0x44, 0x00, 0x08, 0xf7, 0x49, 0xe7, 0x04, 0x80, 0x7b, 0x00, 0x5d, 0xae, 0x49, 0xf7, 0x04, 0x00, 0x57, 0x00, 0x5d,
    0xaa, 0x49, 0x07, 0x05, 0x00, 0x55, 0x00, 0x5d, 0x11, 0x00, 0x22, 0x02, 0x40, 0x44, 0x00, 0x00, 0xcc, 0x49, 0x17, 0x05, 0x00, 0x66, 0x00, 0x5d,
    0xd0, 0x49, 0x27, 0x05, 0x00, 0x68, 0x00, 0x5d, 0x7d, 0x49, 0x37, 0x05, 0x80, 0x3e, 0x00, 0x5d, 0x11, 0x00, 0x22, 0x00, 0x00, 0x44, 0x00, 0x08,
    0x96, 0x4a, 0xc7, 0x04, 0x80, 0x48, 0x00, 0x5d, 0xac, 0x4a, 0xe7, 0x04, 0x00, 0x56, 0x00, 0x5d, 0xa8, 0x4a, 0xf7, 0x04, 0x00, 0x54, 0x00, 0x5d,
    0x11, 0x00, 0x22, 0x02, 0x40, 0x44, 0x00, 0x08, 0x79, 0x4a, 0x07, 0x05, 0x80, 0x77, 0x00, 0x5d, 0xbc, 0x4a, 0x17, 0x05, 0x00, 0x5e, 0x00, 0x5d,
    0xb0, 0x4a, 0x27, 0x05, 0x00, 0x58, 0x00, 0x5d, 0x11, 0x00, 0x20, 0x00, 0x00, 0x44, 0x00, 0x08, 0xfb, 0x4a, 0x37, 0x05, 0x80, 0x7d, 0x00, 0x5d,
    0xc2, 0x4b, 0xc7, 0x04, 0x00, 0x61, 0x00, 0x5d, 0xdc, 0x4b, 0xd7, 0x04, 0x00, 0x6e, 0x00, 0x5d, 0x11, 0x00, 0x22, 0x26, 0x40, 0x44, 0x24, 0x08,
    0xe0, 0x4b, 0xe7, 0x04, 0x00, 0x70, 0x00, 0x5d, 0xe4, 0x4b, 0xf7, 0x04, 0x00, 0x72, 0x00, 0x5d, 0xe8, 0x4b, 0x17, 0x05, 0x80, 0x2f, 0x00, 0x5d,
    0x11, 0x01, 0x42, 0x20, 0x00, 0x40, 0x88, 0x00, 0xec, 0x4b, 0x27, 0x05, 0x00, 0x2e, 0x00, 0x5d, 0x81, 0x4b, 0x37, 0x05, 0x00, 0x2f, 0x00, 0x5d,
    0xfa, 0x45, 0xd7, 0x04, 0x00, 0x2c, 0x00, 0x5d, 0xfd, 0x17, 0x00, 0x22, 0x40, 0x44, 0x9d, 0x00, 0x48, 0xe7, 0x07, 0x40, 0x02, 0x10, 0x4e, 0xef,
    0x5e, 0x45, 0x27, 0x05, 0x00, 0x47, 0x00, 0x5d, 0x58, 0x94, 0x07, 0x50, 0x06, 0x10, 0x4e, 0xef, 0x11, 0x00, 0x22, 0x02, 0x40, 0x44, 0x00, 0x08,
    0x8d, 0x45, 0xc7, 0x04, 0x00, 0x6d, 0x00, 0x5d, 0x8c, 0x45, 0xe7, 0x04, 0x00, 0x7a, 0x00, 0x5d, 0x5f, 0x45, 0x07, 0x05, 0x80, 0x4a, 0x00, 0x5d,
    0x01, 0x00, 0x20, 0x22, 0x02, 0x44, 0x00, 0x08, 0x5c, 0x45, 0x17, 0x05, 0x00, 0x78, 0x00, 0x5d, 0x8e, 0x45, 0x37, 0x05, 0x00, 0x6b, 0x00, 0x5d,
    0xce, 0x44, 0xc7, 0x04, 0x00, 0x67, 0x00, 0x5d, 0x11, 0x00, 0x22, 0x62, 0x48, 0x44, 0x0e, 0x0a, 0xd2, 0x44, 0xd7, 0x04, 0x00, 0x69, 0x00, 0x5d,
    0x7b, 0x44, 0xe7, 0x04, 0x80, 0x3d, 0x00, 0x5d, 0x7f, 0x44, 0xf7, 0x04, 0x80, 0x3f, 0x00, 0x5d, 0x01, 0x00, 0x20, 0x02, 0x40, 0x44, 0x00, 0x08,
    0x7a, 0x44, 0x07, 0x05, 0x00, 0x3d, 0x00, 0x5d, 0xfe, 0x44, 0x17, 0x05, 0x00, 0x7f, 0x00, 0x5d, 0x91, 0x44, 0x27, 0x05, 0x80, 0x4c, 0x00, 0x5d,
    0x11, 0x00, 0x20, 0x62, 0x00, 0x44, 0x0c, 0x08, 0x93, 0x44, 0x37, 0x05, 0x00, 0x6f, 0x00, 0x5d, 0xef, 0x45, 0xf7, 0x04, 0x00, 0x7c, 0x00, 0x5d,
    0x8f, 0x46, 0xc7, 0x04, 0x80, 0x47, 0x00, 0x5d, 0x01, 0x03, 0x20, 0x62, 0x40, 0x44, 0x0c, 0x08, 0x90, 0x46, 0xd7, 0x04, 0x00, 0x48, 0x00, 0x5d,
    0x92, 0x46, 0xe7, 0x04, 0x00, 0x49, 0x00, 0x5d, 0x98, 0x46, 0xf7, 0x04, 0x00, 0x4c, 0x00, 0x5d, 0x11, 0x00, 0x22, 0x02, 0x40, 0x44, 0x00, 0x08,
    0x9c, 0x46, 0x07, 0x05, 0x00, 0x4e, 0x00, 0x5d, 0xf3, 0x46, 0x17, 0x05, 0x80, 0x79, 0x00, 0x5d, 0xa0, 0x46, 0x27, 0x05, 0x00, 0x50, 0x00, 0x5d,
    0x01, 0x00, 0x20, 0x62, 0x40, 0x44, 0x0c, 0x08, 0xa4, 0x46, 0x37, 0x05, 0x00, 0x52, 0x00, 0x5d, 0x82, 0x47, 0xc7, 0x04, 0x00, 0x41, 0x00, 0x5d,
    0x9e, 0x47, 0xd7, 0x04, 0x00, 0x4f, 0x00, 0x5d, 0x11, 0x03, 0x42, 0x66, 0x42, 0x40, 0x20, 0x08, 0xc8, 0x47, 0xe7, 0x04, 0x00, 0x64, 0x00, 0x5d,
    0xd6, 0x47, 0xf7, 0x04, 0x80, 0x7e, 0x00, 0x5d, 0x95, 0x47, 0x07, 0x05, 0x00, 0x3f, 0x00, 0x5d, 0xf1, 0x47, 0x20, 0x0c, 0x00, 0x44, 0x00, 0x08,
    0x4c, 0xe7, 0x07, 0x60, 0x02, 0x10, 0x4e, 0xef, 0xf0, 0x47, 0x17, 0x05, 0x00, 0x5c, 0x00, 0x5d, 0xf4, 0x47, 0x27, 0x05, 0x00, 0x60, 0x00, 0x5d,
    0x12, 0x00, 0x00, 0x46, 0x04, 0x74, 0x3c, 0x00, 0xda, 0x47, 0x37, 0x05, 0x00, 0x4d, 0x00, 0x5d, 0xfd, 0x48, 0x87, 0x05, 0x00, 0x5d, 0x00, 0x5d,
    0x44, 0xe7, 0x07, 0x50, 0x02, 0x10, 0x4e, 0xef, 0x10, 0x01, 0x20, 0xfe, 0x00, 0x44, 0x88, 0x08, 0xb8, 0x48, 0xa7, 0x05, 0x00, 0x6c, 0x00, 0x5d,
    0x50, 0xe7, 0x07, 0x70, 0x02, 0x10, 0x4e, 0xef, 0xba, 0x49, 0x47, 0x05, 0x00, 0x53, 0x00, 0x5d, 0x01, 0x11, 0x20, 0x22, 0x40, 0x44, 0x04, 0x08,
    0xd8, 0x49, 0x57, 0x05, 0x00, 0x62, 0x00, 0x5d, 0x99, 0x48, 0x47, 0x05, 0x00, 0x51, 0x00, 0x5d, 0xc0, 0x48, 0x67, 0x05, 0x00, 0x6a, 0x00, 0x5d,
    0x11, 0x01, 0x24, 0x42, 0x44, 0x44, 0x44, 0x00, 0x7e, 0x48, 0x97, 0x05, 0x00, 0x5f, 0x00, 0x5d, 0xa6, 0x49, 0x87, 0x05, 0x00, 0x55, 0x00, 0x5d,
    0xc4, 0x49, 0x97, 0x05, 0x00, 0x66, 0x00, 0x5d, 0x01, 0x01, 0x20, 0x02, 0x40, 0x44, 0x00, 0x10, 0xfc, 0x4a, 0x57, 0x05, 0x00, 0x5a, 0x00, 0x5d,
    0x9a, 0x48, 0x77, 0x05, 0x00, 0x5b, 0x00, 0x5d, 0xa2, 0x48, 0xb7, 0x05, 0x00, 0x63, 0x00, 0x5d, 0x11, 0x11, 0x22, 0x42, 0x04, 0x44, 0x00, 0x08,
    0xcc, 0x49, 0xa7, 0x05, 0x00, 0x68, 0x00, 0x5d, 0xaa, 0x49, 0xb7, 0x05, 0x80, 0x3e, 0x00, 0x5d, 0xbe, 0x4a, 0x47, 0x05, 0x00, 0x4b, 0x00, 0x5d,
    0x01, 0x00, 0x20, 0x02, 0xc0, 0x44, 0x00, 0x00, 0xf8, 0x4a, 0x67, 0x05, 0x00, 0x56, 0x00, 0x5d, 0xd4, 0x4a, 0x77, 0x05, 0x00, 0x54, 0x00, 0x5d,
    0xb4, 0x4b, 0xa7, 0x05, 0x00, 0x76, 0x00, 0x5d, 0x11, 0x00, 0x20, 0x02, 0x40, 0x44, 0x00, 0x00, 0xb2, 0x48, 0x57, 0x05, 0x00, 0x59, 0x00, 0x5d,
    0xf7, 0x49, 0x67, 0x05, 0x80, 0x7b, 0x00, 0x5d, 0xae, 0x49, 0x77, 0x05, 0x00, 0x57, 0x00, 0x5d, 0x01, 0x00, 0x20, 0x02, 0x40, 0xc4, 0x04, 0x08,
    0x79, 0x4a, 0x87, 0x05, 0x80, 0x3c, 0x00, 0x5d, 0xbc, 0x4a, 0x97, 0x05, 0x00, 0x5e, 0x00, 0x5d, 0xb0, 0x4a, 0xa7, 0x05, 0x00, 0x58, 0x00, 0x5d,
    0x11, 0x08, 0x20, 0x02, 0x40, 0x44, 0x00, 0x08, 0xa8, 0x4a, 0xb7, 0x05, 0x80, 0x7d, 0x00, 0x5d, 0xc2, 0x4b, 0x47, 0x05, 0x00, 0x61, 0x00, 0x5d,
    0xc6, 0x4b, 0x57, 0x05, 0x00, 0x6e, 0x00, 0x5d, 0x01, 0x00, 0x20, 0x02, 0x40, 0x44, 0x00, 0x18, 0xe0, 0x4b, 0x67, 0x05, 0x00, 0x70, 0x00, 0x5d,
    0xe4, 0x4b, 0x77, 0x05, 0x00, 0x72, 0x00, 0x5d, 0x96, 0x4b, 0x87, 0x05, 0x00, 0x65, 0x00, 0x5d, 0x11, 0x00, 0x46, 0x06, 0x02, 0xc0, 0x88, 0x08,
    0xac, 0x4b, 0x97, 0x05, 0x00, 0x74, 0x00, 0x5d, 0xd0, 0x4b, 0xb7, 0x05, 0x80, 0x40, 0x00, 0x5d, 0x7d, 0x44, 0x87, 0x05, 0x00, 0x3d, 0x00, 0x5d,
    0x11, 0x0f, 0x20, 0x20, 0x00, 0x44, 0x08, 0x08, 0x48, 0x94, 0x07, 0x60, 0x06, 0x10, 0x4e, 0xef, 0xb6, 0x44, 0x97, 0x05, 0x00, 0x7f, 0x00, 0x5d,
    0xec, 0x45, 0x77, 0x05, 0x80, 0x77, 0x00, 0x5d, 0x11, 0x11, 0x22, 0x42, 0x44, 0x44, 0x04, 0x08, 0xfe, 0x45, 0x47, 0x05, 0x80, 0x46, 0x00, 0x5d,
    0x7a, 0x45, 0x57, 0x05, 0x00, 0x7d, 0x00, 0x5d, 0xef, 0x45, 0xa7, 0x05, 0x00, 0x2f, 0x00, 0x5d, 0x11, 0x22, 0x22, 0x20, 0x02, 0x44, 0x00, 0x10,
    0xfa, 0x45, 0x87, 0x05, 0x80, 0x2f, 0x00, 0x5d, 0x8d, 0x45, 0x97, 0x05, 0x00, 0x2e, 0x00, 0x5d, 0x5e, 0x46, 0x47, 0x05, 0x80, 0x47, 0x00, 0x5d,
    0x11, 0x00, 0x22, 0x02, 0x40, 0x44, 0x00, 0x08, 0xce, 0x44, 0x47, 0x05, 0x00, 0x67, 0x00, 0x5d, 0xd2, 0x44, 0x57, 0x05, 0x00, 0x69, 0x00, 0x5d,
    0x7b, 0x44, 0x67, 0x05, 0x80, 0x3d, 0x00, 0x5d, 0x11, 0x84, 0x22, 0x00, 0x00, 0x44, 0x00, 0x10, 0x7f, 0x44, 0x77, 0x05, 0x80, 0x3f, 0x00, 0x5d,
    0x91, 0x44, 0xa7, 0x05, 0x80, 0x48, 0x00, 0x5d, 0x93, 0x44, 0xb7, 0x05, 0x80, 0x49, 0x00, 0x5d, 0x11, 0x04, 0x26, 0x02, 0x00, 0x44, 0x10, 0x08,
    0x8c, 0x45, 0x67, 0x05, 0x00, 0x46, 0x00, 0x5d, 0x8e, 0x45, 0xb7, 0x05, 0x00, 0x47, 0x00, 0x5d, 0x90, 0x46, 0x57, 0x05, 0x00, 0x48, 0x00, 0x5d,
    0x11, 0x04, 0x22, 0x80, 0x00, 0x44, 0x00, 0x08, 0x92, 0x46, 0x67, 0x05, 0x00, 0x49, 0x00, 0x5d, 0x98, 0x46, 0x77, 0x05, 0x00, 0x4c, 0x00, 0x5d,
    0xfb, 0x46, 0x87, 0x05, 0x00, 0x4e, 0x00, 0x5d, 0x11, 0x00, 0x22, 0x02, 0x40, 0x44, 0x00, 0x00, 0xdc, 0x46, 0x97, 0x05, 0x80, 0x79, 0x00, 0x5d,
    0xa0, 0x46, 0xa7, 0x05, 0x00, 0x50, 0x00, 0x5d, 0xe8, 0x46, 0xb7, 0x05, 0x00, 0x52, 0x00, 0x5d, 0x51, 0x24, 0x22, 0x84, 0x02, 0xc4, 0x10, 0x08,
    0x5f, 0x47, 0x47, 0x05, 0x00, 0x41, 0x00, 0x5d, 0x5c, 0x47, 0x57, 0x05, 0x00, 0x4f, 0x00, 0x5d, 0xc8, 0x47, 0x67, 0x05, 0x00, 0x64, 0x00, 0x5d,
    0x12, 0x0c, 0x02, 0x02, 0x40, 0xc4, 0x1f, 0x02, 0x8f, 0x47, 0x77, 0x05, 0x00, 0x6b, 0x00, 0x5d, 0x95, 0x47, 0x87, 0x05, 0x80, 0x4a, 0x00, 0x5d,
    0x54, 0x78, 0x07, 0x80, 0x06, 0x10, 0x4e, 0xef, 0x71, 0x40, 0x22, 0x12, 0x40, 0x08, 0x00, 0x00, 0xf0, 0x47, 0x97, 0x05, 0x00, 0x78, 0x00, 0x5d,
    0xf4, 0x47, 0xa7, 0x05, 0x00, 0x7a, 0x00, 0x5d, 0xda, 0x47, 0xb7, 0x05, 0x00, 0x6d, 0x00, 0x5d, 0x30, 0x01, 0xa0, 0xe3, 0x01, 0x40, 0x04, 0x10,
    0x9c, 0x4f, 0x97, 0x04, 0x00, 0x63, 0x00, 0x5d, 0x44, 0x94, 0x07, 0x70, 0x06, 0x10, 0x4e, 0xef, 0x82, 0x4d, 0x87, 0x04, 0x00, 0x5d, 0x00, 0x5d,
    0xf1, 0x07, 0x20, 0x42, 0x80, 0x44, 0x44, 0x00, 0x58, 0x78, 0x07, 0x90, 0x06, 0x10, 0x4e, 0xef, 0xe7, 0x4e, 0x87, 0x04, 0x00, 0x5f, 0x00, 0x5d,
    0xc6, 0x4c, 0xa7, 0x04, 0x00, 0x60, 0x00, 0x5d, 0x11, 0x01, 0x22, 0x40, 0x04, 0x44, 0x44, 0x18, 0xba, 0x50, 0x87, 0x04, 0x00, 0x67, 0x00, 0x5d,
    0xbe, 0x50, 0x97, 0x04, 0x00, 0x69, 0x00, 0x5d, 0xc0, 0x4f, 0xa7, 0x04, 0x00, 0x70, 0x00, 0x5d, 0x11, 0x00, 0x26, 0x02, 0x00, 0x44, 0x00, 0x00,
    0x99, 0x4c, 0x87, 0x04, 0x80, 0x4c, 0x00, 0x5d, 0xca, 0x4f, 0x87, 0x04, 0x00, 0x61, 0x00, 0x5d, 0xb2, 0x4c, 0x97, 0x04, 0x00, 0x59, 0x00, 0x5d,
    0x11, 0x00, 0x24, 0x00, 0x00, 0x44, 0x00, 0x10, 0xf3, 0x50, 0xa7, 0x04, 0x80, 0x3d, 0x00, 0x5d, 0xa4, 0x51, 0xa7, 0x04, 0x00, 0x46, 0x00, 0x5d,
    0xce, 0x4c, 0xb7, 0x04, 0x00, 0x4d, 0x00, 0x5d, 0x11, 0x00, 0x20, 0x02, 0x80, 0x44, 0x00, 0x10, 0x9e, 0x4f, 0xb7, 0x04, 0x00, 0x72, 0x00, 0x5d,
    0xfe, 0x51, 0x87, 0x04, 0x00, 0x7f, 0x00, 0x5d, 0x5e, 0x52, 0x87, 0x04, 0x00, 0x2f, 0x00, 0x5d, 0x11, 0x00, 0x20, 0x00, 0x00, 0x44, 0x00, 0x10,
    0x5f, 0x53, 0x87, 0x04, 0x80, 0x2f, 0x00, 0x5d, 0xd8, 0x4d, 0x97, 0x04, 0x00, 0x6c, 0x00, 0x5d, 0xfc, 0x4e, 0x97, 0x04, 0x00, 0x7e, 0x00, 0x5d,
    0x11, 0x00, 0x24, 0x26, 0x00, 0x44, 0x20, 0x08, 0x7a, 0x51, 0x97, 0x04, 0x00, 0x3d, 0x00, 0x5d, 0x90, 0x52, 0x97, 0x04, 0x00, 0x48, 0x00, 0x5d,
    0xfd, 0x4c, 0x47, 0x04, 0x80, 0x7e, 0x00, 0x5d, 0x51, 0x20, 0x22, 0x04, 0x02, 0x44, 0x00, 0x00, 0xd2, 0x4c, 0x57, 0x04, 0x00, 0x3f, 0x00, 0x5d,
    0xe0, 0x4c, 0x67, 0x04, 0x00, 0x5c, 0x00, 0x5d, 0xa2, 0x4c, 0x77, 0x04, 0x00, 0x51, 0x00, 0x5d, 0x11, 0x00, 0x22, 0x02, 0x80, 0x44, 0x00, 0x10,
    0x5c, 0x53, 0x97, 0x04, 0x00, 0x2e, 0x00, 0x5d, 0xf7, 0x4d, 0xa7, 0x04, 0x80, 0x7b, 0x00, 0x5d, 0xf8, 0x4e, 0xa7, 0x04, 0x00, 0x7c, 0x00, 0x5d,
    0x11, 0x00, 0x24, 0x00, 0x00, 0x44, 0x00, 0x10, 0x92, 0x52, 0xa7, 0x04, 0x00, 0x49, 0x00, 0x5d, 0x8c, 0x53, 0xa7, 0x04, 0x00, 0x64, 0x00, 0x5d,
    0x7b, 0x4d, 0xb7, 0x04, 0x00, 0x57, 0x00, 0x5d, 0x11, 0x00, 0x24, 0x02, 0x80, 0x44, 0x00, 0x10, 0xd4, 0x4e, 0xb7, 0x04, 0x00, 0x6a, 0x00, 0x5d,
    0xc2, 0x50, 0xb7, 0x04, 0x80, 0x3f, 0x00, 0x5d, 0x94, 0x51, 0xb7, 0x04, 0x00, 0x76, 0x00, 0x5d, 0x11, 0x00, 0x44, 0x00, 0x00, 0xc0, 0x04, 0x18,
    0x98, 0x52, 0xb7, 0x04, 0x00, 0x4c, 0x00, 0x5d, 0x8f, 0x53, 0xb7, 0x04, 0x80, 0x47, 0x00, 0x5d, 0xa6, 0x4d, 0x47, 0x04, 0x00, 0x53, 0x00, 0x5d,
    0x11, 0x0f, 0x20, 0x22, 0xc0, 0x44, 0x04, 0x08, 0x48, 0xf9, 0x07, 0x80, 0x02, 0x10, 0x4e, 0xef, 0x4c, 0x4d, 0x57, 0x04, 0x00, 0x62, 0x00, 0x5d,
    0xe4, 0x4d, 0x67, 0x04, 0x00, 0x66, 0x00, 0x5d, 0x11, 0x01, 0x20, 0x42, 0x40, 0x84, 0x48, 0x00, 0xaa, 0x4d, 0x77, 0x04, 0x00, 0x55, 0x00, 0x5d,
    0xec, 0x4e, 0x57, 0x04, 0x00, 0x5e, 0x00, 0x5d, 0x4d, 0x4e, 0x47, 0x04, 0x80, 0x3c, 0x00, 0x5d, 0x11, 0x02, 0x24, 0x22, 0x40, 0x44, 0x04, 0x08,
    0xa1, 0x4e, 0x67, 0x04, 0x00, 0x58, 0x00, 0x5d, 0x9d, 0x4f, 0x47, 0x04, 0x00, 0x4b, 0x00, 0x5d, 0xe2, 0x4f, 0x57, 0x04, 0x00, 0x56, 0x00, 0x5d,
    0x11, 0x01, 0x26, 0x22, 0x00, 0x04, 0x04, 0x00, 0xa5, 0x4f, 0x67, 0x04, 0x00, 0x5a, 0x00, 0x5d, 0xd0, 0x4f, 0x77, 0x04, 0x00, 0x68, 0x00, 0x5d,
    0x83, 0x51, 0x67, 0x04, 0x80, 0x77, 0x00, 0x5d, 0x11, 0x22, 0x24, 0x46, 0xc2, 0x44, 0x08, 0x08, 0x4e, 0x4e, 0x77, 0x04, 0x00, 0x54, 0x00, 0x5d,
    0x4f, 0x50, 0x47, 0x04, 0x80, 0x3e, 0x00, 0x5d, 0xe6, 0x50, 0x57, 0x04, 0x00, 0x5b, 0x00, 0x5d, 0x11, 0x02, 0x22, 0x42, 0x00, 0x04, 0x08, 0x00,
    0x91, 0x50, 0x67, 0x04, 0x80, 0x48, 0x00, 0x5d, 0x93, 0x50, 0x77, 0x04, 0x80, 0x49, 0x00, 0x5d, 0xfa, 0x51, 0x47, 0x04, 0x00, 0x7d, 0x00, 0x5d,
    0x11, 0x02, 0x26, 0x42, 0x80, 0x44, 0x08, 0x08, 0x8d, 0x51, 0x57, 0x04, 0x80, 0x46, 0x00, 0x5d, 0xde, 0x51, 0x77, 0x04, 0x00, 0x47, 0x00, 0x5d,
    0xef, 0x52, 0x47, 0x04, 0x80, 0x7d, 0x00, 0x5d, 0x11, 0x02, 0x22, 0x42, 0x40, 0x04, 0x08, 0x00, 0xb8, 0x52, 0x57, 0x04, 0x00, 0x6e, 0x00, 0x5d,
    0xbc, 0x52, 0x67, 0x04, 0x00, 0x50, 0x00, 0x5d, 0xc8, 0x52, 0x77, 0x04, 0x00, 0x74, 0x00, 0x5d, 0x11, 0x02, 0x22, 0x4e, 0x48, 0x44, 0x0a, 0x0a,
    0x7e, 0x53, 0x47, 0x04, 0x80, 0x4a, 0x00, 0x5d, 0x9a, 0x53, 0x57, 0x04, 0x00, 0x78, 0x00, 0x5d, 0xc4, 0x53, 0x67, 0x04, 0x00, 0x7a, 0x00, 0x5d,
    0x12, 0x02, 0x00, 0x02, 0x01, 0xf4, 0x9c, 0x00, 0xda, 0x53, 0x77, 0x04, 0x00, 0x6d, 0x00, 0x5d, 0xac, 0x49, 0x77, 0x05, 0x80, 0x3d, 0x00, 0x5d,
    0x44, 0xf9, 0x07, 0x90, 0x02, 0x10, 0x4e, 0xef, 0x10, 0x02, 0x22, 0xfe, 0x00, 0x04, 0x00, 0x00, 0xcc, 0x48, 0x67, 0x05, 0x00, 0x63, 0x00, 0x5d,
    0x50, 0x78, 0x07, 0xb0, 0x06, 0x10, 0x4e, 0xef, 0x7d, 0x48, 0x77, 0x05, 0x00, 0x67, 0x00, 0x5d, 0x11, 0x00, 0x22, 0x02, 0x80, 0x44, 0x00, 0x08,
    0x79, 0x48, 0x97, 0x05, 0x00, 0x69, 0x00, 0x5d, 0x96, 0x48, 0xa7, 0x05, 0x00, 0x70, 0x00, 0x5d, 0xa0, 0x49, 0x57, 0x05, 0x00, 0x6c, 0x00, 0x5d,
    0x11, 0x00, 0x22, 0x26, 0x40, 0x04, 0x20, 0x00, 0xa8, 0x49, 0x67, 0x05, 0x80, 0x7b, 0x00, 0x5d, 0xb4, 0x49, 0xa7, 0x05, 0x00, 0x72, 0x00, 0x5d,
    0x7b, 0x49, 0xb7, 0x05, 0x00, 0x55, 0x00, 0x5d, 0x11, 0x00, 0x26, 0x02, 0x40, 0x44, 0x00, 0x18, 0xae, 0x48, 0x47, 0x05, 0x80, 0x4c, 0x00, 0x5d,
    0xb2, 0x48, 0x57, 0x05, 0x00, 0x59, 0x00, 0x5d, 0xb6, 0x48, 0x87, 0x05, 0x80, 0x7e, 0x00, 0x5d, 0x11, 0x00, 0x20, 0x02, 0x40, 0x04, 0x00, 0x00,
    0xd6, 0x48, 0xb7, 0x05, 0x00, 0x51, 0x00, 0x5d, 0x82, 0x49, 0x47, 0x05, 0x00, 0x41, 0x00, 0x5d, 0xd2, 0x49, 0x87, 0x05, 0x00, 0x53, 0x00, 0x5d,
    0x11, 0x00, 0x20, 0x02, 0x40, 0x44, 0x00, 0x08, 0xb0, 0x49, 0x97, 0x05, 0x00, 0x26, 0x00, 0x5d, 0x7f, 0x4a, 0x47, 0x05, 0x80, 0x73, 0x00, 0x5d,
    0xfc, 0x4a, 0x57, 0x05, 0x00, 0x7e, 0x00, 0x5d, 0x11, 0x00, 0x22, 0x02, 0x40, 0x04, 0x00, 0x00, 0xf8, 0x4a, 0x67, 0x05, 0x00, 0x7c, 0x00, 0x5d,
    0x81, 0x4a, 0x77, 0x05, 0x00, 0x6a, 0x00, 0x5d, 0xce, 0x4a, 0x87, 0x05, 0x80, 0x26, 0x00, 0x5d, 0x11, 0x00, 0x22, 0x02, 0x40, 0x44, 0x00, 0x00,
    0xec, 0x4a, 0x97, 0x05, 0x00, 0x76, 0x00, 0x5d, 0xfb, 0x4a, 0xa7, 0x05, 0x80, 0x50, 0x00, 0x5d, 0xdc, 0x4a, 0xb7, 0x05, 0x00, 0x27, 0x00, 0x5d,
    0x11, 0x00, 0x22, 0x02, 0x40, 0x04, 0x44, 0x00, 0xca, 0x4b, 0x47, 0x05, 0x00, 0x65, 0x00, 0x5d, 0xe0, 0x4b, 0x57, 0x05, 0x00, 0x4e, 0x00, 0x5d,
    0xe4, 0x4b, 0x67, 0x05, 0x00, 0x60, 0x00, 0x5d, 0x11, 0x01, 0x22, 0x2a, 0xc4, 0x44, 0x04, 0x08, 0xe8, 0x4b, 0x77, 0x05, 0x00, 0x4f, 0x00, 0x5d,
    0xc6, 0x4b, 0x87, 0x05, 0x80, 0x4e, 0x00, 0x5d, 0xd8, 0x4b, 0x97, 0x05, 0x00, 0x71, 0x00, 0x5d, 0x11, 0x01, 0x42, 0x22, 0x00, 0x40, 0x20, 0x00,
    0xf7, 0x4b, 0xa7, 0x05, 0x80, 0x52, 0x00, 0x5d, 0xd0, 0x4b, 0xb7, 0x05, 0x00, 0x68, 0x00, 0x5d, 0xaa, 0x44, 0x87, 0x05, 0x80, 0x27, 0x00, 0x5d,
    0xfd, 0x17, 0x00, 0x26, 0x40, 0x44, 0x3c, 0x00, 0x48, 0xf9, 0x07, 0xa0, 0x02, 0x10, 0x4e, 0xef, 0xc0, 0x44, 0xa7, 0x05, 0x80, 0x48, 0x00, 0x5d,
    0x4c, 0x78, 0x07, 0xa0, 0x06, 0x10, 0x4e, 0xef, 0x01, 0x01, 0x20, 0x42, 0x40, 0x44, 0x44, 0x08, 0xa2, 0x44, 0xb7, 0x05, 0x80, 0x49, 0x00, 0x5d,
    0xfd, 0x45, 0x77, 0x05, 0x00, 0x4a, 0x00, 0x5d, 0x91, 0x45, 0x97, 0x05, 0x80, 0x46, 0x00, 0x5d, 0x11, 0x02, 0x24, 0x22, 0x42, 0x44, 0x04, 0x08,
    0x93, 0x45, 0x87, 0x05, 0x00, 0x7d, 0x00, 0x5d, 0x8d, 0x46, 0x47, 0x05, 0x00, 0x2f, 0x00, 0x5d, 0xe7, 0x46, 0x87, 0x05, 0x80, 0x77, 0x00, 0x5d,
    0x01, 0x22, 0x20, 0x02, 0xc0, 0x44, 0x00, 0x08, 0x94, 0x46, 0xb7, 0x05, 0x00, 0x64, 0x00, 0x5d, 0xba, 0x44, 0x47, 0x05, 0x00, 0x5d, 0x00, 0x5d,
    0xbe, 0x44, 0x57, 0x05, 0x00, 0x5f, 0x00, 0x5d, 0x11, 0x00, 0x22, 0x02, 0x40, 0x44, 0x00, 0x00, 0xd4, 0x44, 0x67, 0x05, 0x80, 0x79, 0x00, 0x5d,
    0xc2, 0x44, 0x77, 0x05, 0x00, 0x61, 0x00, 0x5d, 0xa6, 0x44, 0x97, 0x05, 0x00, 0x73, 0x00, 0x5d, 0x01, 0x00, 0x20, 0x02, 0xc0, 0x44, 0x00, 0x18,
    0xfe, 0x45, 0x47, 0x05, 0x00, 0x7f, 0x00, 0x5d, 0x7a, 0x45, 0x57, 0x05, 0x00, 0x3d, 0x00, 0x5d, 0xa4, 0x45, 0x67, 0x05, 0x00, 0x52, 0x00, 0x5d,
    0x11, 0x00, 0x22, 0x02, 0x00, 0x44, 0x00, 0x08, 0x8e, 0x45, 0xa7, 0x05, 0x80, 0x41, 0x00, 0x5d, 0xfa, 0x45, 0xb7, 0x05, 0x00, 0x6f, 0x00, 0x5d,
    0x90, 0x46, 0x57, 0x05, 0x00, 0x48, 0x00, 0x5d, 0x01, 0x00, 0x20, 0x02, 0x40, 0x44, 0x44, 0x08, 0x92, 0x46, 0x67, 0x05, 0x00, 0x49, 0x00, 0x5d,
    0x98, 0x46, 0x77, 0x05, 0x00, 0x4c, 0x00, 0x5d, 0xef, 0x46, 0x97, 0x05, 0x00, 0x5c, 0x00, 0x5d, 0x11, 0x01, 0x20, 0x02, 0x40, 0x44, 0x00, 0x08,
    0x5e, 0x46, 0xa7, 0x05, 0x00, 0x5e, 0x00, 0x5d, 0x5f, 0x47, 0x47, 0x05, 0x80, 0x2f, 0x00, 0x5d, 0x5c, 0x47, 0x57, 0x05, 0x00, 0x2e, 0x00, 0x5d,
    0x01, 0x00, 0x40, 0x02, 0x40, 0xc0, 0x04, 0x08, 0x8c, 0x47, 0x67, 0x05, 0x00, 0x46, 0x00, 0x5d, 0x9c, 0x47, 0x77, 0x05, 0x80, 0x47, 0x00, 0x5d,
    0x7e, 0x47, 0x87, 0x05, 0x00, 0x3f, 0x00, 0x5d, 0xf1, 0x0f, 0x20, 0x22, 0x48, 0xc4, 0x05, 0x0a, 0x54, 0x78, 0x07, 0xc0, 0x06, 0x10, 0x4e, 0xef,
    0x9a, 0x47, 0x97, 0x05, 0x00, 0x4d, 0x00, 0x5d, 0xc4, 0x47, 0xa7, 0x05, 0x00, 0x62, 0x00, 0x5d, 0x52, 0x21, 0x00, 0x82, 0x00, 0xf4, 0x5c, 0x00,
    0xc8, 0x47, 0xb7, 0x05, 0x00, 0x6d, 0x00, 0x5d, 0xf3, 0x49, 0xd7, 0x04, 0x00, 0x50, 0x00, 0x5d, 0x44, 0xf9, 0x07, 0xb0, 0x02, 0x10, 0x4e, 0xef,
    0x10, 0x00, 0x20, 0xfe, 0x00, 0x84, 0x10, 0x02, 0x9e, 0x48, 0x17, 0x05, 0x80, 0x3c, 0x00, 0x5d, 0x58, 0x78, 0x07, 0xd0, 0x06, 0x10, 0x4e, 0xef,
    0xa0, 0x49, 0xe7, 0x04, 0x00, 0x54, 0x00, 0x5d, 0x11, 0x08, 0x26, 0x82, 0x50, 0x44, 0x00, 0x18, 0x79, 0x48, 0x27, 0x05, 0x00, 0x4b, 0x00, 0x5d,
    0xa8, 0x49, 0xf7, 0x04, 0x00, 0x56, 0x00, 0x5d, 0x8f, 0x49, 0xc7, 0x04, 0x00, 0x41, 0x00, 0x5d, 0x11, 0x84, 0x22, 0x02, 0x00, 0x04, 0x10, 0x02,
    0xac, 0x49, 0x17, 0x05, 0x00, 0x58, 0x00, 0x5d, 0xae, 0x48, 0xc7, 0x04, 0x00, 0x57, 0x00, 0x5d, 0xb0, 0x49, 0x27, 0x05, 0x00, 0x5a, 0x00, 0x5d,
    0x11, 0x00, 0x22, 0x82, 0x90, 0x44, 0x00, 0x08, 0xb2, 0x48, 0xd7, 0x04, 0x00, 0x59, 0x00, 0x5d, 0xb4, 0x49, 0x37, 0x05, 0x80, 0x3d, 0x00, 0x5d,
    0xcc, 0x48, 0xe7, 0x04, 0x00, 0x66, 0x00, 0x5d, 0x11, 0x00, 0x22, 0x26, 0x40, 0x04, 0x20, 0x00, 0x7d, 0x48, 0xf7, 0x04, 0x80, 0x3e, 0x00, 0x5d,
    0xb6, 0x48, 0x07, 0x05, 0x00, 0x5b, 0x00, 0x5d, 0x96, 0x48, 0x37, 0x05, 0x00, 0x6b, 0x00, 0x5d, 0x11, 0x00, 0x24, 0x02, 0x40, 0x44, 0x00, 0x08,
    0x82, 0x49, 0x07, 0x05, 0x00, 0x69, 0x00, 0x5d, 0xb8, 0x4a, 0xc7, 0x04, 0x80, 0x3f, 0x00, 0x5d, 0xbc, 0x4a, 0xd7, 0x04, 0x00, 0x7e, 0x00, 0x5d,
    0x91, 0x80, 0x22, 0x02, 0x40, 0x04, 0x00, 0x00, 0x7b, 0x4a, 0xe7, 0x04, 0x00, 0x7c, 0x00, 0x5d, 0x81, 0x4a, 0xf7, 0x04, 0x80, 0x40, 0x00, 0x5d,
    0xce, 0x4a, 0x07, 0x05, 0x00, 0x67, 0x00, 0x5d, 0x11, 0x11, 0x22, 0x22, 0x40, 0x44, 0x04, 0x08, 0xba, 0x44, 0xc7, 0x04, 0x00, 0x5d, 0x00, 0x5d,
    0xbe, 0x44, 0xd7, 0x04, 0x00, 0x5f, 0x00, 0x5d, 0xd4, 0x44, 0xe7, 0x04, 0x00, 0x6a, 0x00, 0x5d, 0x11, 0x01, 0x22, 0x22, 0x40, 0x04, 0x04, 0x00,
    0xc2, 0x44, 0xf7, 0x04, 0x00, 0x61, 0x00, 0x5d, 0xaa, 0x44, 0x07, 0x05, 0x00, 0x55, 0x00, 0x5d, 0xa6, 0x44, 0x17, 0x05, 0x00, 0x53, 0x00, 0x5d,
    0x11, 0x01, 0x22, 0x22, 0x00, 0x44, 0x04, 0x08, 0xc0, 0x44, 0x27, 0x05, 0x00, 0x60, 0x00, 0x5d, 0xa2, 0x44, 0x37, 0x05, 0x00, 0x51, 0x00, 0x5d,
    0xfe, 0x45, 0xc7, 0x04, 0x00, 0x7f, 0x00, 0x5d, 0x11, 0x01, 0x22, 0x22, 0x40, 0x04, 0x04, 0x00, 0x7a, 0x45, 0xd7, 0x04, 0x00, 0x3d, 0x00, 0x5d,
    0xa4, 0x45, 0xe7, 0x04, 0x00, 0x52, 0x00, 0x5d, 0xfd, 0x45, 0xf7, 0x04, 0x80, 0x7e, 0x00, 0x5d, 0x11, 0x01, 0x22, 0x22, 0x40, 0x44, 0x04, 0x08,
    0x93, 0x45, 0x07, 0x05, 0x80, 0x49, 0x00, 0x5d, 0x91, 0x45, 0x17, 0x05, 0x80, 0x48, 0x00, 0x5d, 0x8e, 0x45, 0x27, 0x05, 0x00, 0x47, 0x00, 0x5d,
    0x11, 0x01, 0x20, 0x22, 0x40, 0x04, 0x04, 0x00, 0xfa, 0x45, 0x37, 0x05, 0x00, 0x7d, 0x00, 0x5d, 0x8d, 0x46, 0xc7, 0x04, 0x80, 0x46, 0x00, 0x5d,
    0x90, 0x46, 0xd7, 0x04, 0x00, 0x48, 0x00, 0x5d, 0x11, 0x01, 0x22, 0x22, 0x40, 0x44, 0x04, 0x08, 0x92, 0x46, 0xe7, 0x04, 0x00, 0x49, 0x00, 0x5d,
    0x98, 0x46, 0xf7, 0x04, 0x00, 0x4c, 0x00, 0x5d, 0xe7, 0x46, 0x07, 0x05, 0x80, 0x73, 0x00, 0x5d, 0x11, 0x01, 0x22, 0x22, 0x40, 0x04, 0x04, 0x00,
    0xef, 0x46, 0x17, 0x05, 0x80, 0x77, 0x00, 0x5d, 0x5e, 0x46, 0x27, 0x05, 0x00, 0x2f, 0x00, 0x5d, 0x94, 0x46, 0x37, 0x05, 0x00, 0x4a, 0x00, 0x5d,
    0x11, 0x01, 0x22, 0x22, 0x40, 0x44, 0x04, 0x08, 0x5f, 0x47, 0xc7, 0x04, 0x80, 0x2f, 0x00, 0x5d, 0x5c, 0x47, 0xd7, 0x04, 0x00, 0x2e, 0x00, 0x5d,
    0x8c, 0x47, 0xe7, 0x04, 0x00, 0x46, 0x00, 0x5d, 0x11, 0x01, 0x22, 0x22, 0x40, 0x04, 0x04, 0x00, 0x9c, 0x47, 0xf7, 0x04, 0x00, 0x4e, 0x00, 0x5d,
    0x7e, 0x47, 0x07, 0x05, 0x00, 0x3f, 0x00, 0x5d, 0x9a, 0x47, 0x17, 0x05, 0x00, 0x4d, 0x00, 0x5d, 0x71, 0x41, 0x46, 0x2a, 0x84, 0x40, 0x00, 0x08,
    0xc4, 0x47, 0x27, 0x05, 0x00, 0x62, 0x00, 0x5d, 0xc8, 0x47, 0x37, 0x05, 0x00, 0x64, 0x00, 0x5d, 0xec, 0x4a, 0x17, 0x05, 0x00, 0x76, 0x00, 0x5d,
    0x31, 0x17, 0x20, 0x02, 0x40, 0x44, 0x00, 0x00, 0x44, 0xf9, 0x07, 0xd0, 0x02, 0x10, 0x4e, 0xef, 0xfb, 0x4a, 0x27, 0x05, 0x80, 0x7d, 0x00, 0x5d,
    0xdc, 0x4a, 0x37, 0x05, 0x00, 0x6e, 0x00, 0x5d, 0x01, 0x00, 0x20, 0x02, 0x40, 0x44, 0x00, 0x08, 0xca, 0x4b, 0xc7, 0x04, 0x00, 0x65, 0x00, 0x5d,
    0xe0, 0x4b, 0xd7, 0x04, 0x00, 0x70, 0x00, 0x5d, 0xe4, 0x4b, 0xe7, 0x04, 0x00, 0x72, 0x00, 0x5d, 0x12, 0x00, 0x02, 0x46, 0x40, 0xc4, 0x3f, 0x00,
    0xe8, 0x4b, 0xf7, 0x04, 0x00, 0x74, 0x00, 0x5d, 0xc6, 0x4b, 0x07, 0x05, 0x00, 0x63, 0x00, 0x5d, 0x4c, 0xf9, 0x07, 0xf0, 0x02, 0x10, 0x4e, 0xef,
    0x11, 0x02, 0x22, 0x40, 0x00, 0x48, 0x08, 0x00, 0xd8, 0x4b, 0x17, 0x05, 0x00, 0x6c, 0x00, 0x5d, 0xf7, 0x4b, 0x27, 0x05, 0x80, 0x7b, 0x00, 0x5d,
    0xd0, 0x4b, 0x37, 0x05, 0x00, 0x68, 0x00, 0x5d, 0x5d, 0x27, 0x20, 0xe2, 0x00, 0x44, 0x44, 0x08, 0x48, 0xf9, 0x07, 0xc0, 0x02, 0x10, 0x4e, 0xef,
    0x50, 0x78, 0x07, 0xe0, 0x06, 0x10, 0x4e, 0xef, 0x7f, 0x44, 0x47, 0x05, 0x00, 0x5d, 0x00, 0x5d, 0x11, 0x01, 0x22, 0x22, 0x40, 0x04, 0x04, 0x00,
    0xd6, 0x44, 0x57, 0x05, 0x00, 0x5f, 0x00, 0x5d, 0xf0, 0x44, 0x67, 0x05, 0x00, 0x6a, 0x00, 0x5d, 0xc2, 0x44, 0x77, 0x05, 0x00, 0x61, 0x00, 0x5d,
    0x11, 0x01, 0x22, 0x22, 0x40, 0x44, 0x04, 0x08, 0xaa, 0x44, 0x87, 0x05, 0x00, 0x55, 0x00, 0x5d, 0xa6, 0x44, 0x97, 0x05, 0x00, 0x53, 0x00, 0x5d,
    0xc0, 0x44, 0xa7, 0x05, 0x00, 0x60, 0x00, 0x5d, 0x11, 0x01, 0x20, 0x62, 0x00, 0x04, 0x44, 0x00, 0xa2, 0x44, 0xb7, 0x05, 0x00, 0x51, 0x00, 0x5d,
    0xf8, 0x45, 0x67, 0x05, 0x00, 0x52, 0x00, 0x5d, 0x44, 0x46, 0x47, 0x05, 0x80, 0x46, 0x00, 0x5d, 0x11, 0x43, 0x22, 0x02, 0x80, 0x44, 0x00, 0x10,
    0xa4, 0x45, 0xa7, 0x05, 0x00, 0x47, 0x00, 0x5d, 0xfc, 0x46, 0x67, 0x05, 0x00, 0x49, 0x00, 0x5d, 0x95, 0x45, 0x57, 0x05, 0x00, 0x3d, 0x00, 0x5d,
    0x11, 0x22, 0x22, 0x42, 0x40, 0x04, 0x08, 0x00, 0xae, 0x48, 0x47, 0x05, 0x00, 0x57, 0x00, 0x5d, 0xb2, 0x48, 0x57, 0x05, 0x00, 0x59, 0x00, 0x5d,
    0xcc, 0x48, 0x67, 0x05, 0x00, 0x66, 0x00, 0x5d, 0x11, 0x02, 0x22, 0x42, 0x40, 0x44, 0x08, 0x08, 0x7d, 0x48, 0x77, 0x05, 0x80, 0x3e, 0x00, 0x5d,
    0xb6, 0x48, 0x87, 0x05, 0x00, 0x5b, 0x00, 0x5d, 0x9e, 0x48, 0x97, 0x05, 0x00, 0x4f, 0x00, 0x5d, 0x11, 0x02, 0x22, 0x42, 0x00, 0x04, 0x08, 0x00,
    0x79, 0x48, 0xa7, 0x05, 0x80, 0x3c, 0x00, 0x5d, 0x96, 0x48, 0xb7, 0x05, 0x00, 0x4b, 0x00, 0x5d, 0x8f, 0x49, 0x47, 0x05, 0x80, 0x47, 0x00, 0x5d,
    0x11, 0x02, 0x22, 0x42, 0x40, 0x44, 0x08, 0x08, 0xf3, 0x49, 0x57, 0x05, 0x80, 0x79, 0x00, 0x5d, 0xa0, 0x49, 0x67, 0x05, 0x00, 0x50, 0x00, 0x5d,
    0xa8, 0x49, 0x77, 0x05, 0x00, 0x54, 0x00, 0x5d, 0x11, 0x02, 0x22, 0x42, 0x40, 0x04, 0x08, 0x00, 0x82, 0x49, 0x87, 0x05, 0x00, 0x41, 0x00, 0x5d,
    0xac, 0x49, 0x97, 0x05, 0x00, 0x56, 0x00, 0x5d, 0xb0, 0x49, 0xa7, 0x05, 0x00, 0x58, 0x00, 0x5d, 0x11, 0x02, 0x20, 0x42, 0x40, 0x44, 0x08, 0x08,
    0xb4, 0x49, 0xb7, 0x05, 0x00, 0x5a, 0x00, 0x5d, 0xb8, 0x4a, 0x47, 0x05, 0x00, 0x5c, 0x00, 0x5d, 0xbc, 0x4a, 0x57, 0x05, 0x00, 0x5e, 0x00, 0x5d,
    0x91, 0x82, 0x22, 0x42, 0x40, 0x04, 0x08, 0x00, 0x7b, 0x4a, 0x67, 0x05, 0x80, 0x3d, 0x00, 0x5d, 0x81, 0x4a, 0x77, 0x05, 0x80, 0x40, 0x00, 0x5d,
    0xce, 0x4a, 0x87, 0x05, 0x00, 0x67, 0x00, 0x5d, 0x11, 0x02, 0x22, 0x42, 0x40, 0x44, 0x08, 0x00, 0xec, 0x4a, 0x97, 0x05, 0x00, 0x76, 0x00, 0x5d,
    0xfb, 0x4a, 0xa7, 0x05, 0x80, 0x7d, 0x00, 0x5d, 0xdc, 0x4a, 0xb7, 0x05, 0x00, 0x6e, 0x00, 0x5d, 0x11, 0x02, 0x22, 0x42, 0x40, 0x04, 0x08, 0x00,
    0xca, 0x4b, 0x47, 0x05, 0x00, 0x65, 0x00, 0x5d, 0xd2, 0x4b, 0x57, 0x05, 0x00, 0x70, 0x00, 0x5d, 0xe4, 0x4b, 0x67, 0x05, 0x00, 0x72, 0x00, 0x5d,
    0x11, 0x02, 0x26, 0x46, 0x40, 0x44, 0x28, 0x08, 0xe8, 0x4b, 0x77, 0x05, 0x00, 0x74, 0x00, 0x5d, 0xc6, 0x4b, 0x87, 0x05, 0x00, 0x63, 0x00, 0x5d,
    0xd8, 0x4b, 0x97, 0x05, 0x00, 0x6c, 0x00, 0x5d, 0x11, 0x02, 0x42, 0x42, 0x00, 0x40, 0x00, 0x00, 0xf7, 0x4b, 0xa7, 0x05, 0x80, 0x7b, 0x00, 0x5d,
    0xd0, 0x4b, 0xb7, 0x05, 0x00, 0x68, 0x00, 0x5d, 0xda, 0x45, 0x77, 0x05, 0x80, 0x7e, 0x00, 0x5d, 0x51, 0x27, 0x20, 0x60, 0x08, 0x44, 0x00, 0x08,
    0x48, 0xf9, 0x07, 0xe0, 0x02, 0x10, 0x4e, 0xef, 0x8e, 0x46, 0x57, 0x05, 0x00, 0x48, 0x00, 0x5d, 0x83, 0x46, 0x77, 0x05, 0x00, 0x4c, 0x00, 0x5d,
    0x11, 0x00, 0x20, 0xe2, 0x40, 0x44, 0x00, 0x08, 0x92, 0x46, 0xa7, 0x05, 0x00, 0x2f, 0x00, 0x5d, 0xfe, 0x45, 0x47, 0x05, 0x00, 0x7f, 0x00, 0x5d,
    0x7a, 0x45, 0x87, 0x05, 0x80, 0x49, 0x00, 0x5d, 0x11, 0x00, 0x22, 0x00, 0x00, 0x44, 0x44, 0x08, 0x91, 0x45, 0x97, 0x05, 0x80, 0x48, 0x00, 0x5d,
    0xfa, 0x45, 0xb7, 0x05, 0x00, 0x7d, 0x00, 0x5d, 0x8d, 0x46, 0x87, 0x05, 0x80, 0x73, 0x00, 0x5d, 0x71, 0x41, 0x22, 0x22, 0x01, 0x44, 0x00, 0x08,
    0x90, 0x46, 0x97, 0x05, 0x80, 0x77, 0x00, 0x5d, 0x98, 0x46, 0xb7, 0x05, 0x00, 0x4a, 0x00, 0x5d, 0x5f, 0x47, 0x47, 0x05, 0x80, 0x2f, 0x00, 0x5d,
    0x11, 0x00, 0x22, 0x00, 0x00, 0x44, 0x00, 0x08, 0x5c, 0x47, 0x57, 0x05, 0x00, 0x2e, 0x00, 0x5d, 0x56, 0x47, 0x67, 0x05, 0x00, 0x46, 0x00, 0x5d,
    0x57, 0x47, 0x77, 0x05, 0x00, 0x4e, 0x00, 0x5d, 0x11, 0x01, 0x22, 0x22, 0x40, 0x44, 0x04, 0x08, 0x7e, 0x47, 0x87, 0x05, 0x00, 0x3f, 0x00, 0x5d,
    0xd4, 0x47, 0x97, 0x05, 0x00, 0x4d, 0x00, 0x5d, 0xe0, 0x47, 0xa7, 0x05, 0x00, 0x62, 0x00, 0x5d, 0x12, 0x01, 0x00, 0x02, 0x00, 0xf4, 0x5f, 0x00,
    0xbe, 0x47, 0xb7, 0x05, 0x00, 0x64, 0x00, 0x5d, 0x5e, 0x4e, 0x07, 0x05, 0x00, 0x22, 0x00, 0x5d, 0x58, 0xf2, 0x07, 0x00, 0x07, 0x10, 0x4e, 0xef,
    0x30, 0x01, 0x24, 0x06, 0x01, 0x04, 0x88, 0x00, 0x93, 0x4d, 0x07, 0x05, 0x00, 0x7f, 0x00, 0x5d, 0x44, 0x78, 0x07, 0xf0, 0x06, 0x10, 0x4e, 0xef,
    0xe7, 0x4b, 0x07, 0x05, 0x00, 0x65, 0x00, 0x5d, 0x11, 0x00, 0x26, 0x42, 0x04, 0x44, 0x00, 0x18, 0xba, 0x48, 0x07, 0x05, 0x00, 0x57, 0x00, 0x5d,
    0xca, 0x48, 0x27, 0x05, 0x00, 0x66, 0x00, 0x5d, 0xfd, 0x49, 0x07, 0x05, 0x80, 0x47, 0x00, 0x5d, 0x11, 0x00, 0x20, 0x02, 0x80, 0x04, 0x00, 0x00,
    0x94, 0x4a, 0x07, 0x05, 0x00, 0x5c, 0x00, 0x5d, 0xc4, 0x49, 0x17, 0x05, 0x80, 0x79, 0x00, 0x5d, 0xef, 0x4e, 0x17, 0x05, 0x00, 0x47, 0x00, 0x5d,
    0x11, 0x22, 0x22, 0x02, 0x80, 0x44, 0x00, 0x00, 0xcc, 0x4b, 0x27, 0x05, 0x00, 0x72, 0x00, 0x5d, 0xf9, 0x4c, 0x07, 0x05, 0x80, 0x3f, 0x00, 0x5d,
    0x5f, 0x4f, 0x07, 0x05, 0x80, 0x2f, 0x00, 0x5d, 0x11, 0x00, 0x24, 0x02, 0x80, 0x04, 0x00, 0x00, 0xb2, 0x48, 0x17, 0x05, 0x00, 0x59, 0x00, 0x5d,
    0xbc, 0x4a, 0x17, 0x05, 0x00, 0x5e, 0x00, 0x5d, 0xc8, 0x4b, 0x17, 0x05, 0x00, 0x69, 0x00, 0x5d, 0x11, 0x00, 0x26, 0x02, 0x80, 0x44, 0x00, 0x00,
    0x9a, 0x4c, 0x17, 0x05, 0x00, 0x6b, 0x00, 0x5d, 0x9c, 0x4d, 0x17, 0x05, 0x80, 0x4a, 0x00, 0x5d, 0x5c, 0x4f, 0x17, 0x05, 0x00, 0x2e, 0x00, 0x5d,
    0x11, 0x00, 0x24, 0x86, 0x90, 0x04, 0x30, 0x00, 0xf4, 0x49, 0x27, 0x05, 0x00, 0x50, 0x00, 0x5d, 0x7b, 0x4a, 0x27, 0x05, 0x80, 0x3d, 0x00, 0x5d,
    0xb8, 0x4c, 0x27, 0x05, 0x00, 0x78, 0x00, 0x5d, 0x11, 0x04, 0x24, 0x82, 0x80, 0x44, 0x10, 0x00, 0xf3, 0x4d, 0x27, 0x05, 0x00, 0x7c, 0x00, 0x5d,
    0x8c, 0x4e, 0x27, 0x05, 0x00, 0x7e, 0x00, 0x5d, 0x78, 0x4f, 0x27, 0x05, 0x00, 0x2b, 0x00, 0x5d, 0x11, 0x04, 0x24, 0x8a, 0x84, 0x04, 0x10, 0x00,
    0x7d, 0x48, 0x37, 0x05, 0x80, 0x3e, 0x00, 0x5d, 0xe4, 0x49, 0x37, 0x05, 0x00, 0x54, 0x00, 0x5d, 0x81, 0x4a, 0x37, 0x05, 0x80, 0x40, 0x00, 0x5d,
    0x11, 0x04, 0x24, 0x82, 0x80, 0xc4, 0x50, 0x10, 0xae, 0x4b, 0x37, 0x05, 0x00, 0x74, 0x00, 0x5d, 0xc2, 0x4c, 0x37, 0x05, 0x00, 0x61, 0x00, 0x5d,
    0xfe, 0x4d, 0x37, 0x05, 0x00, 0x6d, 0x00, 0x5d, 0x11, 0x04, 0x44, 0x82, 0x00, 0x40, 0x00, 0x00, 0x8e, 0x4e, 0x37, 0x05, 0x80, 0x41, 0x00, 0x5d,
    0x8f, 0x4f, 0x37, 0x05, 0x80, 0x2b, 0x00, 0x5d, 0xb6, 0x48, 0x47, 0x04, 0x00, 0x5b, 0x00, 0x5d, 0x9d, 0x87, 0x00, 0x02, 0x40, 0xc4, 0x1c, 0x00,
    0x50, 0x80, 0x07, 0x00, 0x03, 0x10, 0x4e, 0xef, 0x9e, 0x48, 0x57, 0x04, 0x00, 0x4f, 0x00, 0x5d, 0x54, 0xf2, 0x07, 0x10, 0x07, 0x10, 0x4e, 0xef,
    0x21, 0x00, 0x20, 0x02, 0x80, 0xc4, 0x08, 0x08, 0x79, 0x48, 0x67, 0x04, 0x80, 0x3c, 0x00, 0x5d, 0x96, 0x48, 0x77, 0x04, 0x00, 0x4b, 0x00, 0x5d,
    0x82, 0x49, 0x47, 0x04, 0x00, 0x41, 0x00, 0x5d, 0x11, 0x0a, 0x26, 0x42, 0x40, 0x44, 0x08, 0x00, 0x48, 0x49, 0x57, 0x04, 0x00, 0x56, 0x00, 0x5d,
    0xe8, 0x49, 0x67, 0x04, 0x00, 0x58, 0x00, 0x5d, 0xb4, 0x49, 0x77, 0x04, 0x00, 0x5a, 0x00, 0x5d, 0x01, 0x00, 0x20, 0x42, 0xc4, 0x44, 0x00, 0x10,
    0xf8, 0x4a, 0x57, 0x04, 0x00, 0x76, 0x00, 0x5d, 0x49, 0x4a, 0x47, 0x04, 0x00, 0x67, 0x00, 0x5d, 0xfc, 0x4a, 0x67, 0x04, 0x80, 0x7d, 0x00, 0x5d,
    0x11, 0x00, 0x26, 0x02, 0x40, 0x44, 0x00, 0x00, 0x95, 0x4b, 0x47, 0x04, 0x00, 0x63, 0x00, 0x5d, 0xda, 0x4b, 0x57, 0x04, 0x00, 0x6c, 0x00, 0x5d,
    0x83, 0x4b, 0x67, 0x04, 0x80, 0x7b, 0x00, 0x5d, 0x21, 0x22, 0x20, 0x02, 0x81, 0x44, 0x00, 0x10, 0xce, 0x4d, 0x47, 0x04, 0x00, 0x3d, 0x00, 0x5d,
    0x4a, 0x4a, 0x77, 0x04, 0x00, 0x6e, 0x00, 0x5d, 0x4b, 0x4b, 0x77, 0x04, 0x00, 0x68, 0x00, 0x5d, 0x11, 0x00, 0x22, 0x02, 0x40, 0x44, 0x00, 0x08,
    0x99, 0x4c, 0x47, 0x04, 0x00, 0x55, 0x00, 0x5d, 0xde, 0x4c, 0x57, 0x04, 0x00, 0x53, 0x00, 0x5d, 0x9d, 0x4c, 0x67, 0x04, 0x00, 0x60, 0x00, 0x5d,
    0x01, 0x00, 0x20, 0x02, 0xc0, 0x44, 0x00, 0x18, 0xe2, 0x4c, 0x77, 0x04, 0x00, 0x51, 0x00, 0x5d, 0xd2, 0x4d, 0x57, 0x04, 0x80, 0x48, 0x00, 0x5d,
    0xf0, 0x4d, 0x67, 0x04, 0x00, 0x52, 0x00, 0x5d, 0x11, 0x00, 0x20, 0x02, 0x40, 0xc4, 0x01, 0x09, 0xd6, 0x4d, 0x77, 0x04, 0x00, 0x7d, 0x00, 0x5d,
    0xac, 0x4e, 0x47, 0x04, 0x80, 0x46, 0x00, 0x5d, 0x90, 0x4e, 0x57, 0x04, 0x00, 0x48, 0x00, 0x5d, 0x01, 0x00, 0x20, 0x02, 0x80, 0x44, 0x81, 0x08,
    0x92, 0x4e, 0x67, 0x04, 0x00, 0x49, 0x00, 0x5d, 0x98, 0x4e, 0x77, 0x04, 0x00, 0x4c, 0x00, 0x5d, 0x7a, 0x4f, 0x47, 0x04, 0x00, 0x3f, 0x00, 0x5d,
    0x11, 0x00, 0x22, 0x02, 0x40, 0x48, 0x00, 0x00, 0xa8, 0x4f, 0x57, 0x04, 0x00, 0x6a, 0x00, 0x5d, 0xe0, 0x4f, 0x67, 0x04, 0x00, 0x70, 0x00, 0x5d,
    0xb0, 0x4f, 0x77, 0x04, 0x00, 0x5f, 0x00, 0x5d, 0x30, 0x84, 0xa0, 0xe3, 0x01, 0x40, 0x44, 0x00, 0xfb, 0x50, 0xa7, 0x05, 0x00, 0x65, 0x00, 0x5d,
    0x44, 0x80, 0x07, 0x10, 0x03, 0x10, 0x4e, 0xef, 0xd0, 0x50, 0x67, 0x05, 0x80, 0x3c, 0x00, 0x5d, 0xf1, 0x07, 0x20, 0x20, 0x00, 0x44, 0x04, 0x08,
    0x4c, 0xf2, 0x07, 0x20, 0x07, 0x10, 0x4e, 0xef, 0xa0, 0x51, 0x97, 0x05, 0x00, 0x62, 0x00, 0x5d, 0xbe, 0x51, 0x57, 0x05, 0x00, 0x24, 0x00, 0x5d,
    0x11, 0x01, 0x22, 0x82, 0x50, 0xc4, 0x50, 0x10, 0xd8, 0x51, 0x67, 0x05, 0x00, 0x74, 0x00, 0x5d, 0xca, 0x52, 0x47, 0x05, 0x80, 0x24, 0x00, 0x5d,
    0xc4, 0x52, 0x77, 0x05, 0x00, 0x25, 0x00, 0x5d, 0x12, 0x04, 0x00, 0x02, 0x00, 0x44, 0x1e, 0x02, 0x79, 0x53, 0x77, 0x05, 0x80, 0x25, 0x00, 0x5d,
    0xa6, 0x50, 0x87, 0x05, 0x00, 0x5d, 0x00, 0x5d, 0x48, 0x80, 0x07, 0x20, 0x03, 0x10, 0x4e, 0xef, 0x01, 0x00, 0x20, 0x02, 0x00, 0x44, 0x00, 0x18,
    0xd4, 0x51, 0xb7, 0x05, 0x00, 0x72, 0x00, 0x5d, 0xdc, 0x51, 0x77, 0x05, 0x00, 0x5a, 0x00, 0x5d, 0xe8, 0x52, 0x97, 0x05, 0x00, 0x5e, 0x00, 0x5d,
    0x11, 0x00, 0x24, 0x02, 0x40, 0x44, 0x00, 0x08, 0xec, 0x52, 0xb7, 0x05, 0x80, 0x40, 0x00, 0x5d, 0xb2, 0x50, 0x97, 0x05, 0x00, 0x59, 0x00, 0x5d,
    0x7d, 0x50, 0xb7, 0x05, 0x80, 0x3e, 0x00, 0x5d, 0x01, 0x00, 0x20, 0x02, 0x40, 0x44, 0x00, 0x00, 0xb6, 0x50, 0x47, 0x05, 0x00, 0x5b, 0x00, 0x5d,
    0xc6, 0x50, 0x57, 0x05, 0x00, 0x4f, 0x00, 0x5d, 0x7f, 0x50, 0x77, 0x05, 0x00, 0x4b, 0x00, 0x5d, 0x11, 0x00, 0x26, 0x26, 0x40, 0x44, 0x24, 0x00,
    0x91, 0x51, 0x87, 0x05, 0x80, 0x7e, 0x00, 0x5d, 0xf7, 0x51, 0xa7, 0x05, 0x00, 0x7a, 0x00, 0x5d, 0xba, 0x51, 0x47, 0x05, 0x00, 0x41, 0x00, 0x5d,
    0x81, 0x01, 0x20, 0x22, 0xc0, 0x44, 0x04, 0x08, 0xe4, 0x52, 0x87, 0x05, 0x00, 0x4a, 0x00, 0x5d, 0x7b, 0x52, 0xa7, 0x05, 0x80, 0x3d, 0x00, 0x5d,
    0x81, 0x52, 0x57, 0x05, 0x00, 0x7c, 0x00, 0x5d, 0x11, 0x01, 0x20, 0x22, 0x40, 0x44, 0x04, 0x08, 0xc0, 0x52, 0x67, 0x05, 0x00, 0x7e, 0x00, 0x5d,
    0xaa, 0x53, 0x87, 0x05, 0x80, 0x73, 0x00, 0x5d, 0xc8, 0x53, 0x97, 0x05, 0x00, 0x64, 0x00, 0x5d, 0x01, 0x01, 0x20, 0x22, 0x40, 0x44, 0x04, 0x18,
    0xcc, 0x53, 0xa7, 0x05, 0x00, 0x66, 0x00, 0x5d, 0xae, 0x53, 0xb7, 0x05, 0x00, 0x57, 0x00, 0x5d, 0xa2, 0x53, 0x47, 0x05, 0x80, 0x4a, 0x00, 0x5d,
    0x11, 0x01, 0x42, 0x22, 0x00, 0x40, 0x00, 0x00, 0xbc, 0x53, 0x57, 0x05, 0x00, 0x6d, 0x00, 0x5d, 0xb4, 0x53, 0x67, 0x05, 0x80, 0x41, 0x00, 0x5d,
    0x96, 0x44, 0x87, 0x05, 0x80, 0x7c, 0x00, 0x5d, 0x31, 0x17, 0x20, 0x00, 0x00, 0x44, 0x00, 0x08, 0x50, 0xf2, 0x07, 0x30, 0x07, 0x10, 0x4e, 0xef,
    0xe7, 0x46, 0x47, 0x05, 0x00, 0x56, 0x00, 0x5d, 0x9a, 0x44, 0x97, 0x05, 0x00, 0x4d, 0x00, 0x5d, 0x11, 0x00, 0x22, 0x02, 0x40, 0x44, 0x00, 0x08,
    0xb8, 0x44, 0xa7, 0x05, 0x00, 0x5c, 0x00, 0x5d, 0x9e, 0x44, 0xb7, 0x05, 0x00, 0x61, 0x00, 0x5d, 0x82, 0x44, 0x47, 0x05, 0x80, 0x4c, 0x00, 0x5d,
    0x11, 0x00, 0x22, 0x00, 0x00, 0x44, 0x00, 0x00, 0x7e, 0x44, 0x57, 0x05, 0x00, 0x6f, 0x00, 0x5d, 0xa4, 0x44, 0x67, 0x05, 0x80, 0x4e, 0x00, 0x5d,
    0xfd, 0x44, 0x77, 0x05, 0x00, 0x71, 0x00, 0x5d, 0x11, 0x00, 0x22, 0x02, 0x40, 0x44, 0x00, 0x08, 0x93, 0x45, 0x87, 0x05, 0x80, 0x49, 0x00, 0x5d,
    0x9c, 0x45, 0x97, 0x05, 0x00, 0x4e, 0x00, 0x5d, 0xf3, 0x45, 0xa7, 0x05, 0x80, 0x79, 0x00, 0x5d, 0x11, 0x00, 0x22, 0x00, 0x00, 0x44, 0x00, 0x08,
    0xfe, 0x45, 0xb7, 0x05, 0x00, 0x7f, 0x00, 0x5d, 0x8d, 0x45, 0x47, 0x05, 0x00, 0x67, 0x00, 0x5d, 0xfa, 0x45, 0x57, 0x05, 0x00, 0x69, 0x00, 0x5d,
    0x31, 0x01, 0x22, 0x22, 0x01, 0x44, 0x00, 0x08, 0x94, 0x45, 0x67, 0x05, 0x00, 0x78, 0x00, 0x5d, 0xf9, 0x45, 0x77, 0x05, 0x00, 0x6b, 0x00, 0x5d,
    0x5e, 0x46, 0x87, 0x05, 0x00, 0x2f, 0x00, 0x5d, 0x11, 0x00, 0x22, 0x00, 0x00, 0x44, 0x00, 0x08, 0xef, 0x46, 0x97, 0x05, 0x80, 0x77, 0x00, 0x5d,
    0x8c, 0x46, 0xa7, 0x05, 0x00, 0x46, 0x00, 0x5d, 0x8e, 0x46, 0xb7, 0x05, 0x00, 0x47, 0x00, 0x5d, 0x71, 0x41, 0x22, 0x22, 0x40, 0x44, 0x04, 0x00,
    0x90, 0x46, 0x57, 0x05, 0x00, 0x48, 0x00, 0x5d, 0x92, 0x46, 0x67, 0x05, 0x00, 0x49, 0x00, 0x5d, 0x98, 0x46, 0x77, 0x05, 0x00, 0x4c, 0x00, 0x5d,
    0x11, 0x00, 0x22, 0x00, 0x00, 0x44, 0x00, 0x08, 0x5f, 0x47, 0x87, 0x05, 0x80, 0x2f, 0x00, 0x5d, 0x5c, 0x47, 0x97, 0x05, 0x00, 0x2e, 0x00, 0x5d,
    0x78, 0x47, 0xa7, 0x05, 0x00, 0x3c, 0x00, 0x5d, 0x12, 0x00, 0x02, 0x2a, 0x44, 0xc4, 0x3f, 0x00, 0x8f, 0x47, 0xb7, 0x05, 0x80, 0x47, 0x00, 0x5d,
    0x7a, 0x47, 0x47, 0x05, 0x00, 0x3d, 0x00, 0x5d, 0x58, 0xf2, 0x07, 0x50, 0x07, 0x10, 0x4e, 0xef, 0x11, 0x01, 0x22, 0x82, 0x40, 0x08, 0x04, 0x00,
    0xa8, 0x47, 0x57, 0x05, 0x00, 0x54, 0x00, 0x5d, 0xac, 0x47, 0x67, 0x05, 0x00, 0x70, 0x00, 0x5d, 0xb0, 0x47, 0x77, 0x05, 0x00, 0x58, 0x00, 0x5d,
    0x10, 0x84, 0xa0, 0xe7, 0x02, 0x40, 0x00, 0x18, 0xe0, 0x4a, 0xc7, 0x04, 0x00, 0x72, 0x00, 0x5d, 0x44, 0x80, 0x07, 0x30, 0x03, 0x10, 0x4e, 0xef,
    0xc2, 0x48, 0xd7, 0x04, 0x00, 0x59, 0x00, 0x5d, 0xf1, 0x07, 0x20, 0x86, 0x50, 0x44, 0x20, 0x08, 0x54, 0xf2, 0x07, 0x40, 0x07, 0x10, 0x4e, 0xef,
    0xe4, 0x4a, 0xd7, 0x04, 0x00, 0x74, 0x00, 0x5d, 0xb2, 0x48, 0x17, 0x05, 0x00, 0x63, 0x00, 0x5d, 0x11, 0x84, 0x20, 0x00, 0x00, 0x44, 0x00, 0x08,
    0xe8, 0x4a, 0xe7, 0x04, 0x80, 0x3d, 0x00, 0x5d, 0xa6, 0x48, 0xc7, 0x04, 0x00, 0x53, 0x00, 0x5d, 0xfb, 0x48, 0xe7, 0x04, 0x80, 0x7d, 0x00, 0x5d,
    0x11, 0x00, 0x22, 0x02, 0x40, 0xc4, 0x04, 0x08, 0x7d, 0x48, 0xf7, 0x04, 0x80, 0x3e, 0x00, 0x5d, 0xb6, 0x48, 0x07, 0x05, 0x00, 0x5b, 0x00, 0x5d,
    0xd0, 0x48, 0x27, 0x05, 0x00, 0x68, 0x00, 0x5d, 0x11, 0x08, 0x20, 0x00, 0x00, 0x44, 0x00, 0x08, 0xc6, 0x48, 0x37, 0x05, 0x80, 0x3f, 0x00, 0x5d,
    0x91, 0x49, 0xc7, 0x04, 0x80, 0x48, 0x00, 0x5d, 0xa0, 0x49, 0xd7, 0x04, 0x00, 0x50, 0x00, 0x5d, 0x11, 0x00, 0x22, 0x02, 0x40, 0x44, 0x00, 0x08,
    0xf7, 0x49, 0xe7, 0x04, 0x80, 0x7b, 0x00, 0x5d, 0xd4, 0x49, 0xf7, 0x04, 0x00, 0x6a, 0x00, 0x5d, 0xba, 0x49, 0x07, 0x05, 0x00, 0x5d, 0x00, 0x5d,
    0x11, 0x00, 0x22, 0x00, 0x00, 0x44, 0x00, 0x10, 0xbe, 0x49, 0x17, 0x05, 0x00, 0x5f, 0x00, 0x5d, 0xd8, 0x49, 0x27, 0x05, 0x00, 0x6c, 0x00, 0x5d,
    0xdc, 0x49, 0x37, 0x05, 0x00, 0x6e, 0x00, 0x5d, 0x11, 0x00, 0x22, 0x02, 0x40, 0x44, 0x02, 0x0a, 0xec, 0x4a, 0xf7, 0x04, 0x00, 0x76, 0x00, 0x5d,
    0xca, 0x4a, 0x07, 0x05, 0x00, 0x65, 0x00, 0x5d, 0x7b, 0x4a, 0x17, 0x05, 0x80, 0x40, 0x00, 0x5d, 0x11, 0x00, 0x22, 0x00, 0x00, 0x44, 0x00, 0x08,
    0xc0, 0x4a, 0x27, 0x05, 0x00, 0x60, 0x00, 0x5d, 0xc4, 0x4a, 0x37, 0x05, 0x00, 0x62, 0x00, 0x5d, 0xaa, 0x4b, 0xc7, 0x04, 0x00, 0x55, 0x00, 0x5d,
    0x11, 0x00, 0x22, 0x02, 0x40, 0x44, 0x00, 0x08, 0xc8, 0x4b, 0xd7, 0x04, 0x00, 0x64, 0x00, 0x5d, 0xcc, 0x4b, 0xe7, 0x04, 0x00, 0x66, 0x00, 0x5d,
    0xae, 0x4b, 0xf7, 0x04, 0x00, 0x57, 0x00, 0x5d, 0x11, 0x00, 0x22, 0x00, 0x00, 0x44, 0x00, 0x08, 0xa2, 0x4b, 0x07, 0x05, 0x00, 0x51, 0x00, 0x5d,
    0xbc, 0x4b, 0x17, 0x05, 0x00, 0x5e, 0x00, 0x5d, 0xb4, 0x4b, 0x27, 0x05, 0x00, 0x5a, 0x00, 0x5d, 0x12, 0x00, 0x00, 0x26, 0x42, 0x44, 0x3c, 0x00,
    0x79, 0x4b, 0x37, 0x05, 0x80, 0x3c, 0x00, 0x5d, 0x96, 0x44, 0xc7, 0x04, 0x00, 0x4b, 0x00, 0x5d, 0x48, 0x80, 0x07, 0x40, 0x03, 0x10, 0x4e, 0xef,
    0x11, 0x01, 0x22, 0x22, 0x40, 0x04, 0x04, 0x00, 0x9a, 0x44, 0xd7, 0x04, 0x00, 0x4d, 0x00, 0x5d, 0xb8, 0x44, 0xe7, 0x04, 0x00, 0x5c, 0x00, 0x5d,
    0x9e, 0x44, 0xf7, 0x04, 0x00, 0x4f, 0x00, 0x5d, 0x11, 0x00, 0x22, 0x02, 0x40, 0x44, 0x00, 0x08, 0x82, 0x44, 0x07, 0x05, 0x00, 0x41, 0x00, 0x5d,
    0x7e, 0x44, 0x17, 0x05, 0x00, 0x3f, 0x00, 0x5d, 0xa4, 0x44, 0x27, 0x05, 0x00, 0x52, 0x00, 0x5d, 0x11, 0x00, 0x20, 0x22, 0x40, 0x04, 0x04, 0x00,
    0xfd, 0x44, 0x37, 0x05, 0x80, 0x7e, 0x00, 0x5d, 0x93, 0x45, 0xc7, 0x04, 0x80, 0x49, 0x00, 0x5d, 0x9c, 0x45, 0xd7, 0x04, 0x00, 0x4e, 0x00, 0x5d,
    0x11, 0x01, 0x22, 0x22, 0x40, 0x44, 0x00, 0x08, 0xf3, 0x45, 0xe7, 0x04, 0x80, 0x79, 0x00, 0x5d, 0xfe, 0x45, 0xf7, 0x04, 0x00, 0x7f, 0x00, 0x5d,
    0x8d, 0x45, 0x07, 0x05, 0x80, 0x46, 0x00, 0x5d, 0x11, 0x00, 0x22, 0x02, 0x40, 0x04, 0x00, 0x00, 0xfa, 0x45, 0x17, 0x05, 0x00, 0x7d, 0x00, 0x5d,
    0x94, 0x45, 0x27, 0x05, 0x00, 0x4a, 0x00, 0x5d, 0xf9, 0x45, 0x37, 0x05, 0x80, 0x7c, 0x00, 0x5d, 0x11, 0x01, 0x22, 0x22, 0x40, 0x44, 0x04, 0x08,
    0x5e, 0x46, 0xc7, 0x04, 0x00, 0x2f, 0x00, 0x5d, 0xef, 0x46, 0xd7, 0x04, 0x80, 0x77, 0x00, 0x5d, 0x8c, 0x46, 0xe7, 0x04, 0x00, 0x46, 0x00, 0x5d,
    0x11, 0x01, 0x22, 0x02, 0x40, 0x04, 0x0c, 0x01, 0x8e, 0x46, 0xf7, 0x04, 0x00, 0x47, 0x00, 0x5d, 0xe7, 0x46, 0x07, 0x05, 0x80, 0x73, 0x00, 0x5d,
    0x90, 0x46, 0x17, 0x05, 0x00, 0x48, 0x00, 0x5d, 0x11, 0x03, 0x22, 0x62, 0x00, 0x44, 0x04, 0x08, 0x92, 0x46, 0x27, 0x05, 0x00, 0x49, 0x00, 0x5d,
    0x98, 0x46, 0x37, 0x05, 0x00, 0x4c, 0x00, 0x5d, 0x5f, 0x47, 0xc7, 0x04, 0x80, 0x2f, 0x00, 0x5d, 0x11, 0x01, 0x22, 0x22, 0x40, 0x08, 0x04, 0x00,
    0x5c, 0x47, 0xd7, 0x04, 0x00, 0x2e, 0x00, 0x5d, 0x78, 0x47, 0xe7, 0x04, 0x00, 0x3c, 0x00, 0x5d, 0x8f, 0x47, 0xf7, 0x04, 0x80, 0x47, 0x00, 0x5d,
    0x50, 0x23, 0x22, 0xfe, 0x02, 0xc4, 0x0c, 0x08, 0x7a, 0x47, 0x07, 0x05, 0x00, 0x3d, 0x00, 0x5d, 0x4c, 0x80, 0x07, 0x70, 0x03, 0x10, 0x4e, 0xef,
    0xa8, 0x47, 0x17, 0x05, 0x00, 0x54, 0x00, 0x5d, 0x11, 0x03, 0x42, 0x62, 0x00, 0x40, 0x20, 0x00, 0xac, 0x47, 0x27, 0x05, 0x00, 0x56, 0x00, 0x5d,
    0xb0, 0x47, 0x37, 0x05, 0x00, 0x58, 0x00, 0x5d, 0xa6, 0x48, 0x47, 0x05, 0x00, 0x53, 0x00, 0x5d, 0x7d, 0x47, 0x00, 0x02, 0x40, 0xc4, 0x1f, 0x00,
    0x44, 0x80, 0x07, 0x50, 0x03, 0x10, 0x4e, 0xef, 0xc2, 0x48, 0x57, 0x05, 0x00, 0x61, 0x00, 0x5d, 0x50, 0x80, 0x07, 0x60, 0x03, 0x10, 0x4e, 0xef,
    0x01, 0x00, 0x20, 0x02, 0x40, 0x44, 0x00, 0x08, 0xfb, 0x48, 0x67, 0x05, 0x80, 0x7d, 0x00, 0x5d, 0x7d, 0x48, 0x77, 0x05, 0x80, 0x3e, 0x00, 0x5d,
    0xb6, 0x48, 0x87, 0x05, 0x00, 0x5b, 0x00, 0x5d, 0x11, 0x00, 0x22, 0x02, 0x40, 0x44, 0x00, 0x00, 0xb2, 0x48, 0x97, 0x05, 0x00, 0x59, 0x00, 0x5d,
    0xd0, 0x48, 0xa7, 0x05, 0x00, 0x68, 0x00, 0x5d, 0xc6, 0x48, 0xb7, 0x05, 0x00, 0x63, 0x00, 0x5d, 0x01, 0x00, 0x20, 0x02, 0x40, 0x44, 0x00, 0x08,
    0xce, 0x49, 0x47, 0x05, 0x80, 0x48, 0x00, 0x5d, 0xa0, 0x49, 0x57, 0x05, 0x00, 0x50, 0x00, 0x5d, 0xf7, 0x49, 0x67, 0x05, 0x80, 0x7b, 0x00, 0x5d,
    0x11, 0x00, 0x22, 0x02, 0x40, 0x44, 0x00, 0x08, 0xd4, 0x49, 0x77, 0x05, 0x00, 0x6a, 0x00, 0x5d, 0xba, 0x49, 0x87, 0x05, 0x00, 0x5d, 0x00, 0x5d,
    0xbe, 0x49, 0x97, 0x05, 0x00, 0x5f, 0x00, 0x5d, 0x01, 0x00, 0x20, 0x02, 0x00, 0x44, 0x00, 0x08, 0xd8, 0x49, 0xa7, 0x05, 0x00, 0x6c, 0x00, 0x5d,
    0xdc, 0x49, 0xb7, 0x05, 0x00, 0x6e, 0x00, 0x5d, 0xd2, 0x4a, 0x47, 0x05, 0x00, 0x70, 0x00, 0x5d, 0x11, 0x00, 0x22, 0x02, 0x40, 0x44, 0x00, 0x08,
    0xe4, 0x4a, 0x57, 0x05, 0x00, 0x72, 0x00, 0x5d, 0xe8, 0x4a, 0x67, 0x05, 0x00, 0x74, 0x00, 0x5d, 0xec, 0x4a, 0x77, 0x05, 0x00, 0x76, 0x00, 0x5d,
    0x01, 0x00, 0x20, 0x12, 0x50, 0x44, 0x00, 0x08, 0xca, 0x4a, 0x87, 0x05, 0x00, 0x65, 0x00, 0x5d, 0x7b, 0x4a, 0x97, 0x05, 0x80, 0x3d, 0x00, 0x5d,
    0xc0, 0x4a, 0xa7, 0x05, 0x00, 0x60, 0x00, 0x5d, 0x11, 0x00, 0x20, 0x02, 0x40, 0x44, 0x00, 0x08, 0xc4, 0x4a, 0xb7, 0x05, 0x00, 0x62, 0x00, 0x5d,
    0x7f, 0x4b, 0x47, 0x05, 0x00, 0x55, 0x00, 0x5d, 0x81, 0x4b, 0x57, 0x05, 0x00, 0x64, 0x00, 0x5d, 0x01, 0x00, 0x20, 0x02, 0x40, 0x44, 0x00, 0x08,
    0xcc, 0x4b, 0x67, 0x05, 0x00, 0x66, 0x00, 0x5d, 0xae, 0x4b, 0x77, 0x05, 0x00, 0x57, 0x00, 0x5d, 0xa2, 0x4b, 0x87, 0x05, 0x00, 0x51, 0x00, 0x5d,
    0x11, 0x00, 0x22, 0x02, 0x40, 0x48, 0x00, 0x00, 0xbc, 0x4b, 0x97, 0x05, 0x00, 0x5e, 0x00, 0x5d, 0xb4, 0x4b, 0xa7, 0x05, 0x00, 0x5a, 0x00, 0x5d,
    0x79, 0x4b, 0xb7, 0x05, 0x80, 0x3c, 0x00, 0x5d, 0x30, 0x43, 0x20, 0xe2, 0x01, 0x04, 0x04, 0x00, 0xf8, 0x45, 0x67, 0x05, 0x80, 0x79, 0x00, 0x5d,
    0x48, 0xf2, 0x07, 0x60, 0x07, 0x10, 0x4e, 0xef, 0xd6, 0x44, 0x47, 0x05, 0x00, 0x4b, 0x00, 0x5d, 0x11, 0x02, 0x26, 0x22, 0x40, 0x44, 0x00, 0x10,
    0x95, 0x44, 0x57, 0x05, 0x00, 0x4d, 0x00, 0x5d, 0xf0, 0x44, 0x67, 0x05, 0x00, 0x5c, 0x00, 0x5d, 0x9e, 0x44, 0x77, 0x05, 0x00, 0x4f, 0x00, 0x5d,
    0x11, 0x01, 0x22, 0x22, 0x40, 0x04, 0x0c, 0x01, 0xf4, 0x45, 0x57, 0x05, 0x00, 0x4e, 0x00, 0x5d, 0xda, 0x45, 0x77, 0x05, 0x00, 0x7f, 0x00, 0x5d,
    0xf3, 0x45, 0xa7, 0x05, 0x00, 0x4a, 0x00, 0x5d, 0x11, 0x00, 0x20, 0x02, 0x40, 0x44, 0x00, 0x08, 0xfc, 0x46, 0x77, 0x05, 0x00, 0x47, 0x00, 0x5d,
    0x82, 0x44, 0x87, 0x05, 0x00, 0x41, 0x00, 0x5d, 0x91, 0x44, 0x97, 0x05, 0x00, 0x3f, 0x00, 0x5d, 0x11, 0x00, 0x22, 0x02, 0x00, 0x04, 0x00, 0x00,
    0xa4, 0x44, 0xa7, 0x05, 0x00, 0x52, 0x00, 0x5d, 0xfd, 0x44, 0xb7, 0x05, 0x80, 0x7e, 0x00, 0x5d, 0x93, 0x45, 0x47, 0x05, 0x80, 0x49, 0x00, 0x5d,
    0x11, 0x11, 0x22, 0x22, 0x40, 0x44, 0x04, 0x00, 0xfe, 0x45, 0x87, 0x05, 0x80, 0x46, 0x00, 0x5d, 0x9c, 0x45, 0x97, 0x05, 0x00, 0x7d, 0x00, 0x5d,
    0x96, 0x45, 0xb7, 0x05, 0x80, 0x7c, 0x00, 0x5d, 0x11, 0x01, 0x22, 0x2e, 0x48, 0x04, 0x04, 0x00, 0x5e, 0x46, 0x47, 0x05, 0x00, 0x2f, 0x00, 0x5d,
    0x94, 0x46, 0x57, 0x05, 0x80, 0x77, 0x00, 0x5d, 0x8c, 0x46, 0x67, 0x05, 0x00, 0x46, 0x00, 0x5d, 0x11, 0x01, 0x22, 0x22, 0x40, 0x44, 0x04, 0x08,
    0xb8, 0x46, 0x87, 0x05, 0x80, 0x73, 0x00, 0x5d, 0x90, 0x46, 0x97, 0x05, 0x00, 0x48, 0x00, 0x5d, 0x92, 0x46, 0xa7, 0x05, 0x00, 0x49, 0x00, 0x5d,
    0x11, 0x01, 0x20, 0x22, 0x40, 0x04, 0x04, 0x00, 0xc8, 0x46, 0xb7, 0x05, 0x00, 0x4c, 0x00, 0x5d, 0x5f, 0x47, 0x47, 0x05, 0x80, 0x2f, 0x00, 0x5d,
    0x5c, 0x47, 0x57, 0x05, 0x00, 0x2e, 0x00, 0x5d, 0x31, 0x01, 0x22, 0x02, 0x41, 0x44, 0x85, 0x08, 0x78, 0x47, 0x67, 0x05, 0x00, 0x3c, 0x00, 0x5d,
    0x57, 0x47, 0x77, 0x05, 0x80, 0x47, 0x00, 0x5d, 0x9a, 0x47, 0x87, 0x05, 0x00, 0x3d, 0x00, 0x5d, 0x11, 0x01, 0x22, 0x22, 0x40, 0x08, 0x04, 0x00,
    0xaa, 0x47, 0x97, 0x05, 0x00, 0x54, 0x00, 0x5d, 0xac, 0x47, 0xa7, 0x05, 0x00, 0x56, 0x00, 0x5d, 0xe0, 0x47, 0xb7, 0x05, 0x00, 0x58, 0x00, 0x5d,
    0x10, 0x08, 0xa0, 0x27, 0x02, 0xc0, 0x0c, 0x11, 0x8f, 0x51, 0x87, 0x04, 0x00, 0x67, 0x00, 0x5d, 0x44, 0xf2, 0x07, 0x70, 0x07, 0x10, 0x4e, 0xef,
    0x80, 0x4e, 0x97, 0x04, 0x00, 0x4a, 0x00, 0x5d, 0xf1, 0x07, 0x20, 0x02, 0x01, 0x44, 0x00, 0x10, 0x58, 0xe3, 0x07, 0x80, 0x07, 0x10, 0x4e, 0xef,
    0xce, 0x50, 0xa7, 0x04, 0x80, 0x7d, 0x00, 0x5d, 0xef, 0x52, 0x87, 0x04, 0x00, 0x69, 0x00, 0x5d, 0x11, 0x00, 0x22, 0x24, 0x00, 0x44, 0x20, 0x10,
    0xf9, 0x4d, 0x87, 0x04, 0x80, 0x49, 0x00, 0x5d, 0xe7, 0x4d, 0x97, 0x04, 0x00, 0x7a, 0x00, 0x5d, 0xfb, 0x51, 0xa7, 0x04, 0x80, 0x7b, 0x00, 0x5d,
    0x11, 0x43, 0x22, 0x02, 0x80, 0x44, 0x00, 0x10, 0x94, 0x4e, 0xa7, 0x04, 0x00, 0x46, 0x00, 0x5d, 0xa6, 0x50, 0x87, 0x04, 0x00, 0x53, 0x00, 0x5d,
    0xfa, 0x53, 0x87, 0x04, 0x80, 0x3f, 0x00, 0x5d, 0x11, 0x00, 0x24, 0x00, 0x00, 0x44, 0x00, 0x00, 0x7e, 0x4c, 0x87, 0x04, 0x00, 0x6b, 0x00, 0x5d,
    0x5e, 0x4e, 0x87, 0x04, 0x00, 0x2f, 0x00, 0x5d, 0x5f, 0x4f, 0x87, 0x04, 0x80, 0x2f, 0x00, 0x5d, 0x11, 0x00, 0x24, 0x02, 0x80, 0x44, 0x00, 0x10,
    0xc2, 0x50, 0x97, 0x04, 0x00, 0x61, 0x00, 0x5d, 0xa0, 0x51, 0x97, 0x04, 0x00, 0x50, 0x00, 0x5d, 0xe4, 0x52, 0x97, 0x04, 0x00, 0x72, 0x00, 0x5d,
    0x11, 0x00, 0x24, 0x00, 0x00, 0x44, 0x00, 0x08, 0x8e, 0x53, 0x97, 0x04, 0x80, 0x40, 0x00, 0x5d, 0x8d, 0x4c, 0x97, 0x04, 0x80, 0x4a, 0x00, 0x5d,
    0x5c, 0x4f, 0x97, 0x04, 0x00, 0x2e, 0x00, 0x5d, 0x11, 0x00, 0x24, 0x02, 0x80, 0x44, 0x00, 0x10, 0xe8, 0x52, 0xa7, 0x04, 0x00, 0x74, 0x00, 0x5d,
    0xcc, 0x53, 0xa7, 0x04, 0x00, 0x66, 0x00, 0x5d, 0xa8, 0x4c, 0xa7, 0x04, 0x00, 0x78, 0x00, 0x5d, 0x11, 0x00, 0x24, 0x00, 0x00, 0x44, 0x00, 0x10,
    0x98, 0x4d, 0xa7, 0x04, 0x00, 0x7c, 0x00, 0x5d, 0x78, 0x4f, 0xa7, 0x04, 0x00, 0x3c, 0x00, 0x5d, 0xd2, 0x50, 0xb7, 0x04, 0x80, 0x3e, 0x00, 0x5d,
    0x11, 0x00, 0x24, 0x26, 0x82, 0x44, 0x20, 0x10, 0xd4, 0x51, 0xb7, 0x04, 0x00, 0x6a, 0x00, 0x5d, 0xf4, 0x52, 0xb7, 0x04, 0x00, 0x76, 0x00, 0x5d,
    0xf7, 0x53, 0xb7, 0x04, 0x00, 0x57, 0x00, 0x5d, 0x11, 0x01, 0x24, 0x20, 0x00, 0xc4, 0x05, 0x11, 0x7a, 0x4c, 0xb7, 0x04, 0x00, 0x4f, 0x00, 0x5d,
    0x93, 0x4d, 0xb7, 0x04, 0x00, 0x6d, 0x00, 0x5d, 0x8c, 0x4e, 0xb7, 0x04, 0x00, 0x7e, 0x00, 0x5d, 0x12, 0x01, 0x00, 0x02, 0x01, 0xf4, 0x5c, 0x00,
    0xf2, 0x4f, 0xb7, 0x04, 0x80, 0x2b, 0x00, 0x5d, 0xae, 0x50, 0x47, 0x04, 0x00, 0x5b, 0x00, 0x5d, 0x48, 0x7c, 0x07, 0x80, 0x03, 0x10, 0x4e, 0xef,
    0x10, 0x00, 0x22, 0xe6, 0x00, 0x44, 0x00, 0x08, 0xd6, 0x50, 0x57, 0x04, 0x00, 0x59, 0x00, 0x5d, 0x54, 0xe3, 0x07, 0x90, 0x07, 0x10, 0x4e, 0xef,
    0xd0, 0x50, 0x67, 0x04, 0x00, 0x68, 0x00, 0x5d, 0x01, 0x00, 0x20, 0x02, 0xc0, 0x44, 0x00, 0x18, 0xc6, 0x50, 0x77, 0x04, 0x00, 0x63, 0x00, 0x5d,
    0xda, 0x51, 0x47, 0x04, 0x00, 0x5d, 0x00, 0x5d, 0xbe, 0x51, 0x57, 0x04, 0x00, 0x5f, 0x00, 0x5d, 0x11, 0x00, 0x22, 0x02, 0x00, 0x44, 0x00, 0x08,
    0xd8, 0x51, 0x67, 0x04, 0x00, 0x6c, 0x00, 0x5d, 0xdc, 0x51, 0x77, 0x04, 0x00, 0x6e, 0x00, 0x5d, 0xca, 0x52, 0x47, 0x04, 0x00, 0x65, 0x00, 0x5d,
    0x21, 0x84, 0x20, 0x82, 0x81, 0x44, 0x00, 0x08, 0x7b, 0x52, 0x57, 0x04, 0x80, 0x3d, 0x00, 0x5d, 0x50, 0x52, 0x67, 0x04, 0x00, 0x60, 0x00, 0x5d,
    0x51, 0x53, 0x47, 0x04, 0x00, 0x51, 0x00, 0x5d, 0x11, 0x00, 0x22, 0x02, 0x40, 0x44, 0x00, 0x10, 0xf8, 0x53, 0x57, 0x04, 0x00, 0x5e, 0x00, 0x5d,
    0xfc, 0x53, 0x67, 0x04, 0x00, 0x5a, 0x00, 0x5d, 0x79, 0x53, 0x77, 0x04, 0x80, 0x3c, 0x00, 0x5d, 0x01, 0x02, 0x20, 0x86, 0x90, 0x44, 0x30, 0x18,
    0x95, 0x4d, 0x77, 0x04, 0x00, 0x4b, 0x00, 0x5d, 0x52, 0x52, 0x77, 0x04, 0x00, 0x62, 0x00, 0x5d, 0x53, 0x4c, 0x47, 0x04, 0x00, 0x41, 0x00, 0x5d,
    0x11, 0x04, 0x22, 0x82, 0x40, 0x44, 0x10, 0x00, 0x91, 0x4c, 0x57, 0x04, 0x80, 0x48, 0x00, 0x5d, 0x99, 0x4c, 0x67, 0x04, 0x00, 0x52, 0x00, 0x5d,
    0xde, 0x4c, 0x77, 0x04, 0x80, 0x7e, 0x00, 0x5d, 0x01, 0x04, 0x20, 0x82, 0xc0, 0x44, 0x10, 0x10, 0x7f, 0x4d, 0x47, 0x04, 0x00, 0x7f, 0x00, 0x5d,
    0x81, 0x4d, 0x57, 0x04, 0x00, 0x4e, 0x00, 0x5d, 0xf0, 0x4d, 0x67, 0x04, 0x80, 0x79, 0x00, 0x5d, 0x11, 0x04, 0x22, 0x82, 0x40, 0x44, 0x10, 0x08,
    0xb0, 0x4e, 0x47, 0x04, 0x00, 0x5c, 0x00, 0x5d, 0x90, 0x4e, 0x57, 0x04, 0x00, 0x48, 0x00, 0x5d, 0x92, 0x4e, 0x67, 0x04, 0x00, 0x49, 0x00, 0x5d,
    0x01, 0x04, 0x20, 0x8a, 0x44, 0x44, 0x10, 0x08, 0xec, 0x4e, 0x77, 0x04, 0x00, 0x64, 0x00, 0x5d, 0x96, 0x4f, 0x47, 0x04, 0x00, 0x4d, 0x00, 0x5d,
    0xaa, 0x4f, 0x57, 0x04, 0x00, 0x55, 0x00, 0x5d, 0x11, 0x04, 0x42, 0x82, 0x00, 0x40, 0x44, 0x00, 0xb4, 0x4f, 0x67, 0x04, 0x00, 0x56, 0x00, 0x5d,
    0x9e, 0x4f, 0x77, 0x04, 0x00, 0x70, 0x00, 0x5d, 0x7d, 0x48, 0xa7, 0x05, 0x00, 0x67, 0x00, 0x5d, 0x1d, 0x87, 0x00, 0x82, 0x40, 0xc4, 0x1f, 0x00,
    0x44, 0x7c, 0x07, 0x90, 0x03, 0x10, 0x4e, 0xef, 0xba, 0x48, 0x47, 0x05, 0x00, 0x57, 0x00, 0x5d, 0x4c, 0xe3, 0x07, 0xa0, 0x07, 0x10, 0x4e, 0xef,
    0x01, 0x02, 0x20, 0x22, 0x42, 0x44, 0x04, 0x08, 0xb6, 0x48, 0xb7, 0x05, 0x00, 0x69, 0x00, 0x5d, 0xce, 0x48, 0x57, 0x05, 0x00, 0x6b, 0x00, 0x5d,
    0xbc, 0x49, 0xa7, 0x05, 0x80, 0x7d, 0x00, 0x5d, 0x11, 0x01, 0x22, 0x82, 0x10, 0x44, 0x04, 0x08, 0xc8, 0x49, 0xb7, 0x05, 0x00, 0x6a, 0x00, 0x5d,
    0xae, 0x49, 0x77, 0x05, 0x00, 0x6e, 0x00, 0x5d, 0xa2, 0x48, 0x87, 0x05, 0x00, 0x53, 0x00, 0x5d, 0x01, 0x00, 0x20, 0x42, 0xc4, 0x44, 0x44, 0x00,
    0xb2, 0x48, 0x97, 0x05, 0x00, 0x61, 0x00, 0x5d, 0xd2, 0x48, 0x67, 0x05, 0x00, 0x68, 0x00, 0x5d, 0xd6, 0x48, 0x77, 0x05, 0x00, 0x63, 0x00, 0x5d,
    0x11, 0x00, 0x22, 0x02, 0x40, 0x44, 0x00, 0x00, 0xb8, 0x49, 0x97, 0x05, 0x00, 0x50, 0x00, 0x5d, 0xc0, 0x49, 0x57, 0x05, 0x00, 0x5f, 0x00, 0x5d,
    0xc4, 0x49, 0x67, 0x05, 0x00, 0x6c, 0x00, 0x5d, 0x01, 0x00, 0x20, 0x02, 0xc0, 0x44, 0x10, 0x0a, 0xd4, 0x4a, 0xa7, 0x05, 0x00, 0x74, 0x00, 0x5d,
    0xfb, 0x4a, 0x47, 0x05, 0x00, 0x65, 0x00, 0x5d, 0xdc, 0x4a, 0x57, 0x05, 0x80, 0x3d, 0x00, 0x5d, 0x11, 0x00, 0x26, 0x02, 0x00, 0x44, 0x88, 0x08,
    0x9a, 0x49, 0x87, 0x05, 0x80, 0x47, 0x00, 0x5d, 0xa6, 0x49, 0x47, 0x05, 0x00, 0x6d, 0x00, 0x5d, 0xd0, 0x4a, 0x87, 0x05, 0x80, 0x77, 0x00, 0x5d,
    0x21, 0x02, 0x20, 0x42, 0x41, 0x44, 0x08, 0x08, 0xe4, 0x4a, 0x97, 0x05, 0x00, 0x72, 0x00, 0x5d, 0xd8, 0x4a, 0xb7, 0x05, 0x00, 0x7a, 0x00, 0x5d,
    0xe0, 0x4a, 0x67, 0x05, 0x00, 0x28, 0x00, 0x5d, 0x11, 0x02, 0x20, 0x02, 0x40, 0x44, 0x08, 0x08, 0xe8, 0x4a, 0x77, 0x05, 0x00, 0x29, 0x00, 0x5d,
    0xbe, 0x4b, 0x87, 0x05, 0x00, 0x7d, 0x00, 0x5d, 0xc2, 0x4b, 0x97, 0x05, 0x00, 0x47, 0x00, 0x5d, 0x81, 0x82, 0x20, 0x46, 0xc2, 0x44, 0x08, 0x18,
    0x7b, 0x4b, 0xa7, 0x05, 0x00, 0x66, 0x00, 0x5d, 0xc6, 0x4b, 0xb7, 0x05, 0x80, 0x7b, 0x00, 0x5d, 0xca, 0x4b, 0x47, 0x05, 0x80, 0x28, 0x00, 0x5d,
    0x11, 0x02, 0x22, 0x42, 0x40, 0x48, 0x08, 0x00, 0xa4, 0x4b, 0x57, 0x05, 0x00, 0x7c, 0x00, 0x5d, 0xf3, 0x4b, 0x67, 0x05, 0x00, 0x7e, 0x00, 0x5d,
    0xa0, 0x4b, 0x77, 0x05, 0x80, 0x3c, 0x00, 0x5d, 0x10, 0x08, 0x20, 0xfe, 0x04, 0x04, 0x08, 0x00, 0xfa, 0x46, 0x47, 0x05, 0x00, 0x58, 0x00, 0x5d,
    0x48, 0x7c, 0x07, 0xa0, 0x03, 0x10, 0x4e, 0xef, 0x79, 0x44, 0xb7, 0x05, 0x00, 0x3d, 0x00, 0x5d, 0x11, 0x00, 0x24, 0x42, 0x44, 0x44, 0x00, 0x18,
    0x8e, 0x46, 0x57, 0x05, 0x00, 0x48, 0x00, 0x5d, 0x7a, 0x44, 0x57, 0x05, 0x80, 0x48, 0x00, 0x5d, 0x82, 0x44, 0x97, 0x05, 0x80, 0x46, 0x00, 0x5d,
    0x12, 0x00, 0x00, 0x26, 0x40, 0x44, 0x3c, 0x00, 0xfd, 0x44, 0x47, 0x05, 0x80, 0x29, 0x00, 0x5d, 0x8f, 0x45, 0x87, 0x05, 0x80, 0x7c, 0x00, 0x5d,
    0x50, 0xe3, 0x07, 0xb0, 0x07, 0x10, 0x4e, 0xef, 0x01, 0x22, 0x20, 0x22, 0x80, 0x44, 0x00, 0x10, 0x91, 0x45, 0x97, 0x05, 0x80, 0x73, 0x00, 0x5d,
    0x90, 0x46, 0x67, 0x05, 0x00, 0x49, 0x00, 0x5d, 0xb0, 0x47, 0x67, 0x05, 0x00, 0x5a, 0x00, 0x5d, 0x11, 0x00, 0x22, 0x02, 0x40, 0x44, 0x00, 0x08,
    0x7e, 0x44, 0x87, 0x05, 0x00, 0x3f, 0x00, 0x5d, 0xa8, 0x44, 0xa7, 0x05, 0x00, 0x54, 0x00, 0x5d, 0x9c, 0x44, 0x67, 0x05, 0x80, 0x4c, 0x00, 0x5d,
    0x01, 0x00, 0x20, 0x02, 0x40, 0x44, 0x00, 0x08, 0xfe, 0x44, 0x77, 0x05, 0x00, 0x6f, 0x00, 0x5d, 0x98, 0x45, 0xa7, 0x05, 0x00, 0x4c, 0x00, 0x5d,
    0x93, 0x45, 0xb7, 0x05, 0x80, 0x49, 0x00, 0x5d, 0x11, 0x00, 0x22, 0x42, 0x44, 0x44, 0x08, 0x08, 0x8d, 0x45, 0x47, 0x05, 0x80, 0x3f, 0x00, 0x5d,
    0xe7, 0x45, 0x57, 0x05, 0x80, 0x40, 0x00, 0x5d, 0xef, 0x45, 0x67, 0x05, 0x00, 0x78, 0x00, 0x5d, 0x21, 0x12, 0x20, 0x02, 0xc0, 0x44, 0x00, 0x08,
    0xf9, 0x45, 0x77, 0x05, 0x80, 0x4a, 0x00, 0x5d, 0x5e, 0x46, 0x87, 0x05, 0x00, 0x2f, 0x00, 0x5d, 0x80, 0x46, 0x97, 0x05, 0x00, 0x40, 0x00, 0x5d,
    0x11, 0x00, 0x22, 0x0e, 0x48, 0x44, 0x08, 0x00, 0x94, 0x46, 0xa7, 0x05, 0x00, 0x4a, 0x00, 0x5d, 0x8c, 0x46, 0xb7, 0x05, 0x00, 0x46, 0x00, 0x5d,
    0x92, 0x46, 0x77, 0x05, 0x00, 0x76, 0x00, 0x5d, 0x01, 0x00, 0x20, 0x02, 0x40, 0x44, 0x00, 0x08, 0x5f, 0x47, 0x87, 0x05, 0x80, 0x2f, 0x00, 0x5d,
    0x5c, 0x47, 0x97, 0x05, 0x00, 0x2e, 0x00, 0x5d, 0x78, 0x47, 0xa7, 0x05, 0x00, 0x3c, 0x00, 0x5d, 0x12, 0x00, 0x02, 0x46, 0x40, 0xc4, 0x3f, 0x00,
    0xf2, 0x47, 0xb7, 0x05, 0x00, 0x79, 0x00, 0x5d, 0x96, 0x47, 0x47, 0x05, 0x00, 0x4b, 0x00, 0x5d, 0x58, 0xe3, 0x07, 0xd0, 0x07, 0x10, 0x4e, 0xef,
    0x11, 0x02, 0x42, 0x40, 0x00, 0x40, 0x00, 0x00, 0xac, 0x47, 0x57, 0x05, 0x00, 0x55, 0x00, 0x5d, 0xb4, 0x47, 0x77, 0x05, 0x00, 0x4f, 0x00, 0x5d,
    0xcc, 0x49, 0x37, 0x05, 0x00, 0x57, 0x00, 0x5d, 0x5d, 0x27, 0x00, 0x26, 0xc0, 0xc4, 0x1f, 0x00, 0x44, 0x7c, 0x07, 0xb0, 0x03, 0x10, 0x4e, 0xef,
    0x9e, 0x48, 0xc7, 0x04, 0x00, 0x51, 0x00, 0x5d, 0x54, 0xe3, 0x07, 0xc0, 0x07, 0x10, 0x4e, 0xef, 0x11, 0x08, 0x20, 0x22, 0x42, 0x44, 0x00, 0x08,
    0xae, 0x4a, 0xc7, 0x04, 0x00, 0x68, 0x00, 0x5d, 0xa2, 0x48, 0xd7, 0x04, 0x00, 0x59, 0x00, 0x5d, 0xf7, 0x48, 0xe7, 0x04, 0x80, 0x3e, 0x00, 0x5d,
    0x21, 0x11, 0x20, 0x02, 0x41, 0xc4, 0x48, 0x08, 0xb2, 0x48, 0xf7, 0x04, 0x00, 0x5b, 0x00, 0x5d, 0xd0, 0x4a, 0xd7, 0x04, 0x00, 0x72, 0x00, 0x5d,
    0xb6, 0x48, 0x17, 0x05, 0x00, 0x67, 0x00, 0x5d, 0x31, 0x01, 0x22, 0x82, 0x81, 0x44, 0x00, 0x08, 0x7d, 0x48, 0x07, 0x05, 0x00, 0x5d, 0x00, 0x5d,
    0xe4, 0x4a, 0x37, 0x05, 0x00, 0x74, 0x00, 0x5d, 0xaa, 0x48, 0x27, 0x05, 0x00, 0x69, 0x00, 0x5d, 0x21, 0x10, 0x20, 0x02, 0x40, 0x44, 0x00, 0x08,
    0xba, 0x48, 0x37, 0x05, 0x00, 0x6b, 0x00, 0x5d, 0x9a, 0x49, 0xc7, 0x04, 0x00, 0x4d, 0x00, 0x5d, 0xb8, 0x49, 0xd7, 0x04, 0x00, 0x5c, 0x00, 0x5d,
    0x11, 0x00, 0x22, 0x02, 0x40, 0x44, 0x00, 0x08, 0xbc, 0x49, 0xe7, 0x04, 0x00, 0x5e, 0x00, 0x5d, 0xc8, 0x49, 0xf7, 0x04, 0x00, 0x64, 0x00, 0x5d,
    0xa6, 0x49, 0x07, 0x05, 0x00, 0x53, 0x00, 0x5d, 0x01, 0x00, 0x20, 0x02, 0x00, 0x44, 0x00, 0x08, 0xc0, 0x49, 0x17, 0x05, 0x00, 0x60, 0x00, 0x5d,
    0xc4, 0x49, 0x27, 0x05, 0x00, 0x62, 0x00, 0x5d, 0xd4, 0x4a, 0xe7, 0x04, 0x00, 0x6a, 0x00, 0x5d, 0x11, 0x00, 0x22, 0x42, 0x44, 0x44, 0x00, 0x10,
    0xd8, 0x4a, 0xf7, 0x04, 0x00, 0x6c, 0x00, 0x5d, 0xce, 0x44, 0xd7, 0x04, 0x00, 0x41, 0x00, 0x5d, 0xfb, 0x4a, 0x07, 0x05, 0x80, 0x7d, 0x00, 0x5d,
    0x01, 0x22, 0x20, 0x02, 0x40, 0x44, 0x88, 0x10, 0x82, 0x44, 0x07, 0x05, 0x80, 0x7e, 0x00, 0x5d, 0xdc, 0x4a, 0x17, 0x05, 0x00, 0x6e, 0x00, 0x5d,
    0xfd, 0x44, 0x27, 0x05, 0x00, 0x4e, 0x00, 0x5d, 0x11, 0x00, 0x20, 0x02, 0x40, 0x44, 0x00, 0x08, 0xe0, 0x4a, 0x27, 0x05, 0x00, 0x70, 0x00, 0x5d,
    0xbe, 0x4b, 0xc7, 0x04, 0x00, 0x5f, 0x00, 0x5d, 0xc2, 0x4b, 0xd7, 0x04, 0x00, 0x61, 0x00, 0x5d, 0x81, 0x80, 0x20, 0x02, 0xc0, 0x44, 0x00, 0x08,
    0xe8, 0x4b, 0xe7, 0x04, 0x80, 0x3d, 0x00, 0x5d, 0xc6, 0x4b, 0xf7, 0x04, 0x00, 0x63, 0x00, 0x5d, 0xca, 0x4b, 0x07, 0x05, 0x00, 0x65, 0x00, 0x5d,
    0x11, 0x00, 0x22, 0x02, 0x40, 0x48, 0x00, 0x00, 0xa4, 0x4b, 0x17, 0x05, 0x00, 0x52, 0x00, 0x5d, 0xf3, 0x4b, 0x27, 0x05, 0x80, 0x79, 0x00, 0x5d,
    0xa0, 0x4b, 0x37, 0x05, 0x00, 0x50, 0x00, 0x5d, 0x30, 0x22, 0x20, 0xe2, 0x01, 0x04, 0x00, 0x00, 0x9c, 0x45, 0xf7, 0x04, 0x80, 0x49, 0x00, 0x5d,
    0x48, 0x7c, 0x07, 0xc0, 0x03, 0x10, 0x4e, 0xef, 0x7e, 0x44, 0xc7, 0x04, 0x00, 0x3f, 0x00, 0x5d, 0x11, 0x00, 0x22, 0x02, 0x40, 0x44, 0x00, 0x08,
    0xa8, 0x44, 0xe7, 0x04, 0x00, 0x54, 0x00, 0x5d, 0x79, 0x44, 0xf7, 0x04, 0x80, 0x3c, 0x00, 0x5d, 0x7a, 0x44, 0x17, 0x05, 0x00, 0x3d, 0x00, 0x5d,
    0x11, 0x00, 0x20, 0x02, 0x40, 0x04, 0x00, 0x00, 0xfe, 0x44, 0x37, 0x05, 0x00, 0x7f, 0x00, 0x5d, 0x8f, 0x45, 0xc7, 0x04, 0x80, 0x47, 0x00, 0x5d,
    0x91, 0x45, 0xd7, 0x04, 0x80, 0x48, 0x00, 0x5d, 0x11, 0x00, 0x22, 0x02, 0x40, 0x44, 0x00, 0x08, 0x98, 0x45, 0xe7, 0x04, 0x00, 0x4c, 0x00, 0x5d,
    0x8d, 0x45, 0x07, 0x05, 0x80, 0x46, 0x00, 0x5d, 0xe7, 0x45, 0x17, 0x05, 0x80, 0x73, 0x00, 0x5d, 0x11, 0x00, 0x22, 0x42, 0x04, 0x04, 0x00, 0x00,
    0xef, 0x45, 0x27, 0x05, 0x80, 0x77, 0x00, 0x5d, 0x93, 0x45, 0x37, 0x05, 0x80, 0x7c, 0x00, 0x5d, 0x5e, 0x46, 0xc7, 0x04, 0x00, 0x2f, 0x00, 0x5d,
    0x11, 0x00, 0x22, 0x02, 0x40, 0xc4, 0x01, 0x09, 0x80, 0x46, 0xd7, 0x04, 0x00, 0x40, 0x00, 0x5d, 0x94, 0x46, 0xe7, 0x04, 0x00, 0x4a, 0x00, 0x5d,
    0x8c, 0x46, 0xf7, 0x04, 0x00, 0x46, 0x00, 0x5d, 0x11, 0x00, 0x22, 0x02, 0x40, 0x04, 0x00, 0x00, 0xfa, 0x46, 0x07, 0x05, 0x00, 0x7d, 0x00, 0x5d,
    0x8e, 0x46, 0x17, 0x05, 0x00, 0x47, 0x00, 0x5d, 0x90, 0x46, 0x27, 0x05, 0x00, 0x48, 0x00, 0x5d, 0x11, 0x00, 0x20, 0x02, 0x40, 0x44, 0x00, 0x08,
    0x92, 0x46, 0x37, 0x05, 0x00, 0x49, 0x00, 0x5d, 0x5f, 0x47, 0xc7, 0x04, 0x80, 0x2f, 0x00, 0x5d, 0xec, 0x47, 0xd7, 0x04, 0x00, 0x2e, 0x00, 0x5d,
    0x11, 0x00, 0x42, 0x02, 0x40, 0xc0, 0x04, 0x08, 0x78, 0x47, 0xe7, 0x04, 0x00, 0x3c, 0x00, 0x5d, 0xd2, 0x47, 0xf7, 0x04, 0x00, 0x79, 0x00, 0x5d,
    0x96, 0x47, 0x07, 0x05, 0x00, 0x4b, 0x00, 0x5d, 0xf1, 0x0f, 0x20, 0x20, 0x00, 0x44, 0x04, 0x08, 0x4c, 0xe3, 0x07, 0xe0, 0x07, 0x10, 0x4e, 0xef,
    0x7b, 0x47, 0x17, 0x05, 0x00, 0x56, 0x00, 0x5d, 0x81, 0x47, 0x27, 0x05, 0x00, 0x58, 0x00, 0x5d, 0x12, 0x01, 0x00, 0x42, 0x04, 0x74, 0x5d, 0x00,
    0xb4, 0x47, 0x37, 0x05, 0x00, 0x5a, 0x00, 0x5d, 0xf9, 0x48, 0x77, 0x05, 0x00, 0x59, 0x00, 0x5d, 0x44, 0x7c, 0x07, 0xd0, 0x03, 0x10, 0x4e, 0xef,
    0x10, 0x01, 0x22, 0xe2, 0x00, 0x44, 0x00, 0x08, 0xd6, 0x48, 0x47, 0x05, 0x00, 0x4f, 0x00, 0x5d, 0x50, 0x7c, 0x07, 0xf0, 0x03, 0x10, 0x4e, 0xef,
    0x7f, 0x48, 0x57, 0x05, 0x00, 0x51, 0x00, 0x5d, 0x01, 0x01, 0x20, 0x02, 0x80, 0x44, 0x00, 0x00, 0xf2, 0x48, 0x97, 0x05, 0x00, 0x5b, 0x00, 0x5d,
    0xac, 0x49, 0x67, 0x05, 0x00, 0x5e, 0x00, 0x5d, 0xb0, 0x4a, 0x77, 0x05, 0x00, 0x6c, 0x00, 0x5d, 0x11, 0x00, 0x20, 0x02, 0x40, 0x44, 0x00, 0x08,
    0x5c, 0x4b, 0x97, 0x05, 0x00, 0x52, 0x00, 0x5d, 0xf7, 0x48, 0x67, 0x05, 0x80, 0x7b, 0x00, 0x5d, 0x7d, 0x48, 0x87, 0x05, 0x80, 0x3e, 0x00, 0x5d,
    0x01, 0x00, 0x20, 0x02, 0x00, 0x44, 0x00, 0x08, 0xaa, 0x48, 0xa7, 0x05, 0x00, 0x55, 0x00, 0x5d, 0xba, 0x48, 0xb7, 0x05, 0x00, 0x5d, 0x00, 0x5d,
    0x9a, 0x49, 0x47, 0x05, 0x00, 0x4d, 0x00, 0x5d, 0x11, 0x00, 0x22, 0x02, 0x40, 0x44, 0x00, 0x08, 0xb8, 0x49, 0x57, 0x05, 0x00, 0x5c, 0x00, 0x5d,
    0xc8, 0x49, 0x77, 0x05, 0x00, 0x64, 0x00, 0x5d, 0xa6, 0x49, 0x87, 0x05, 0x00, 0x53, 0x00, 0x5d, 0x01, 0x00, 0x20, 0x02, 0x40, 0x44, 0x00, 0x00,
    0xc0, 0x49, 0x97, 0x05, 0x00, 0x60, 0x00, 0x5d, 0xc4, 0x49, 0xa7, 0x05, 0x00, 0x62, 0x00, 0x5d, 0xcc, 0x49, 0xb7, 0x05, 0x00, 0x66, 0x00, 0x5d,
    0x11, 0x00, 0x26, 0x02, 0x40, 0x44, 0x00, 0x00, 0xae, 0x4a, 0x47, 0x05, 0x00, 0x57, 0x00, 0x5d, 0xd0, 0x4a, 0x57, 0x05, 0x00, 0x68, 0x00, 0x5d,
    0xd4, 0x4a, 0x67, 0x05, 0x00, 0x6a, 0x00, 0x5d, 0x01, 0x22, 0x20, 0x02, 0x40, 0x44, 0x44, 0x08, 0xb2, 0x44, 0x47, 0x05, 0x00, 0x3f, 0x00, 0x5d,
    0xce, 0x44, 0x57, 0x05, 0x00, 0x67, 0x00, 0x5d, 0xb6, 0x44, 0x67, 0x05, 0x00, 0x54, 0x00, 0x5d, 0x11, 0x01, 0x22, 0x2a, 0x44, 0x44, 0x04, 0x08,
    0x79, 0x44, 0x77, 0x05, 0x80, 0x3c, 0x00, 0x5d, 0x7e, 0x44, 0x87, 0x05, 0x00, 0x41, 0x00, 0x5d, 0x9e, 0x44, 0x97, 0x05, 0x00, 0x3d, 0x00, 0x5d,
    0x21, 0x01, 0x20, 0x22, 0x01, 0x44, 0x00, 0x08, 0xfd, 0x44, 0xa7, 0x05, 0x80, 0x7e, 0x00, 0x5d, 0xa2, 0x44, 0xb7, 0x05, 0x00, 0x7f, 0x00, 0x5d,
    0x8f, 0x45, 0x47, 0x05, 0x80, 0x47, 0x00, 0x5d, 0x11, 0x00, 0x22, 0x02, 0x40, 0x44, 0x00, 0x08, 0x91, 0x45, 0x57, 0x05, 0x80, 0x48, 0x00, 0x5d,
    0x98, 0x45, 0x67, 0x05, 0x00, 0x4c, 0x00, 0x5d, 0xf4, 0x45, 0x77, 0x05, 0x00, 0x4e, 0x00, 0x5d, 0x01, 0x00, 0x20, 0x02, 0x40, 0x44, 0x00, 0x08,
    0x8d, 0x45, 0x87, 0x05, 0x80, 0x46, 0x00, 0x5d, 0xe7, 0x45, 0x97, 0x05, 0x80, 0x73, 0x00, 0x5d, 0xef, 0x45, 0xa7, 0x05, 0x80, 0x77, 0x00, 0x5d,
    0x11, 0x00, 0x20, 0x26, 0x82, 0x44, 0x20, 0x00, 0x93, 0x45, 0xb7, 0x05, 0x80, 0x49, 0x00, 0x5d, 0x44, 0x46, 0x47, 0x05, 0x00, 0x2f, 0x00, 0x5d,
    0x45, 0x47, 0x47, 0x05, 0x80, 0x2f, 0x00, 0x5d, 0x01, 0x00, 0x20, 0x02, 0x40, 0x44, 0x00, 0x08, 0xfb, 0x4a, 0x87, 0x05, 0x80, 0x7d, 0x00, 0x5d,
    0xdc, 0x4a, 0x97, 0x05, 0x00, 0x6e, 0x00, 0x5d, 0xe0, 0x4a, 0xa7, 0x05, 0x00, 0x70, 0x00, 0x5d, 0x11, 0x00, 0x20, 0x02, 0x40, 0x44, 0x00, 0x08,
    0xe4, 0x4a, 0xb7, 0x05, 0x00, 0x72, 0x00, 0x5d, 0xbe, 0x4b, 0x47, 0x05, 0x00, 0x5f, 0x00, 0x5d, 0xbc, 0x4b, 0x57, 0x05, 0x00, 0x61, 0x00, 0x5d,
    0x81, 0x80, 0x20, 0x02, 0x40, 0x44, 0x00, 0x08, 0xe8, 0x4b, 0x67, 0x05, 0x00, 0x74, 0x00, 0x5d, 0xc6, 0x4b, 0x77, 0x05, 0x00, 0x63, 0x00, 0x5d,
    0xca, 0x4b, 0x87, 0x05, 0x00, 0x65, 0x00, 0x5d, 0x11, 0x00, 0x42, 0x02, 0x00, 0xc0, 0x04, 0x08, 0xf3, 0x4b, 0xa7, 0x05, 0x80, 0x79, 0x00, 0x5d,
    0xa0, 0x4b, 0xb7, 0x05, 0x00, 0x50, 0x00, 0x5d, 0x80, 0x46, 0x57, 0x05, 0x00, 0x40, 0x00, 0x5d, 0x11, 0x0f, 0x20, 0x20, 0x00, 0x44, 0x0c, 0x09,
    0x48, 0x7c, 0x07, 0xe0, 0x03, 0x10, 0x4e, 0xef, 0x94, 0x46, 0x67, 0x05, 0x00, 0x4a, 0x00, 0x5d, 0x8c, 0x46, 0x77, 0x05, 0x00, 0x46, 0x00, 0x5d,
    0x31, 0x13, 0x22, 0x62, 0x40, 0x44, 0x0c, 0x08, 0x5e, 0x46, 0x87, 0x05, 0x00, 0x7d, 0x00, 0x5d, 0x8e, 0x46, 0x97, 0x05, 0x00, 0x47, 0x00, 0x5d,
    0x90, 0x46, 0xa7, 0x05, 0x00, 0x48, 0x00, 0x5d, 0x11, 0x03, 0x20, 0x20, 0x00, 0x44, 0x0c, 0x08, 0x92, 0x46, 0xb7, 0x05, 0x00, 0x49, 0x00, 0x5d,
    0xd8, 0x47, 0x57, 0x05, 0x00, 0x76, 0x00, 0x5d, 0x78, 0x47, 0x67, 0x05, 0x00, 0x3c, 0x00, 0x5d, 0x31, 0x03, 0x22, 0x62, 0x40, 0x44, 0x0c, 0x08,
    0xd2, 0x47, 0x77, 0x05, 0x00, 0x69, 0x00, 0x5d, 0x95, 0x47, 0x87, 0x05, 0x00, 0x4b, 0x00, 0x5d, 0xf0, 0x47, 0x97, 0x05, 0x80, 0x3d, 0x00, 0x5d,
    0x11, 0x03, 0x22, 0x60, 0x00, 0x44, 0x0c, 0x10, 0xfc, 0x47, 0xa7, 0x05, 0x80, 0x40, 0x00, 0x5d, 0xda, 0x47, 0xb7, 0x05, 0x00, 0x5a, 0x00, 0x5d,
    0x5f, 0x52, 0xc7, 0x04, 0x00, 0x22, 0x00, 0x5d, 0x12, 0x03, 0x02, 0x22, 0x42, 0xc4, 0x1d, 0x01, 0xa4, 0x53, 0xc7, 0x04, 0x80, 0x22, 0x00, 0x5d,
    0x55, 0x50, 0xe7, 0x04, 0x00, 0x5b, 0x00, 0x5d, 0x44, 0xe3, 0x07, 0xf0, 0x07, 0x10, 0x4e, 0xef, 0x11, 0x00, 0x24, 0x22, 0x02, 0x04, 0x00, 0x00,
    0x82, 0x50, 0xd7, 0x04, 0x00, 0x67, 0x00, 0x5d, 0xb6, 0x53, 0xf7, 0x04, 0x00, 0x69, 0x00, 0x5d, 0x58, 0x52, 0xd7, 0x04, 0x00, 0x40, 0x00, 0x5d,
    0x11, 0x00, 0x22, 0x02, 0xc0, 0xc4, 0x04, 0x00, 0x57, 0x51, 0xe7, 0x04, 0x00, 0x4c, 0x00, 0x5d, 0x56, 0x51, 0xc7, 0x04, 0x80, 0x47, 0x00, 0x5d,
    0x54, 0x51, 0xd7, 0x04, 0x80, 0x48, 0x00, 0x5d, 0x11, 0x08, 0x24, 0x26, 0x80, 0x04, 0x20, 0x00, 0x96, 0x49, 0xc7, 0x04, 0x00, 0x4d, 0x00, 0x5d,
    0x59, 0x48, 0xc7, 0x04, 0x00, 0x6b, 0x00, 0x5d, 0x9a, 0x50, 0xc7, 0x04, 0x00, 0x59, 0x00, 0x5d, 0x11, 0x00, 0x26, 0x02, 0x00, 0x44, 0x00, 0x10,
    0x9c, 0x48, 0xe7, 0x04, 0x80, 0x7b, 0x00, 0x5d, 0xa8, 0x49, 0xe7, 0x04, 0x00, 0x56, 0x00, 0x5d, 0x5a, 0x48, 0xf7, 0x04, 0x80, 0x7c, 0x00, 0x5d,
    0x11, 0x00, 0x22, 0x02, 0x80, 0x04, 0x00, 0x00, 0xb4, 0x4b, 0xf7, 0x04, 0x00, 0x63, 0x00, 0x5d, 0xfa, 0x4a, 0xc7, 0x04, 0x00, 0x57, 0x00, 0x5d,
    0x7a, 0x4b, 0xc7, 0x04, 0x00, 0x5f, 0x00, 0x5d, 0x11, 0x00, 0x24, 0x82, 0x80, 0xc4, 0x04, 0x18, 0x5b, 0x48, 0xd7, 0x04, 0x80, 0x3f, 0x00, 0x5d,
    0xec, 0x49, 0xd7, 0x04, 0x00, 0x5c, 0x00, 0x5d, 0xfe, 0x4a, 0xd7, 0x04, 0x00, 0x68, 0x00, 0x5d, 0x11, 0x08, 0x24, 0x02, 0x00, 0x04, 0x00, 0x00,
    0xf7, 0x4a, 0xe7, 0x04, 0x00, 0x6a, 0x00, 0x5d, 0xb2, 0x53, 0xe7, 0x04, 0x00, 0x3c, 0x00, 0x5d, 0xbc, 0x4b, 0xd7, 0x04, 0x00, 0x5e, 0x00, 0x5d,
    0x11, 0x00, 0x20, 0x82, 0x10, 0x44, 0x0c, 0x11, 0xd8, 0x53, 0xd7, 0x04, 0x00, 0x6c, 0x00, 0x5d, 0xb8, 0x4b, 0xe7, 0x04, 0x00, 0x74, 0x00, 0x5d,
    0x7b, 0x49, 0x57, 0x04, 0x00, 0x60, 0x00, 0x5d, 0x11, 0x00, 0x26, 0x62, 0x08, 0x04, 0x00, 0x00, 0xc2, 0x4a, 0x47, 0x04, 0x80, 0x7d, 0x00, 0x5d,
    0xc0, 0x4a, 0x57, 0x04, 0x00, 0x6e, 0x00, 0x5d, 0xce, 0x48, 0x47, 0x04, 0x80, 0x3e, 0x00, 0x5d, 0x11, 0x11, 0x26, 0x02, 0x80, 0x44, 0x00, 0x00,
    0xd2, 0x48, 0x57, 0x04, 0x00, 0x79, 0x00, 0x5d, 0xd6, 0x48, 0x67, 0x04, 0x00, 0x55, 0x00, 0x5d, 0xac, 0x49, 0x77, 0x04, 0x00, 0x66, 0x00, 0x5d,
    0x11, 0x43, 0x22, 0x42, 0x40, 0x04, 0x00, 0x00, 0xdc, 0x4b, 0x57, 0x04, 0x00, 0x2e, 0x00, 0x5d, 0xf9, 0x4b, 0x67, 0x04, 0x80, 0x79, 0x00, 0x5d,
    0xc6, 0x4b, 0x77, 0x04, 0x00, 0x50, 0x00, 0x5d, 0x31, 0x01, 0x22, 0x02, 0x01, 0x44, 0x10, 0x00, 0x81, 0x53, 0x47, 0x04, 0x80, 0x4a, 0x00, 0x5d,
    0xfb, 0x53, 0x57, 0x04, 0x00, 0x78, 0x00, 0x5d, 0x7c, 0x52, 0xe7, 0x04, 0x00, 0x4a, 0x00, 0x5d, 0x11, 0x04, 0x24, 0x82, 0x80, 0x04, 0x10, 0x00,
    0xc8, 0x49, 0xf7, 0x04, 0x00, 0x64, 0x00, 0x5d, 0xb0, 0x4a, 0xf7, 0x04, 0x00, 0x58, 0x00, 0x5d, 0x79, 0x50, 0xf7, 0x04, 0x80, 0x3c, 0x00, 0x5d,
    0x11, 0x04, 0x24, 0x82, 0x00, 0x44, 0x10, 0x00, 0xf4, 0x51, 0xf7, 0x04, 0x00, 0x7a, 0x00, 0x5d, 0x80, 0x52, 0xf7, 0x04, 0x00, 0x46, 0x00, 0x5d,
    0x99, 0x48, 0x77, 0x04, 0x00, 0x5d, 0x00, 0x5d, 0x11, 0x04, 0x22, 0x82, 0x80, 0x04, 0x10, 0x00, 0xa6, 0x49, 0x47, 0x04, 0x00, 0x53, 0x00, 0x5d,
    0xd4, 0x49, 0x67, 0x04, 0x00, 0x62, 0x00, 0x5d, 0x7f, 0x4a, 0x67, 0x04, 0x00, 0x70, 0x00, 0x5d, 0x11, 0x04, 0x24, 0x86, 0x82, 0x44, 0x91, 0x08,
    0xf8, 0x4a, 0x77, 0x04, 0x00, 0x72, 0x00, 0x5d, 0xf2, 0x4b, 0x47, 0x04, 0x00, 0x65, 0x00, 0x5d, 0xf3, 0x50, 0x47, 0x04, 0x00, 0x3f, 0x00, 0x5d,
    0x11, 0x04, 0x22, 0x82, 0x40, 0x04, 0x10, 0x00, 0xcc, 0x50, 0x57, 0x04, 0x00, 0x4f, 0x00, 0x5d, 0x7d, 0x50, 0x67, 0x04, 0x80, 0x7e, 0x00, 0x5d,
    0xd0, 0x50, 0x77, 0x04, 0x00, 0x51, 0x00, 0x5d, 0x11, 0x04, 0x26, 0x82, 0xc0, 0xc4, 0x11, 0x09, 0xae, 0x51, 0x47, 0x04, 0x80, 0x46, 0x00, 0x5d,
    0xe3, 0x51, 0x57, 0x04, 0x80, 0x73, 0x00, 0x5d, 0x5c, 0x51, 0x67, 0x04, 0x80, 0x77, 0x00, 0x5d, 0x11, 0x04, 0x20, 0x82, 0x40, 0x04, 0x10, 0x00,
    0x78, 0x51, 0x77, 0x04, 0x80, 0x49, 0x00, 0x5d, 0xaa, 0x52, 0x47, 0x04, 0x00, 0x2f, 0x00, 0x5d, 0x98, 0x52, 0x57, 0x04, 0x00, 0x47, 0x00, 0x5d,
    0x11, 0x04, 0x26, 0x86, 0x80, 0x44, 0x30, 0x08, 0xa0, 0x52, 0x67, 0x04, 0x00, 0x48, 0x00, 0x5d, 0xbe, 0x52, 0x77, 0x04, 0x00, 0x49, 0x00, 0x5d,
    0xf0, 0x53, 0x67, 0x04, 0x00, 0x7e, 0x00, 0x5d, 0x10, 0x04, 0xa0, 0xff, 0x00, 0xc4, 0xdc, 0x03, 0x95, 0x53, 0x77, 0x04, 0x00, 0x6d, 0x00, 0x5d,
    0x0d, 0x00, 0x86, 0x55, 0x00, 0x00, 0x40, 0xe2, 0x44, 0x59, 0x97, 0x35, 0x00, 0x00, 0x13, 0x5d, 0x51, 0x07, 0x20, 0xee, 0x00, 0x44, 0x1e, 0x00,
    0x45, 0x5b, 0xb7, 0x35, 0x00, 0x00, 0x13, 0x5d, 0x46, 0x9c, 0xc7, 0x39, 0x00, 0x00, 0x13, 0x5d, 0x47, 0x5a, 0xa7, 0x35, 0x00, 0x00, 0x13, 0x5d,
    0x11, 0x07, 0x20, 0xe0, 0x00, 0xc4, 0x5f, 0x00, 0x48, 0x96, 0x67, 0x39, 0x00, 0x00, 0x13, 0x5d, 0x49, 0xec, 0xc7, 0x3e, 0x00, 0x00, 0x13, 0x5d,
    0x31, 0x31, 0x47, 0x04, 0x00, 0x10, 0x58, 0x5c, 0xf1, 0x27, 0x20, 0xfe, 0x08, 0xc4, 0x1f, 0x02, 0x30, 0x30, 0x57, 0x04, 0x00, 0x10, 0x58, 0x5c,
    0x2f, 0x2f, 0x67, 0x04, 0x00, 0x10, 0x58, 0x5c, 0x2e, 0x2e, 0x77, 0x04, 0x00, 0x10, 0x58, 0x5c, 0x31, 0x07, 0x20, 0xe8, 0x00, 0xc4, 0x1d, 0x00,
    0x44, 0xce, 0xe7, 0x3c, 0x00, 0x00, 0x13, 0x5d, 0x45, 0xd2, 0x27, 0x3d, 0x00, 0x00, 0x13, 0x5d, 0x46, 0xd6, 0x67, 0x3d, 0x00, 0x00, 0x13, 0x5d,
    0x91, 0x07, 0x20, 0xfe, 0x01, 0x44, 0x1c, 0x00, 0x47, 0x99, 0x97, 0x39, 0x00, 0x00, 0x13, 0x5d, 0x29, 0x29, 0x87, 0x04, 0x00, 0x10, 0x58, 0x5c,
    0x48, 0xd4, 0x47, 0x3d, 0x00, 0x00, 0x13, 0x5d, 0xf1, 0x17, 0x20, 0xfc, 0x04, 0xc4, 0x1f, 0x01, 0x2d, 0x2d, 0x47, 0x04, 0x00, 0x10, 0x58, 0x5c,
    0x2c, 0x2c, 0x57, 0x04, 0x00, 0x10, 0x58, 0x5c, 0x2b, 0x2b, 0x67, 0x04, 0x00, 0x10, 0x58, 0x5c, 0xf1, 0x87, 0x20, 0xe6, 0x00, 0x44, 0x1d, 0x00,
    0x2a, 0x2a, 0x77, 0x04, 0x00, 0x10, 0x58, 0x5c, 0x44, 0xa8, 0x87, 0x3a, 0x00, 0x00, 0x13, 0x5d, 0x45, 0xc8, 0x87, 0x3c, 0x00, 0x00, 0x13, 0x5d,
    0x71, 0x07, 0x20, 0xf0, 0x00, 0xc4, 0x1f, 0x00, 0x46, 0xa6, 0x67, 0x3a, 0x00, 0x00, 0x13, 0x5d, 0x47, 0x7b, 0xb7, 0x37, 0x00, 0x00, 0x13, 0x5d,
    0x28, 0x28, 0x97, 0x04, 0x00, 0x10, 0x58, 0x5c, 0xf1, 0x0f, 0x20, 0xfe, 0x02, 0xc4, 0x9f, 0x00, 0x23, 0x23, 0x87, 0x04, 0x00, 0x10, 0x58, 0x5c,
    0x27, 0x27, 0x47, 0x04, 0x00, 0x10, 0x58, 0x5c, 0x26, 0x26, 0x57, 0x04, 0x00, 0x10, 0x58, 0x5c, 0xf1, 0x47, 0x20, 0xfc, 0x10, 0x44, 0x1c, 0x00,
    0x25, 0x25, 0x67, 0x04, 0x00, 0x10, 0x58, 0x5c, 0x24, 0x24, 0x77, 0x04, 0x00, 0x10, 0x58, 0x5c, 0x49, 0xac, 0xc7, 0x3a, 0x00, 0x00, 0x13, 0x5d,
    0x31, 0x07, 0x20, 0xea, 0x00, 0xc4, 0x1d, 0x00, 0x44, 0xfa, 0xa7, 0x3f, 0x00, 0x00, 0x13, 0x5d, 0x45, 0xfe, 0xe7, 0x3f, 0x00, 0x00, 0x13, 0x5d,
    0x46, 0xf7, 0x77, 0x3f, 0x00, 0x00, 0x13, 0x5d, 0x91, 0x07, 0x20, 0xe4, 0x00, 0xc4, 0x3f, 0x00, 0x47, 0xb0, 0x07, 0x3b, 0x00, 0x00, 0x13, 0x5d,
    0x48, 0xc2, 0x27, 0x3c, 0x00, 0x00, 0x13, 0x5d, 0x22, 0x22, 0x97, 0x04, 0x00, 0x10, 0x58, 0x5c, 0xf1, 0x17, 0x20, 0xfe, 0x04, 0xc4, 0x1f, 0x01,
    0x21, 0x21, 0x47, 0x04, 0x00, 0x10, 0x58, 0x5c, 0x20, 0x20, 0x57, 0x04, 0x00, 0x10, 0x58, 0x5c, 0x1f, 0x1f, 0x67, 0x04, 0x00, 0x10, 0x58, 0x5c,
    0xf1, 0x87, 0x20, 0xfc, 0x00, 0x44, 0x1c, 0x00, 0x1e, 0x1e, 0x77, 0x04, 0x00, 0x10, 0x58, 0x5c, 0x1d, 0x1d, 0x87, 0x04, 0x00, 0x10, 0x58, 0x5c,
    0x49, 0xc0, 0x07, 0x3c, 0x00, 0x00, 0x13, 0x5d, 0x31, 0x07, 0x20, 0xea, 0x00, 0xc4, 0x1d, 0x00, 0x44, 0x7f, 0xf7, 0x37, 0x00, 0x00, 0x13, 0x5d,
    0x45, 0xf8, 0x87, 0x3f, 0x00, 0x00, 0x13, 0x5d, 0x46, 0x7a, 0xa7, 0x37, 0x00, 0x00, 0x13, 0x5d, 0x91, 0x07, 0x20, 0xe4, 0x00, 0xc4, 0x3f, 0x00,
    0x47, 0xbc, 0xc7, 0x3b, 0x00, 0x00, 0x13, 0x5d, 0x48, 0xb8, 0x87, 0x3b, 0x00, 0x00, 0x13, 0x5d, 0x1c, 0x1c, 0x97, 0x04, 0x00, 0x10, 0x58, 0x5c,
    0xf1, 0x17, 0x20, 0xfe, 0x04, 0xc4, 0x1f, 0x01, 0x1b, 0x1b, 0x47, 0x04, 0x00, 0x10, 0x58, 0x5c, 0x1a, 0x1a, 0x57, 0x04, 0x00, 0x10, 0x58, 0x5c,
    0x19, 0x19, 0x67, 0x04, 0x00, 0x10, 0x58, 0x5c, 0xf1, 0x87, 0x20, 0xfc, 0x00, 0x44, 0x1c, 0x00, 0x18, 0x18, 0x77, 0x04, 0x00, 0x10, 0x58, 0x5c,
    0x17, 0x17, 0x87, 0x04, 0x00, 0x10, 0x58, 0x5c, 0x49, 0xb4, 0x47, 0x3b, 0x00, 0x00, 0x13, 0x5d, 0x31, 0x07, 0x20, 0xea, 0x00, 0xc4, 0x1d, 0x00,
    0x44, 0xf2, 0x27, 0x3f, 0x00, 0x00, 0x13, 0x5d, 0x45, 0xdc, 0xc7, 0x3d, 0x00, 0x00, 0x13, 0x5d, 0x46, 0xf9, 0x97, 0x3f, 0x00, 0x00, 0x13, 0x5d,
    0x91, 0x07, 0x20, 0xe4, 0x00, 0xc4, 0x3f, 0x00, 0x47, 0xc6, 0x67, 0x3c, 0x00, 0x00, 0x13, 0x5d, 0x48, 0x9a, 0xa7, 0x39, 0x00, 0x00, 0x13, 0x5d,
    0x16, 0x16, 0x97, 0x04, 0x00, 0x10, 0x58, 0x5c, 0xf1, 0x17, 0x20, 0xfe, 0x04, 0xc4, 0x1f, 0x01, 0x15, 0x15, 0x47, 0x04, 0x00, 0x10, 0x58, 0x5c,
    0x14, 0x14, 0x57, 0x04, 0x00, 0x10, 0x58, 0x5c, 0x13, 0x13, 0x67, 0x04, 0x00, 0x10, 0x58, 0x5c, 0xf1, 0x87, 0x20, 0xfc, 0x00, 0x44, 0x1c, 0x00,
    0x12, 0x12, 0x77, 0x04, 0x00, 0x10, 0x58, 0x5c, 0x11, 0x11, 0x87, 0x04, 0x00, 0x10, 0x58, 0x5c, 0x49, 0x82, 0x27, 0x38, 0x00, 0x00, 0x13, 0x5d,
    0x31, 0x07, 0x20, 0xea, 0x00, 0xc4, 0x1d, 0x00, 0x44, 0x55, 0x57, 0x35, 0x00, 0x00, 0x13, 0x5d, 0x45, 0x79, 0x97, 0x37, 0x00, 0x00, 0x13, 0x5d,
    0x46, 0xf3, 0x37, 0x3f, 0x00, 0x00, 0x13, 0x5d, 0x91, 0x07, 0x20, 0xe4, 0x00, 0xc4, 0x3f, 0x00, 0x47, 0xcc, 0xc7, 0x3c, 0x00, 0x00, 0x13, 0x5d,
    0x48, 0x7d, 0xd7, 0x37, 0x00, 0x00, 0x13, 0x5d, 0x10, 0x10, 0x97, 0x04, 0x00, 0x10, 0x58, 0x5c, 0xf1, 0x17, 0x20, 0xfe, 0x04, 0xc4, 0x1f, 0x01,
    0x0f, 0x0f, 0x47, 0x04, 0x00, 0x10, 0x58, 0x5c, 0x0e, 0x0e, 0x57, 0x04, 0x00, 0x10, 0x58, 0x5c, 0x0d, 0x0d, 0x67, 0x04, 0x00, 0x10, 0x58, 0x5c,
    0xf1, 0x87, 0x20, 0xfc, 0x00, 0x44, 0x1c, 0x00, 0x0c, 0x0c, 0x77, 0x04, 0x00, 0x10, 0x58, 0x5c, 0x0b, 0x0b, 0x87, 0x04, 0x00, 0x10, 0x58, 0x5c,
    0x49, 0xd0, 0x07, 0x3d, 0x00, 0x00, 0x13, 0x5d, 0x31, 0x07, 0x20, 0xea, 0x00, 0xc4, 0x1d, 0x00, 0x44, 0x56, 0x67, 0x35, 0x00, 0x00, 0x13, 0x5d,
    0x45, 0x54, 0x47, 0x35, 0x00, 0x00, 0x13, 0x5d, 0x46, 0x57, 0x77, 0x35, 0x00, 0x00, 0x13, 0x5d, 0x91, 0x07, 0x20, 0xe4, 0x00, 0xc4, 0x3f, 0x00,
    0x47, 0xf4, 0x47, 0x3f, 0x00, 0x00, 0x13, 0x5d, 0x48, 0xae, 0xe7, 0x3a, 0x00, 0x00, 0x13, 0x5d, 0x0a, 0x0a, 0x97, 0x04, 0x00, 0x10, 0x58, 0x5c,
    0xf1, 0x17, 0x20, 0xfe, 0x04, 0xc4, 0x1f, 0x01, 0x09, 0x09, 0x47, 0x04, 0x00, 0x10, 0x58, 0x5c, 0x08, 0x08, 0x57, 0x04, 0x00, 0x10, 0x58, 0x5c,
    0x07, 0x07, 0x67, 0x04, 0x00, 0x10, 0x58, 0x5c, 0xf1, 0x87, 0x20, 0xfc, 0x00, 0x44, 0x1c, 0x00, 0x06, 0x06, 0x77, 0x04, 0x00, 0x10, 0x58, 0x5c,
    0x05, 0x05, 0x87, 0x04, 0x00, 0x10, 0x58, 0x5c, 0x44, 0x5c, 0xc7, 0x35, 0x00, 0x00, 0x13, 0x5d, 0x31, 0x07, 0x20, 0xea, 0x00, 0xc4, 0x1d, 0x00,
    0x45, 0x78, 0x87, 0x37, 0x00, 0x00, 0x13, 0x5d, 0x46, 0x5f, 0xf7, 0x35, 0x00, 0x00, 0x13, 0x5d, 0x47, 0x58, 0x87, 0x35, 0x00, 0x00, 0x13, 0x5d,
    0x91, 0x07, 0x20, 0xe4, 0x00, 0xc4, 0x3f, 0x00, 0x48, 0x7c, 0xc7, 0x37, 0x00, 0x00, 0x13, 0x5d, 0x49, 0x80, 0x07, 0x38, 0x00, 0x00, 0x13, 0x5d,
    0x62, 0x62, 0x47, 0x04, 0x00, 0x10, 0x58, 0x5c, 0xf1, 0x17, 0x20, 0xfe, 0x04, 0xc4, 0x1f, 0x01, 0x63, 0x63, 0x57, 0x04, 0x00, 0x10, 0x58, 0x5c,
    0x64, 0x64, 0x67, 0x04, 0x00, 0x10, 0x58, 0x5c, 0x65, 0x65, 0x77, 0x04, 0x00, 0x10, 0x58, 0x5c, 0xf1, 0x87, 0x20, 0xfc, 0x00, 0x44, 0x1c, 0x00,
    0x66, 0x66, 0x87, 0x04, 0x00, 0x10, 0x58, 0x5c, 0x67, 0x67, 0x97, 0x04, 0x00, 0x10, 0x58, 0x5c, 0x45, 0xaa, 0xa7, 0x3a, 0x00, 0x00, 0x13, 0x5d,
    0x31, 0x07, 0x20, 0xea, 0x00, 0xc4, 0x1d, 0x00, 0x44, 0x98, 0x87, 0x39, 0x00, 0x00, 0x13, 0x5d, 0x47, 0xa0, 0x07, 0x3a, 0x00, 0x00, 0x13, 0x5d,
    0x46, 0xbe, 0xe7, 0x3b, 0x00, 0x00, 0x13, 0x5d, 0x91, 0x07, 0x20, 0xe4, 0x00, 0xc4, 0x3f, 0x00, 0x49, 0xa4, 0x47, 0x3a, 0x00, 0x00, 0x13, 0x5d,
    0x48, 0xd8, 0x87, 0x3d, 0x00, 0x00, 0x13, 0x5d, 0x68, 0x68, 0x57, 0x04, 0x00, 0x10, 0x58, 0x5c, 0xf1, 0x17, 0x20, 0xfe, 0x04, 0xc4, 0x1f, 0x01,
    0x69, 0x69, 0x47, 0x04, 0x00, 0x10, 0x58, 0x5c, 0x6a, 0x6a, 0x77, 0x04, 0x00, 0x10, 0x58, 0x5c, 0x6b, 0x6b, 0x67, 0x04, 0x00, 0x10, 0x58, 0x5c,
    0xf1, 0x87, 0x20, 0xfc, 0x00, 0x44, 0x1c, 0x00, 0x6c, 0x6c, 0x97, 0x04, 0x00, 0x10, 0x58, 0x5c, 0x6d, 0x6d, 0x87, 0x04, 0x00, 0x10, 0x58, 0x5c,
    0x4a, 0xe3, 0x37, 0x3e, 0x00, 0x00, 0x13, 0x5d, 0x31, 0x07, 0x20, 0xea, 0x00, 0xc4, 0x1d, 0x00, 0x44, 0xb2, 0x27, 0x3b, 0x00, 0x00, 0x13, 0x5d,
    0x45, 0xb6, 0x67, 0x3b, 0x00, 0x00, 0x13, 0x5d, 0x46, 0x81, 0x17, 0x38, 0x00, 0x00, 0x13, 0x5d, 0x91, 0x07, 0x20, 0xe0, 0x00, 0xc4, 0x1c, 0x00,
    0x47, 0xfb, 0xb7, 0x3f, 0x00, 0x00, 0x13, 0x5d, 0x48, 0xf0, 0x07, 0x3f, 0x00, 0x00, 0x13, 0x5d, 0x49, 0x95, 0x57, 0x39, 0x00, 0x00, 0x13, 0x5d,
    0xf1, 0x0f, 0x20, 0xfe, 0x02, 0xc4, 0x9f, 0x00, 0x61, 0x61, 0xa7, 0x04, 0x00, 0x10, 0x58, 0x5c, 0x6e, 0x6e, 0x47, 0x04, 0x00, 0x10, 0x58, 0x5c,
    0x6f, 0x6f, 0x57, 0x04, 0x00, 0x10, 0x58, 0x5c, 0xf1, 0x47, 0x20, 0xfc, 0x10, 0xc4, 0x1f, 0x00, 0x70, 0x70, 0x67, 0x04, 0x00, 0x10, 0x58, 0x5c,
    0x71, 0x71, 0x77, 0x04, 0x00, 0x10, 0x58, 0x5c, 0x32, 0x32, 0x87, 0x04, 0x00, 0x10, 0x58, 0x5c, 0xf6, 0x07, 0xa0, 0xff, 0x0e, 0xb4, 0x1f, 0x00,
    0x33, 0x33, 0x97, 0x04, 0x00, 0x10, 0x58, 0x5c, 0x0f, 0x00, 0x85, 0x0d, 0x00, 0x00, 0x40, 0xe2, 0x07, 0x70, 0x07, 0xe0, 0x80, 0x03, 0x90, 0x50,
    0xf3, 0x07, 0x20, 0x3e, 0x00, 0xc4, 0x07, 0x00, 0x00, 0x00, 0x37, 0x34, 0x00, 0x00, 0xf0, 0xf0, 0x3c, 0xeb, 0x07, 0x00, 0x00, 0x00, 0x5c, 0xef,
    0x3d, 0xeb, 0x07, 0x20, 0x00, 0x00, 0x5c, 0xef, 0xf1, 0x01, 0x20, 0x3e, 0x00, 0xcc, 0x1f, 0x00, 0x3e, 0xeb, 0x07, 0x40, 0x00, 0x00, 0x5c, 0xef,
    0x3f, 0xeb, 0x07, 0x60, 0x00, 0x00, 0x5c, 0xef, 0x00, 0x00, 0x27, 0x34, 0x00, 0x00, 0xf0, 0xf0, 0xf1, 0x01, 0x20, 0x3e, 0x00, 0xc4, 0x07, 0x00,
    0x40, 0xeb, 0x07, 0x00, 0x04, 0x00, 0x5c, 0xef, 0x41, 0xeb, 0x07, 0x20, 0x04, 0x00, 0x5c, 0xef, 0x42, 0xeb, 0x07, 0x40, 0x04, 0x00, 0x5c, 0xef,
    0xf1, 0x01, 0x60, 0xfe, 0x00, 0xc4, 0x07, 0x00, 0x43, 0xeb, 0x07, 0x60, 0x04, 0x00, 0x5c, 0xef, 0x00, 0x00, 0x17, 0x34, 0x00, 0x00, 0xf0, 0xf0,
    0x38, 0xf6, 0x07, 0x00, 0x00, 0x00, 0x5c, 0xef, 0xf1, 0x01, 0x20, 0x3e, 0x00, 0xc4, 0x07, 0x00, 0x39, 0xf6, 0x07, 0x20, 0x00, 0x00, 0x5c, 0xef,
    0x3a, 0xf6, 0x07, 0x40, 0x00, 0x00, 0x5c, 0xef, 0x3b, 0xf6, 0x07, 0x60, 0x00, 0x00, 0x5c, 0xef, 0xf1, 0x01, 0x21, 0x3e, 0x00, 0xc4, 0x07, 0x00,
    0x34, 0xf6, 0x07, 0x00, 0x04, 0x00, 0x5c, 0xef, 0x35, 0xf6, 0x07, 0x20, 0x04, 0x00, 0x5c, 0xef, 0x36, 0xf6, 0x07, 0x40, 0x04, 0x00, 0x5c, 0xef,
    0xf2, 0x01, 0x00, 0xfe, 0x10, 0xfc, 0x1f, 0x00, 0x37, 0xf6, 0x07, 0x60, 0x04, 0x00, 0x5c, 0xef, 0xef, 0x00, 0xd7, 0x05, 0x80, 0x07, 0x98, 0x5c,
    0x00, 0x00, 0x07, 0x00, 0x80, 0x1b, 0xa8, 0xf0, 0xf5, 0x07, 0xa0, 0xff, 0x00, 0xc0, 0x5f, 0x04, 0x00, 0x00, 0x07, 0x00, 0x00, 0x00, 0x98, 0xef,
    0x0f, 0x00, 0x80, 0x85, 0xf9, 0x0f, 0x40, 0xe2, 0x34, 0x02, 0x27, 0x00, 0x00, 0x00, 0x48, 0x38, 0xf1, 0x07, 0xa0, 0xfc, 0x00, 0xc4, 0x1f, 0x00,
    0x00, 0x00, 0x00, 0x34, 0x00, 0x00, 0x90, 0xe2, 0x35, 0x03, 0x77, 0x00, 0x00, 0x00, 0x48, 0x38, 0x03, 0x34, 0xc7, 0x03, 0x00, 0x00, 0x00, 0x04,
    0xf5, 0x07, 0x20, 0xfc, 0x00, 0xd4, 0x1f, 0x00, 0x34, 0x35, 0x27, 0x06, 0x80, 0x03, 0x5d, 0x4b, 0x00, 0x00, 0x37, 0x00, 0x80, 0x03, 0x18, 0x5c,
    0x03, 0x34, 0x27, 0x06, 0x00, 0x00, 0x47, 0x4c, 0xf1, 0x07, 0x20, 0xfc, 0x00, 0xc4, 0x1f, 0x00, 0x07, 0x00, 0x97, 0x05, 0x80, 0x03, 0x6d, 0x4b,
    0x34, 0x02, 0x47, 0x00, 0x00, 0x00, 0x29, 0x38, 0x02, 0x35, 0x37, 0x00, 0x00, 0x00, 0x11, 0x5c, 0xf1, 0x07, 0x82, 0xfe, 0x00, 0x94, 0x1f, 0x00,
    0x36, 0x00, 0xe7, 0x01, 0x00, 0x00, 0x29, 0x38, 0x38, 0x00, 0x47, 0x05, 0x00, 0x81, 0x18, 0x4c, 0x02, 0x34, 0x27, 0x00, 0x00, 0x01, 0x18, 0x5c,
    0xf0, 0x07, 0xc0, 0xfe, 0x00, 0xc0, 0x1f, 0x00, 0x39, 0x36, 0x57, 0x05, 0x00, 0x08, 0x10, 0x4c, 0x0f, 0x00, 0x00, 0x00, 0x00, 0x00, 0xf8, 0xf0,
    0x35, 0x00, 0x47, 0x06, 0x80, 0x07, 0x98, 0x4c, 0xb1, 0x07, 0x00, 0xfe, 0x00, 0xd4, 0x1f, 0x00, 0x03, 0x38, 0x07, 0x00, 0x00, 0xa0, 0xd4, 0xee,
    0x36, 0x00, 0x57, 0x06, 0x80, 0x07, 0x98, 0x4c, 0x00, 0x00, 0x00, 0x1f, 0x00, 0x00, 0x90, 0xe2, 0xf1, 0x07, 0x20, 0xfe, 0x00, 0x90, 0x1f, 0x00,
    0x35, 0x35, 0xc7, 0x05, 0x80, 0x00, 0xa0, 0x4c, 0x34, 0x00, 0xf7, 0x01, 0x00, 0x00, 0x29, 0x38, 0x36, 0x36, 0xd7, 0x05, 0x80, 0x00, 0xa0, 0x4c,
    0xe1, 0x07, 0x20, 0xfc, 0x00, 0x84, 0x1f, 0x00, 0x37, 0x35, 0x07, 0x00, 0x80, 0x7f, 0x00, 0x5b, 0x3b, 0x35, 0x07, 0x00, 0x88, 0x7f, 0x00, 0x5b,
    0x3f, 0x34, 0x57, 0x03, 0x80, 0x7f, 0x00, 0x5b, 0xe1, 0x07, 0x20, 0xfc, 0x00, 0x84, 0x1f, 0x00, 0x41, 0x34, 0x57, 0x03, 0xa8, 0x7f, 0x00, 0x5b,
    0x3d, 0x00, 0x67, 0x03, 0x80, 0x7f, 0x00, 0x5b, 0x3e, 0x00, 0x67, 0x03, 0xa8, 0x7f, 0x00, 0x5b, 0xe1, 0x07, 0x20, 0xfc, 0x00, 0x84, 0x1f, 0x00,
    0x3c, 0x35, 0x07, 0x00, 0x80, 0x1b, 0x28, 0x5b, 0x3a, 0x35, 0x07, 0x00, 0x88, 0x7f, 0x20, 0x5b, 0x37, 0x00, 0x57, 0x03, 0x80, 0x7f, 0x00, 0x5b,
    0xe1, 0x07, 0x20, 0xfc, 0x00, 0xc8, 0x1f, 0x00, 0x35, 0x00, 0x57, 0x03, 0xa8, 0x7f, 0x00, 0x5b, 0x36, 0x34, 0x17, 0x04, 0x98, 0x1f, 0x30, 0x5b,
    0x34, 0x00, 0xe7, 0x03, 0x98, 0x1e, 0x30, 0x5b, 0xe1, 0x07, 0x20, 0xfc, 0x00, 0x84, 0x1f, 0x00, 0x3b, 0x3c, 0xb7, 0x03, 0x20, 0x1d, 0xc0, 0x5c,
    0x3a, 0x00, 0x07, 0x06, 0x80, 0x07, 0x98, 0x4c, 0x37, 0x00, 0x57, 0x03, 0x98, 0x1b, 0x30, 0x5b, 0xf1, 0x07, 0x42, 0xfe, 0x00, 0x84, 0x1f, 0x00,
    0x35, 0x02, 0x07, 0x04, 0x00, 0x00, 0x00, 0x1c, 0x07, 0x02, 0x47, 0x00, 0x80, 0x03, 0x6d, 0x5b, 0x3b, 0x36, 0xb7, 0x03, 0x00, 0x1a, 0xc0, 0x5c,
    0xf1, 0x07, 0x20, 0xfc, 0x00, 0xc4, 0x1f, 0x00, 0x36, 0x00, 0x17, 0x06, 0x80, 0x07, 0x98, 0x4c, 0x34, 0x02, 0xf7, 0x01, 0x00, 0x00, 0x29, 0x38,
    0x37, 0x02, 0x77, 0x03, 0x00, 0x80, 0x10, 0x5c, 0xf1, 0x07, 0x40, 0xfe, 0x00, 0x88, 0x1f, 0x00, 0x3a, 0x3a, 0x67, 0x05, 0x80, 0x00, 0xa0, 0x4c,
    0x17, 0x35, 0x47, 0x00, 0x80, 0x03, 0x6d, 0x5b, 0x36, 0x36, 0x77, 0x05, 0x80, 0x00, 0xa0, 0x4c, 0xf1, 0x07, 0xc0, 0xfe, 0x40, 0x9c, 0x1f, 0x00,
    0x34, 0x34, 0xb7, 0x03, 0x00, 0x08, 0x10, 0x5c, 0x3a, 0x37, 0xa7, 0x03, 0x00, 0x81, 0xd7, 0x5b, 0x3b, 0x37, 0x67, 0x23, 0x40, 0x1a, 0xdf, 0x5b,
    0xf0, 0x07, 0xa1, 0xff, 0x00, 0xc8, 0x1f, 0x08, 0x03, 0x03, 0x07, 0x80, 0x07, 0x10, 0x68, 0x38, 0x0f, 0x00, 0x00, 0x00, 0x00, 0x00, 0xf8, 0xf0,
    0x31, 0x03, 0x17, 0x03, 0x00, 0x10, 0x68, 0x5c, 0xf0, 0x07, 0x42, 0xe6, 0x00, 0xc0, 0x1f, 0x08, 0x29, 0x03, 0x97, 0x02, 0x00, 0x10, 0x68, 0x5c,
    0x31, 0x09, 0x17, 0x03, 0x00, 0x00, 0xa8, 0x5c, 0x19, 0x03, 0x97, 0x01, 0x00, 0x10, 0x68, 0x5c, 0x52, 0x07, 0x00, 0xfe, 0x00, 0xf4, 0x1d, 0x00,
    0x29, 0x09, 0x97, 0x02, 0x00, 0x00, 0xa8, 0x5c, 0x21, 0x03, 0x17, 0x02, 0x00, 0x10, 0x68, 0x5c, 0x19, 0x09, 0x97, 0x01, 0x00, 0x00, 0xa8, 0x5c,
    0x30, 0x17, 0x20, 0xf2, 0x00, 0xc4, 0x9c, 0x00, 0x34, 0x31, 0xf7, 0xaf, 0x00, 0x00, 0x13, 0x5d, 0x21, 0x09, 0x17, 0x02, 0x00, 0x00, 0xa8, 0x5c,
    0x35, 0x29, 0xf7, 0xaf, 0x00, 0x00, 0x13, 0x5d, 0x3d, 0x47, 0x40, 0xe4, 0x10, 0xc4, 0x47, 0x00, 0x37, 0x19, 0xf7, 0xaf, 0x00, 0x00, 0x13, 0x5d,
    0x36, 0x21, 0xf7, 0xaf, 0x00, 0x00, 0x13, 0x5d, 0x34, 0x3a, 0x07, 0x00, 0x00, 0x20, 0xde, 0xee, 0xfd, 0x07, 0xa0, 0xff, 0x00, 0xc8, 0x1f, 0x08,
    0x0f, 0x00, 0x07, 0x00, 0x00, 0x00, 0xf8, 0xf0, 0x0f, 0x00, 0x02, 0x00, 0x00, 0x00, 0xf8, 0xf0, 0x11, 0x03, 0x17, 0x01, 0x00, 0x10, 0x68, 0x5c,
    0xf0, 0x07, 0x42, 0xea, 0x00, 0xc0, 0x1f, 0x08, 0x09, 0x03, 0x97, 0x00, 0x00, 0x10, 0x68, 0x5c, 0x11, 0x09, 0x17, 0x01, 0x00, 0x00, 0xa8, 0x5c,
    0x6c, 0x03, 0xc7, 0x06, 0x00, 0x10, 0x68, 0x5c, 0x72, 0x07, 0x00, 0xfe, 0x00, 0xf4, 0x5c, 0x00, 0x09, 0x09, 0x97, 0x00, 0x00, 0x00, 0xa8, 0x5c,
    0x64, 0x03, 0x47, 0x06, 0x00, 0x10, 0x68, 0x5c, 0x37, 0x09, 0xc7, 0x06, 0x00, 0x00, 0xa8, 0x5c, 0x50, 0x27, 0x20, 0xf2, 0x00, 0x44, 0x1d, 0x01,
    0x34, 0x11, 0xf7, 0xaf, 0x00, 0x00, 0x13, 0x5d, 0x36, 0x09, 0x47, 0x06, 0x00, 0x00, 0xa8, 0x5c, 0x35, 0x09, 0xf7, 0xaf, 0x00, 0x00, 0x13, 0x5d,
    0x5d, 0x17, 0x40, 0xe8, 0x10, 0xc4, 0x87, 0x00, 0x37, 0x37, 0xf7, 0xaf, 0x00, 0x00, 0x13, 0x5d, 0x36, 0x36, 0xf7, 0xaf, 0x00, 0x00, 0x13, 0x5d,
    0x34, 0x3a, 0x07, 0x10, 0x00, 0x20, 0xde, 0xee, 0xfd, 0x07, 0x00, 0xfe, 0x00, 0xd8, 0x1f, 0x00, 0x0f, 0x00, 0x07, 0x00, 0x00, 0x00, 0xf8, 0xf0,
    0x19, 0x00, 0x17, 0x00, 0x00, 0x00, 0x00, 0x1c, 0x00, 0x00, 0x00, 0x2d, 0x00, 0x00, 0x90, 0xe2, 0xed, 0x07, 0xa0, 0xff, 0x00, 0xc0, 0x1f, 0x00,
    0x07, 0x19, 0x97, 0x05, 0x80, 0x03, 0x6d, 0x4b, 0x0f, 0x00, 0x00, 0x00, 0x00, 0x00, 0xf8, 0xf0, 0x09, 0x00, 0x47, 0x06, 0x80, 0x07, 0x98, 0x4c,
    0xb1, 0x07, 0x00, 0xfe, 0x00, 0xd4, 0x1f, 0x00, 0x03, 0x38, 0x47, 0x00, 0x00, 0xa0, 0xd4, 0xee, 0x11, 0x00, 0x57, 0x06, 0x80, 0x07, 0x98, 0x4c,
    0x00, 0x00, 0x00, 0x1f, 0x00, 0x00, 0x90, 0xe2, 0xf1, 0x17, 0x20, 0xfe, 0x00, 0x90, 0x1f, 0x00, 0x36, 0x09, 0xc7, 0x05, 0x80, 0x00, 0xa0, 0x4c,
    0x09, 0x19, 0xf7, 0x01, 0x00, 0x00, 0x29, 0x38, 0x34, 0x11, 0xd7, 0x05, 0x80, 0x00, 0xa0, 0x4c, 0xe1, 0x07, 0x20, 0xfc, 0x00, 0x84, 0x1f, 0x00,
    0x37, 0x36, 0x97, 0x01, 0x80, 0x7f, 0x00, 0x5b, 0x3a, 0x09, 0x67, 0x03, 0x80, 0x7f, 0x00, 0x5b, 0x40, 0x09, 0x67, 0x03, 0xa8, 0x7f, 0x00, 0x5b,
    0xe1, 0x07, 0x40, 0xfc, 0x00, 0x84, 0x1f, 0x00, 0x3e, 0x19, 0x47, 0x03, 0x80, 0x7f, 0x00, 0x5b, 0x3f, 0x19, 0x47, 0x03, 0xa8, 0x7f, 0x00, 0x5b,
    0x3c, 0x36, 0x97, 0x01, 0x80, 0x1b, 0x28, 0x5b, 0xe1, 0x07, 0x20, 0xfc, 0x00, 0x84, 0x1f, 0x00, 0x21, 0x36, 0x97, 0x01, 0x88, 0x7f, 0x00, 0x5b,
    0x3b, 0x36, 0x97, 0x01, 0x88, 0x7f, 0x20, 0x5b, 0x34, 0x09, 0x07, 0x04, 0x18, 0x1d, 0x30, 0x5b, 0xe1, 0x07, 0x20, 0xfc, 0x00, 0xc8, 0x1f, 0x00,
    0x37, 0x19, 0x67, 0x03, 0x80, 0x7f, 0x00, 0x5b, 0x3a, 0x19, 0x67, 0x03, 0xa8, 0x7f, 0x00, 0x5b, 0x11, 0x19, 0xf7, 0x03, 0x18, 0x1f, 0x30, 0x5b,
    0xe3, 0x07, 0x20, 0xfc, 0x00, 0xc8, 0x1f, 0x00, 0x36, 0x3c, 0x17, 0x02, 0xa0, 0x1d, 0xc0, 0x5c, 0x09, 0x19, 0xa7, 0x03, 0x98, 0x1b, 0x30, 0x5b,
    0x19, 0x00, 0x07, 0x06, 0x80, 0x07, 0x98, 0x4c, 0xe1, 0x07, 0x20, 0xfe, 0x00, 0x84, 0x1f, 0x00, 0x36, 0x34, 0x67, 0x03, 0x80, 0x08, 0xc0, 0x5c,
    0x21, 0x00, 0x17, 0x06, 0x80, 0x07, 0x98, 0x4c, 0x11, 0x02, 0xf7, 0x01, 0x00, 0x00, 0x29, 0x38, 0xf1, 0x07, 0x20, 0xfc, 0x00, 0xc4, 0x1f, 0x08,
    0x09, 0x02, 0x97, 0x00, 0x00, 0x80, 0x10, 0x5c, 0x34, 0x19, 0x67, 0x05, 0x80, 0x00, 0xa0, 0x4c, 0x19, 0x02, 0x07, 0x04, 0x00, 0x00, 0x00, 0x1c,
    0xf1, 0x07, 0x40, 0xfc, 0x00, 0xc4, 0x1f, 0x00, 0x07, 0x02, 0x47, 0x00, 0x80, 0x03, 0x6d, 0x5b, 0x37, 0x21, 0x77, 0x05, 0x80, 0x00, 0xa0, 0x4c,
    0x36, 0x11, 0x67, 0x03, 0x00, 0x08, 0x10, 0x5c, 0xf1, 0x07, 0xa2, 0xfe, 0x00, 0xa4, 0x1f, 0x00, 0x34, 0x09, 0x47, 0x03, 0x00, 0x81, 0xd7, 0x5b,
    0x17, 0x19, 0x47, 0x00, 0x80, 0x03, 0x6d, 0x5b, 0x35, 0x09, 0x77, 0x23, 0x40, 0x1b, 0xdf, 0x5b, 0xf0, 0x07, 0xa1, 0xff, 0x00, 0xc8, 0x1f, 0x08,
    0x03, 0x03, 0x07, 0x80, 0x07, 0x10, 0x68, 0x38, 0x0f, 0x00, 0x00, 0x00, 0x00, 0x00, 0xf8, 0xf0, 0x30, 0x03, 0x07, 0x03, 0x00, 0x10, 0x68, 0x5c,
    0xf0, 0x07, 0x42, 0xe6, 0x00, 0xc0, 0x1f, 0x08, 0x28, 0x03, 0x87, 0x02, 0x00, 0x10, 0x68, 0x5c, 0x30, 0x09, 0x07, 0x03, 0x00, 0x00, 0xa8, 0x5c,
    0x18, 0x03, 0x87, 0x01, 0x00, 0x10, 0x68, 0x5c, 0x52, 0x07, 0x00, 0xfe, 0x00, 0xf4, 0x1d, 0x00, 0x28, 0x09, 0x87, 0x02, 0x00, 0x00, 0xa8, 0x5c,
    0x20, 0x03, 0x07, 0x02, 0x00, 0x10, 0x68, 0x5c, 0x18, 0x09, 0x87, 0x01, 0x00, 0x00, 0xa8, 0x5c, 0x30, 0x17, 0x20, 0xf2, 0x00, 0xc4, 0x9c, 0x00,
    0x3c, 0x30, 0xf7, 0xaf, 0x00, 0x00, 0x13, 0x5d, 0x20, 0x09, 0x07, 0x02, 0x00, 0x00, 0xa8, 0x5c, 0x3d, 0x28, 0xf7, 0xaf, 0x00, 0x00, 0x13, 0x5d,
    0x3d, 0x47, 0x40, 0xe4, 0x10, 0xc4, 0x47, 0x00, 0x3f, 0x18, 0xf7, 0xaf, 0x00, 0x00, 0x13, 0x5d, 0x3e, 0x20, 0xf7, 0xaf, 0x00, 0x00, 0x13, 0x5d,
    0x3c, 0x34, 0x07, 0x00, 0x00, 0x20, 0xde, 0xee, 0xfd, 0x07, 0xa0, 0xff, 0x00, 0xc8, 0x1f, 0x08, 0x0f, 0x00, 0x07, 0x00, 0x00, 0x00, 0xf8, 0xf0,
    0x0f, 0x00, 0x02, 0x00, 0x00, 0x00, 0xf8, 0xf0, 0x10, 0x03, 0x07, 0x01, 0x00, 0x10, 0x68, 0x5c, 0xf0, 0x07, 0x42, 0xea, 0x00, 0xc0, 0x1f, 0x08,
    0x08, 0x03, 0x87, 0x00, 0x00, 0x10, 0x68, 0x5c, 0x10, 0x09, 0x07, 0x01, 0x00, 0x00, 0xa8, 0x5c, 0x6d, 0x03, 0xd7, 0x06, 0x00, 0x10, 0x68, 0x5c,
    0x72, 0x07, 0x00, 0xfe, 0x00, 0x74, 0x1e, 0x00, 0x08, 0x09, 0x87, 0x00, 0x00, 0x00, 0xa8, 0x5c, 0x65, 0x03, 0x57, 0x06, 0x00, 0x10, 0x68, 0x5c,
    0x6d, 0x09, 0xd7, 0x06, 0x00, 0x00, 0xa8, 0x5c, 0x30, 0x37, 0x20, 0xea, 0x00, 0xc4, 0x1c, 0x01, 0x3c, 0x10, 0xf7, 0xaf, 0x00, 0x00, 0x13, 0x5d,
    0x65, 0x09, 0x57, 0x06, 0x00, 0x00, 0xa8, 0x5c, 0x3d, 0x08, 0xf7, 0xaf, 0x00, 0x00, 0x13, 0x5d, 0x3d, 0x87, 0x40, 0xe4, 0x04, 0xc4, 0x47, 0x00,
    0x3f, 0x6d, 0xf7, 0xaf, 0x00, 0x00, 0x13, 0x5d, 0x3e, 0x65, 0xf7, 0xaf, 0x00, 0x00, 0x13, 0x5d, 0x3c, 0x34, 0x07, 0x10, 0x00, 0x20, 0xde, 0xee,
    0xfd, 0x07, 0x00, 0xfe, 0x00, 0xd8, 0x1f, 0x00, 0x0f, 0x00, 0x07, 0x00, 0x00, 0x00, 0xf8, 0xf0, 0x09, 0x00, 0x27, 0x00, 0x00, 0x00, 0x00, 0x1c,
    0x00, 0x00, 0x00, 0x2d, 0x00, 0x00, 0x90, 0xe2, 0xed, 0x07, 0xa0, 0xff, 0x00, 0xc0, 0x1f, 0x00, 0x07, 0x09, 0x97, 0x05, 0x80, 0x03, 0x6d, 0x4b,
    0x0f, 0x00, 0x00, 0x00, 0x00, 0x00, 0xf8, 0xf0, 0x08, 0x00, 0x47, 0x06, 0x80, 0x07, 0x98, 0x4c, 0xb1, 0x07, 0x00, 0xfe, 0x00, 0xd4, 0x1f, 0x00,
    0x03, 0x38, 0x87, 0x00, 0x00, 0xa0, 0xd4, 0xee, 0x10, 0x00, 0x57, 0x06, 0x80, 0x07, 0x98, 0x4c, 0x00, 0x00, 0x00, 0x1f, 0x00, 0x00, 0x90, 0xe2,
    0xf1, 0x17, 0x20, 0xfe, 0x00, 0x90, 0x1f, 0x00, 0x37, 0x08, 0xc7, 0x05, 0x80, 0x00, 0xa0, 0x4c, 0x08, 0x09, 0xf7, 0x01, 0x00, 0x00, 0x29, 0x38,
    0x10, 0x10, 0xd7, 0x05, 0x80, 0x00, 0xa0, 0x4c, 0xe1, 0x07, 0x20, 0xfc, 0x00, 0x84, 0x1f, 0x00, 0x18, 0x37, 0x97, 0x00, 0x80, 0x7f, 0x00, 0x5b,
    0x36, 0x08, 0x77, 0x03, 0x80, 0x7f, 0x00, 0x5b, 0x11, 0x08, 0x77, 0x03, 0xa8, 0x7f, 0x00, 0x5b, 0xe1, 0x07, 0x20, 0xfc, 0x00, 0x84, 0x1f, 0x00,
    0x20, 0x09, 0x07, 0x01, 0x80, 0x7f, 0x00, 0x5b, 0x3b, 0x09, 0x07, 0x01, 0xa8, 0x7f, 0x00, 0x5b, 0x10, 0x37, 0x97, 0x00, 0x88, 0x7f, 0x00, 0x5b,
    0xe1, 0x07, 0x20, 0xfc, 0x00, 0x84, 0x1f, 0x00, 0x19, 0x37, 0x97, 0x00, 0x88, 0x7f, 0x20, 0x5b, 0x3a, 0x37, 0x97, 0x00, 0x00, 0x0c, 0x28, 0x5b,
    0x36, 0x08, 0x17, 0x01, 0x18, 0x1b, 0x30, 0x5b, 0xe1, 0x07, 0x20, 0xfc, 0x00, 0xc8, 0x1f, 0x00, 0x08, 0x09, 0x77, 0x03, 0x80, 0x7f, 0x00, 0x5b,
    0x37, 0x09, 0x77, 0x03, 0xa8, 0x7f, 0x00, 0x5b, 0x11, 0x09, 0xb7, 0x03, 0x18, 0x10, 0x30, 0x5b, 0xe3, 0x07, 0x20, 0xfc, 0x00, 0xc8, 0x1f, 0x00,
    0x10, 0x3a, 0x07, 0x01, 0xa0, 0x0c, 0xc0, 0x5c, 0x09, 0x09, 0x77, 0x03, 0x18, 0x04, 0x30, 0x5b, 0x08, 0x00, 0x07, 0x06, 0x80, 0x07, 0x98, 0x4c,
    0xe1, 0x07, 0x20, 0xfe, 0x00, 0x84, 0x1f, 0x00, 0x10, 0x36, 0x07, 0x01, 0x80, 0x08, 0xc0, 0x5c, 0x18, 0x00, 0x17, 0x06, 0x80, 0x07, 0x98, 0x4c,
    0x11, 0x02, 0xf7, 0x01, 0x00, 0x00, 0x29, 0x38, 0xf1, 0x07, 0x20, 0xfc, 0x00, 0xc4, 0x1f, 0x08, 0x09, 0x02, 0x97, 0x00, 0x00, 0x80, 0x10, 0x5c,
    0x08, 0x08, 0x67, 0x05, 0x80, 0x00, 0xa0, 0x4c, 0x19, 0x02, 0x07, 0x04, 0x00, 0x00, 0x00, 0x1c, 0xf1, 0x07, 0x40, 0xfc, 0x00, 0xc4, 0x1f, 0x00,
    0x07, 0x02, 0x47, 0x00, 0x80, 0x03, 0x6d, 0x5b, 0x36, 0x18, 0x77, 0x05, 0x80, 0x00, 0xa0, 0x4c, 0x10, 0x11, 0x07, 0x01, 0x00, 0x08, 0x10, 0x5c,
    0xf1, 0x07, 0xa2, 0xfe, 0x00, 0xa4, 0x1f, 0x00, 0x08, 0x09, 0x87, 0x00, 0x00, 0x81, 0xd7, 0x5b, 0x17, 0x19, 0x47, 0x00, 0x80, 0x03, 0x6d, 0x5b,
    0x09, 0x09, 0x67, 0x23, 0x40, 0x08, 0xdf, 0x5b, 0xf0, 0x07, 0xa1, 0xff, 0x00, 0xc8, 0x1f, 0x08, 0x10, 0x03, 0x07, 0x80, 0x07, 0x10, 0x68, 0x38,
    0x0f, 0x00, 0x00, 0x00, 0x00, 0x00, 0xf8, 0xf0, 0x2f, 0x10, 0xf7, 0x02, 0x00, 0x10, 0x68, 0x5c, 0xf0, 0x07, 0x42, 0xe6, 0x00, 0xc0, 0x1f, 0x08,
    0x27, 0x10, 0x77, 0x02, 0x00, 0x10, 0x68, 0x5c, 0x2f, 0x09, 0xf7, 0x02, 0x00, 0x00, 0xa8, 0x5c, 0x17, 0x10, 0x77, 0x01, 0x00, 0x10, 0x68, 0x5c,
    0x52, 0x07, 0x00, 0xfe, 0x00, 0xf4, 0x1d, 0x00, 0x27, 0x09, 0x77, 0x02, 0x00, 0x00, 0xa8, 0x5c, 0x1f, 0x10, 0xf7, 0x01, 0x00, 0x10, 0x68, 0x5c,
    0x17, 0x09, 0x77, 0x01, 0x00, 0x00, 0xa8, 0x5c, 0x30, 0x17, 0x20, 0xf2, 0x00, 0xc4, 0x9c, 0x00, 0x34, 0x2f, 0xf7, 0xaf, 0x00, 0x00, 0x13, 0x5d,
    0x1f, 0x09, 0xf7, 0x01, 0x00, 0x00, 0xa8, 0x5c, 0x35, 0x27, 0xf7, 0xaf, 0x00, 0x00, 0x13, 0x5d, 0x3d, 0x47, 0x40, 0xe4, 0x10, 0xc4, 0x47, 0x00,
    0x37, 0x17, 0xf7, 0xaf, 0x00, 0x00, 0x13, 0x5d, 0x36, 0x1f, 0xf7, 0xaf, 0x00, 0x00, 0x13, 0x5d, 0x34, 0x08, 0x07, 0x00, 0x00, 0x20, 0xde, 0xee,
    0xfd, 0x07, 0xa0, 0xff, 0x00, 0xc8, 0x1f, 0x08, 0x0f, 0x00, 0x07, 0x00, 0x00, 0x00, 0xf8, 0xf0, 0x0f, 0x00, 0x02, 0x00, 0x00, 0x00, 0xf8, 0xf0,
    0x0f, 0x10, 0xf7, 0x00, 0x00, 0x10, 0x68, 0x5c, 0xf0, 0x07, 0x42, 0xea, 0x00, 0xc0, 0x1f, 0x08, 0x07, 0x10, 0x77, 0x00, 0x00, 0x10, 0x68, 0x5c,
    0x0f, 0x09, 0xf7, 0x00, 0x00, 0x00, 0xa8, 0x5c, 0x6e, 0x10, 0xe7, 0x06, 0x00, 0x10, 0x68, 0x5c, 0x72, 0x07, 0x00, 0xfe, 0x00, 0x74, 0x1e, 0x00,
    0x07, 0x09, 0x77, 0x00, 0x00, 0x00, 0xa8, 0x5c, 0x66, 0x10, 0x67, 0x06, 0x00, 0x10, 0x68, 0x5c, 0x6e, 0x09, 0xe7, 0x06, 0x00, 0x00, 0xa8, 0x5c,
    0x30, 0x37, 0x20, 0xea, 0x00, 0xc4, 0x1c, 0x01, 0x34, 0x0f, 0xf7, 0xaf, 0x00, 0x00, 0x13, 0x5d, 0x66, 0x09, 0x67, 0x06, 0x00, 0x00, 0xa8, 0x5c,
    0x35, 0x07, 0xf7, 0xaf, 0x00, 0x00, 0x13, 0x5d, 0x3d, 0x87, 0x40, 0xe4, 0x04, 0xc4, 0x47, 0x00, 0x37, 0x6e, 0xf7, 0xaf, 0x00, 0x00, 0x13, 0x5d,
    0x36, 0x66, 0xf7, 0xaf, 0x00, 0x00, 0x13, 0x5d, 0x34, 0x08, 0x07, 0x10, 0x00, 0x20, 0xde, 0xee, 0xfd, 0x07, 0x00, 0xfe, 0x00, 0xd8, 0x1f, 0x00,
    0x0f, 0x00, 0x07, 0x00, 0x00, 0x00, 0xf8, 0xf0, 0x10, 0x00, 0x37, 0x00, 0x00, 0x00, 0x00, 0x1c, 0x00, 0x00, 0x00, 0x2d, 0x00, 0x00, 0x90, 0xe2,
    0xed, 0x07, 0xa0, 0xff, 0x00, 0xc0, 0x1f, 0x00, 0x07, 0x10, 0x97, 0x05, 0x80, 0x03, 0x6d, 0x4b, 0x0f, 0x00, 0x00, 0x00, 0x00, 0x00, 0xf8, 0xf0,
    0x07, 0x00, 0x47, 0x06, 0x80, 0x07, 0x98, 0x4c, 0xb1, 0x07, 0x00, 0xfe, 0x02, 0xd4, 0x1f, 0x00, 0x03, 0x38, 0xc7, 0x00, 0x00, 0xa0, 0xd4, 0xee,
    0x08, 0x00, 0x57, 0x06, 0x80, 0x07, 0x98, 0x4c, 0x00, 0x00, 0x00, 0x1f, 0x00, 0x00, 0x90, 0xe2, 0xf1, 0x07, 0x20, 0xfe, 0x00, 0x90, 0x1f, 0x00,
    0x09, 0x07, 0xc7, 0x05, 0x80, 0x00, 0xa0, 0x4c, 0x07, 0x10, 0xf7, 0x01, 0x00, 0x00, 0x29, 0x38, 0x0f, 0x08, 0xd7, 0x05, 0x80, 0x00, 0xa0, 0x4c,
    0xe1, 0x07, 0x20, 0xfc, 0x00, 0x84, 0x1f, 0x00, 0x17, 0x09, 0x07, 0x01, 0x80, 0x7f, 0x00, 0x5b, 0x08, 0x07, 0x97, 0x00, 0x80, 0x7f, 0x00, 0x5b,
    0x11, 0x07, 0x97, 0x00, 0xa8, 0x7f, 0x00, 0x5b, 0xe1, 0x07, 0x20, 0xfc, 0x00, 0x84, 0x1f, 0x00, 0x1f, 0x10, 0xf7, 0x00, 0x80, 0x7f, 0x00, 0x5b,
    0x21, 0x10, 0xf7, 0x00, 0xa8, 0x7f, 0x00, 0x5b, 0x18, 0x09, 0x07, 0x01, 0x88, 0x7f, 0x00, 0x5b, 0xe1, 0x07, 0x20, 0xfc, 0x00, 0x84, 0x1f, 0x00,
    0x19, 0x09, 0x07, 0x01, 0x88, 0x7f, 0x20, 0x5b, 0x17, 0x09, 0x07, 0x01, 0x80, 0x0b, 0x28, 0x5b, 0x0f, 0x07, 0x17, 0x01, 0x18, 0x04, 0x30, 0x5b,
    0xe1, 0x07, 0x20, 0xfc, 0x00, 0xc8, 0x1f, 0x00, 0x07, 0x10, 0x97, 0x00, 0x80, 0x7f, 0x00, 0x5b, 0x11, 0x10, 0x97, 0x00, 0xa8, 0x7f, 0x00, 0x5b,
    0x08, 0x10, 0x17, 0x02, 0x98, 0x0f, 0x30, 0x5b, 0xe3, 0x07, 0x20, 0xfc, 0x00, 0x84, 0x1f, 0x00, 0x09, 0x17, 0x87, 0x01, 0xa0, 0x0c, 0xc0, 0x5c,
    0x07, 0x10, 0x17, 0x01, 0x98, 0x03, 0x30, 0x5b, 0x10, 0x00, 0x07, 0x06, 0x80, 0x07, 0x98, 0x4c, 0xf1, 0x07, 0x20, 0xfc, 0x00, 0xc4, 0x1f, 0x00,
    0x11, 0x02, 0x07, 0x04, 0x00, 0x00, 0x00, 0x1c, 0x09, 0x0f, 0x97, 0x00, 0x00, 0x04, 0xc0, 0x5c, 0x0f, 0x00, 0x17, 0x06, 0x80, 0x07, 0x98, 0x4c,
    0xe1, 0x07, 0x20, 0xfe, 0x40, 0xc4, 0x1f, 0x10, 0x08, 0x02, 0xf7, 0x01, 0x00, 0x00, 0x29, 0x38, 0x07, 0x02, 0x77, 0x00, 0x00, 0x80, 0x10, 0x5c,
    0x07, 0x02, 0x47, 0x00, 0x80, 0x03, 0x6d, 0x5b, 0xf1, 0x07, 0x60, 0xfc, 0x00, 0xc4, 0x1f, 0x00, 0x10, 0x10, 0x67, 0x05, 0x80, 0x00, 0xa0, 0x4c,
    0x17, 0x11, 0x47, 0x00, 0x80, 0x03, 0x6d, 0x5b, 0x09, 0x08, 0x97, 0x00, 0x00, 0x08, 0x10, 0x5c, 0xf1, 0x07, 0xc0, 0xfe, 0x40, 0x9c, 0x1f, 0x00,
    0x18, 0x0f, 0x77, 0x05, 0x80, 0x00, 0xa0, 0x4c, 0x08, 0x07, 0x07, 0x01, 0x00, 0x81, 0xd7, 0x5b, 0x09, 0x07, 0x87, 0x21, 0xc0, 0x04, 0xdf, 0x5b,
    0xf0, 0x07, 0xa1, 0xff, 0x00, 0xc8, 0x1f, 0x08, 0x10, 0x03, 0x07, 0x80, 0x07, 0x10, 0x68, 0x38, 0x0f, 0x00, 0x00, 0x00, 0x00, 0x00, 0xf8, 0xf0,
    0x2e, 0x10, 0xe7, 0x02, 0x00, 0x10, 0x68, 0x5c, 0xf0, 0x07, 0x42, 0xe6, 0x00, 0xc0, 0x1f, 0x08, 0x26, 0x10, 0x67, 0x02, 0x00, 0x10, 0x68, 0x5c,
    0x2e, 0x09, 0xe7, 0x02, 0x00, 0x00, 0xa8, 0x5c, 0x16, 0x10, 0x67, 0x01, 0x00, 0x10, 0x68, 0x5c, 0x52, 0x07, 0x00, 0xfe, 0x00, 0xf4, 0x1d, 0x00,
    0x26, 0x09, 0x67, 0x02, 0x00, 0x00, 0xa8, 0x5c, 0x1e, 0x10, 0xe7, 0x01, 0x00, 0x10, 0x68, 0x5c, 0x16, 0x09, 0x67, 0x01, 0x00, 0x00, 0xa8, 0x5c,
    0x30, 0x17, 0x20, 0xf2, 0x00, 0xc4, 0x9c, 0x00, 0x34, 0x2e, 0xf7, 0xaf, 0x00, 0x00, 0x13, 0x5d, 0x1e, 0x09, 0xe7, 0x01, 0x00, 0x00, 0xa8, 0x5c,
    0x35, 0x26, 0xf7, 0xaf, 0x00, 0x00, 0x13, 0x5d, 0x3d, 0x47, 0x40, 0xe4, 0x10, 0xc4, 0x47, 0x00, 0x37, 0x16, 0xf7, 0xaf, 0x00, 0x00, 0x13, 0x5d,
    0x36, 0x1e, 0xf7, 0xaf, 0x00, 0x00, 0x13, 0x5d, 0x34, 0x08, 0x07, 0x00, 0x00, 0x20, 0xde, 0xee, 0xfd, 0x07, 0xa0, 0xff, 0x00, 0xc8, 0x1f, 0x08,
    0x0f, 0x00, 0x07, 0x00, 0x00, 0x00, 0xf8, 0xf0, 0x0f, 0x00, 0x02, 0x00, 0x00, 0x00, 0xf8, 0xf0, 0x0e, 0x10, 0xe7, 0x00, 0x00, 0x10, 0x68, 0x5c,
    0xf0, 0x07, 0x42, 0xea, 0x00, 0xc0, 0x1f, 0x08, 0x06, 0x10, 0x67, 0x00, 0x00, 0x10, 0x68, 0x5c, 0x0e, 0x09, 0xe7, 0x00, 0x00, 0x00, 0xa8, 0x5c,
    0x6f, 0x10, 0xf7, 0x06, 0x00, 0x10, 0x68, 0x5c, 0x72, 0x07, 0x00, 0xfe, 0x00, 0x74, 0x1e, 0x00, 0x06, 0x09, 0x67, 0x00, 0x00, 0x00, 0xa8, 0x5c,
    0x67, 0x10, 0x77, 0x06, 0x00, 0x10, 0x68, 0x5c, 0x6f, 0x09, 0xf7, 0x06, 0x00, 0x00, 0xa8, 0x5c, 0x30, 0x37, 0x20, 0xea, 0x00, 0xc4, 0x1c, 0x01,
    0x34, 0x0e, 0xf7, 0xaf, 0x00, 0x00, 0x13, 0x5d, 0x67, 0x09, 0x77, 0x06, 0x00, 0x00, 0xa8, 0x5c, 0x35, 0x06, 0xf7, 0xaf, 0x00, 0x00, 0x13, 0x5d,
    0x3d, 0x87, 0x40, 0xe4, 0x04, 0xc4, 0x47, 0x00, 0x37, 0x6f, 0xf7, 0xaf, 0x00, 0x00, 0x13, 0x5d, 0x36, 0x67, 0xf7, 0xaf, 0x00, 0x00, 0x13, 0x5d,
    0x34, 0x08, 0x07, 0x10, 0x00, 0x20, 0xde, 0xee, 0xfd, 0x07, 0x00, 0xfe, 0x00, 0xd8, 0x1f, 0x00, 0x0f, 0x00, 0x07, 0x00, 0x00, 0x00, 0xf8, 0xf0,
    0x07, 0x00, 0x07, 0x04, 0x00, 0x00, 0x00, 0x1c, 0x00, 0x00, 0x00, 0x2d, 0x00, 0x00, 0x90, 0xe2, 0xed, 0x07, 0xa0, 0xff, 0x00, 0xc0, 0x1f, 0x00,
    0x07, 0x07, 0x97, 0x05, 0x80, 0x03, 0x6d, 0x4b, 0x0f, 0x00, 0x00, 0x00, 0x00, 0x00, 0xf8, 0xf0, 0x06, 0x00, 0x47, 0x06, 0x80, 0x07, 0x98, 0x4c,
    0xb1, 0x07, 0x00, 0xfe, 0x02, 0xd4, 0x1f, 0x00, 0x03, 0x38, 0x07, 0x10, 0x00, 0xa0, 0xd4, 0xee, 0x09, 0x00, 0x57, 0x06, 0x80, 0x07, 0x98, 0x4c,
    0x00, 0x00, 0x00, 0x1f, 0x00, 0x00, 0x90, 0xe2, 0xf1, 0x07, 0x20, 0xfe, 0x00, 0x90, 0x1f, 0x00, 0x08, 0x06, 0xc7, 0x05, 0x80, 0x00, 0xa0, 0x4c,
    0x06, 0x07, 0xf7, 0x01, 0x00, 0x00, 0x29, 0x38, 0x09, 0x09, 0xd7, 0x05, 0x80, 0x00, 0xa0, 0x4c, 0xe1, 0x07, 0x20, 0xfc, 0x00, 0x84, 0x1f, 0x00,
    0x0e, 0x08, 0x77, 0x00, 0x80, 0x7f, 0x00, 0x5b, 0x10, 0x06, 0x87, 0x00, 0x80, 0x7f, 0x00, 0x5b, 0x17, 0x06, 0x87, 0x00, 0xa8, 0x7f, 0x00, 0x5b,
    0xe1, 0x07, 0x20, 0xfc, 0x00, 0x84, 0x1f, 0x00, 0x18, 0x07, 0x97, 0x00, 0x80, 0x7f, 0x00, 0x5b, 0x19, 0x07, 0x97, 0x00, 0xa8, 0x7f, 0x00, 0x5b,
    0x0f, 0x08, 0x77, 0x00, 0x88, 0x7f, 0x00, 0x5b, 0xe1, 0x07, 0x20, 0xfc, 0x00, 0x84, 0x1f, 0x00, 0x11, 0x08, 0x77, 0x00, 0x88, 0x7f, 0x20, 0x5b,
    0x16, 0x08, 0x77, 0x00, 0x00, 0x07, 0x28, 0x5b, 0x09, 0x06, 0x77, 0x01, 0x18, 0x08, 0x30, 0x5b, 0xe1, 0x07, 0x20, 0xfc, 0x00, 0xc8, 0x1f, 0x00,
    0x0e, 0x07, 0x87, 0x00, 0x80, 0x7f, 0x00, 0x5b, 0x10, 0x07, 0x87, 0x00, 0xa8, 0x7f, 0x00, 0x5b, 0x06, 0x07, 0x97, 0x01, 0x18, 0x0c, 0x30, 0x5b,
    0xe3, 0x07, 0x20, 0xfc, 0x00, 0x84, 0x1f, 0x00, 0x08, 0x16, 0xf7, 0x00, 0xa0, 0x08, 0xc0, 0x5c, 0x07, 0x07, 0x07, 0x01, 0x18, 0x07, 0x30, 0x5b,
    0x0e, 0x00, 0x07, 0x06, 0x80, 0x07, 0x98, 0x4c, 0xf1, 0x07, 0x20, 0xfc, 0x00, 0xc4, 0x1f, 0x00, 0x0f, 0x02, 0x07, 0x04, 0x00, 0x00, 0x00, 0x1c,
    0x08, 0x09, 0x87, 0x00, 0x00, 0x03, 0xc0, 0x5c, 0x09, 0x00, 0x17, 0x06, 0x80, 0x07, 0x98, 0x4c, 0xe1, 0x07, 0x20, 0xfe, 0x40, 0xc4, 0x1f, 0x10,
    0x06, 0x02, 0xf7, 0x01, 0x00, 0x00, 0x29, 0x38, 0x07, 0x02, 0x77, 0x00, 0x00, 0x80, 0x10, 0x5c, 0x07, 0x02, 0x47, 0x00, 0x80, 0x03, 0x6d, 0x5b,
    0xf1, 0x07, 0x60, 0xfc, 0x00, 0xc4, 0x1f, 0x00, 0x0e, 0x0e, 0x67, 0x05, 0x80, 0x00, 0xa0, 0x4c, 0x17, 0x0f, 0x47, 0x00, 0x80, 0x03, 0x6d, 0x5b,
    0x08, 0x06, 0x87, 0x00, 0x00, 0x08, 0x10, 0x5c, 0xf1, 0x07, 0xc0, 0xfe, 0x40, 0x9c, 0x1f, 0x00, 0x09, 0x09, 0x77, 0x05, 0x80, 0x00, 0xa0, 0x4c,
    0x06, 0x07, 0xe7, 0x00, 0x00, 0x81, 0xd7, 0x5b, 0x07, 0x07, 0x97, 0x20, 0x40, 0x04, 0xdf, 0x5b, 0xf0, 0x07, 0xa1, 0xff, 0x00, 0xc8, 0x1f, 0x08,
    0x03, 0x03, 0x07, 0x80, 0x07, 0x10, 0x68, 0x38, 0x0f, 0x00, 0x00, 0x00, 0x00, 0x00, 0xf8, 0xf0, 0x2d, 0x03, 0xd7, 0x02, 0x00, 0x10, 0x68, 0x5c,
    0xf0, 0x07, 0x42, 0xe6, 0x00, 0xc0, 0x1f, 0x08, 0x25, 0x03, 0x57, 0x02, 0x00, 0x10, 0x68, 0x5c, 0x2d, 0x09, 0xd7, 0x02, 0x00, 0x00, 0xa8, 0x5c,
    0x15, 0x03, 0x57, 0x01, 0x00, 0x10, 0x68, 0x5c, 0x52, 0x07, 0x00, 0xfe, 0x00, 0xf4, 0x1d, 0x00, 0x25, 0x09, 0x57, 0x02, 0x00, 0x00, 0xa8, 0x5c,
    0x1d, 0x03, 0xd7, 0x01, 0x00, 0x10, 0x68, 0x5c, 0x15, 0x09, 0x57, 0x01, 0x00, 0x00, 0xa8, 0x5c, 0x30, 0x17, 0x20, 0xf2, 0x00, 0xc4, 0x9c, 0x00,
    0x34, 0x2d, 0xf7, 0xaf, 0x00, 0x00, 0x13, 0x5d, 0x1d, 0x09, 0xd7, 0x01, 0x00, 0x00, 0xa8, 0x5c, 0x35, 0x25, 0xf7, 0xaf, 0x00, 0x00, 0x13, 0x5d,
    0x3d, 0x47, 0x40, 0xe4, 0x10, 0xc4, 0x47, 0x00, 0x37, 0x15, 0xf7, 0xaf, 0x00, 0x00, 0x13, 0x5d, 0x36, 0x1d, 0xf7, 0xaf, 0x00, 0x00, 0x13, 0x5d,
    0x34, 0x06, 0x07, 0x00, 0x00, 0x20, 0xde, 0xee, 0xfd, 0x07, 0xa0, 0xff, 0x00, 0xc8, 0x1f, 0x08, 0x0f, 0x00, 0x07, 0x00, 0x00, 0x00, 0xf8, 0xf0,
    0x0f, 0x00, 0x02, 0x00, 0x00, 0x00, 0xf8, 0xf0, 0x0d, 0x03, 0xd7, 0x00, 0x00, 0x10, 0x68, 0x5c, 0xf0, 0x07, 0x42, 0xea, 0x00, 0xc0, 0x1f, 0x08,
    0x05, 0x03, 0x57, 0x00, 0x00, 0x10, 0x68, 0x5c, 0x0d, 0x09, 0xd7, 0x00, 0x00, 0x00, 0xa8, 0x5c, 0x70, 0x03, 0x07, 0x07, 0x00, 0x10, 0x68, 0x5c,
    0x72, 0x07, 0x00, 0xfe, 0x00, 0x74, 0x1e, 0x00, 0x05, 0x09, 0x57, 0x00, 0x00, 0x00, 0xa8, 0x5c, 0x68, 0x03, 0x87, 0x06, 0x00, 0x10, 0x68, 0x5c,
    0x70, 0x09, 0x07, 0x07, 0x00, 0x00, 0xa8, 0x5c, 0x30, 0x37, 0x20, 0xea, 0x00, 0xc4, 0x1c, 0x01, 0x34, 0x0d, 0xf7, 0xaf, 0x00, 0x00, 0x13, 0x5d,
    0x68, 0x09, 0x87, 0x06, 0x00, 0x00, 0xa8, 0x5c, 0x35, 0x05, 0xf7, 0xaf, 0x00, 0x00, 0x13, 0x5d, 0x3d, 0x87, 0x40, 0xe4, 0x04, 0xc4, 0x47, 0x00,
    0x37, 0x70, 0xf7, 0xaf, 0x00, 0x00, 0x13, 0x5d, 0x36, 0x68, 0xf7, 0xaf, 0x00, 0x00, 0x13, 0x5d, 0x34, 0x06, 0x07, 0x10, 0x00, 0x20, 0xde, 0xee,
    0xfd, 0x07, 0x00, 0xfe, 0x02, 0xd8, 0x1f, 0x00, 0x0f, 0x00, 0x07, 0x00, 0x00, 0x00, 0xf8, 0xf0, 0x09, 0x00, 0x17, 0x04, 0x00, 0x00, 0x00, 0x1c,
    0x00, 0x00, 0x00, 0x2d, 0x00, 0x00, 0x90, 0xe2, 0xed, 0x07, 0xa0, 0xff, 0x00, 0xc0, 0x1f, 0x00, 0x07, 0x09, 0x97, 0x05, 0x80, 0x03, 0x6d, 0x4b,
    0x0f, 0x00, 0x00, 0x00, 0x00, 0x00, 0xf8, 0xf0, 0x05, 0x00, 0x47, 0x06, 0x80, 0x07, 0x98, 0x4c, 0xb1, 0x07, 0x00, 0xfe, 0x00, 0xd4, 0x1f, 0x00,
    0x03, 0x38, 0x47, 0x10, 0x00, 0xa0, 0xd4, 0xee, 0x07, 0x00, 0x57, 0x06, 0x80, 0x07, 0x98, 0x4c, 0x00, 0x00, 0x00, 0x1f, 0x00, 0x00, 0x90, 0xe2,
    0xf1, 0x07, 0x20, 0xfe, 0x00, 0x90, 0x1f, 0x00, 0x06, 0x05, 0xc7, 0x05, 0x80, 0x00, 0xa0, 0x4c, 0x05, 0x09, 0xf7, 0x01, 0x00, 0x00, 0x29, 0x38,
    0x07, 0x07, 0xd7, 0x05, 0x80, 0x00, 0xa0, 0x4c, 0xe1, 0x07, 0x20, 0xfc, 0x00, 0x84, 0x1f, 0x00, 0x08, 0x06, 0x97, 0x00, 0x80, 0x7f, 0x00, 0x5b,
    0x0e, 0x05, 0x67, 0x00, 0x80, 0x7f, 0x00, 0x5b, 0x0f, 0x05, 0x67, 0x00, 0xa8, 0x7f, 0x00, 0x5b, 0xe1, 0x07, 0x40, 0xfc, 0x00, 0x84, 0x1f, 0x00,
    0x16, 0x09, 0x77, 0x00, 0x80, 0x7f, 0x00, 0x5b, 0x17, 0x09, 0x77, 0x00, 0xa8, 0x7f, 0x00, 0x5b, 0x10, 0x06, 0x97, 0x00, 0x00, 0x04, 0x28, 0x5b,
    0xe1, 0x07, 0x20, 0xfc, 0x00, 0x84, 0x1f, 0x00, 0x07, 0x06, 0x97, 0x00, 0x88, 0x7f, 0x00, 0x5b, 0x0d, 0x06, 0x97, 0x00, 0x88, 0x7f, 0x20, 0x5b,
    0x08, 0x05, 0xf7, 0x00, 0x18, 0x07, 0x30, 0x5b, 0xe1, 0x07, 0x20, 0xfc, 0x00, 0xc8, 0x1f, 0x00, 0x0e, 0x09, 0x67, 0x00, 0x80, 0x7f, 0x00, 0x5b,
    0x0f, 0x09, 0x67, 0x00, 0xa8, 0x7f, 0x00, 0x5b, 0x06, 0x09, 0x77, 0x01, 0x18, 0x0b, 0x30, 0x5b, 0xe3, 0x07, 0x20, 0xfc, 0x00, 0xc8, 0x1f, 0x00,
    0x07, 0x10, 0x77, 0x00, 0xa0, 0x06, 0xc0, 0x5c, 0x05, 0x09, 0xf7, 0x00, 0x18, 0x07, 0x30, 0x5b, 0x09, 0x00, 0x07, 0x06, 0x80, 0x07, 0x98, 0x4c,
    0xe1, 0x07, 0x20, 0xfe, 0x00, 0x84, 0x1f, 0x00, 0x07, 0x08, 0x77, 0x00, 0x00, 0x03, 0xc0, 0x5c, 0x0d, 0x00, 0x17, 0x06, 0x80, 0x07, 0x98, 0x4c,
    0x06, 0x02, 0xf7, 0x01, 0x00, 0x00, 0x29, 0x38, 0xf1, 0x07, 0x20, 0xfc, 0x00, 0xc4, 0x1f, 0x08, 0x05, 0x02, 0x57, 0x00, 0x00, 0x80, 0x10, 0x5c,
    0x08, 0x09, 0x67, 0x05, 0x80, 0x00, 0xa0, 0x4c, 0x09, 0x02, 0x07, 0x04, 0x00, 0x00, 0x00, 0x1c, 0xf1, 0x07, 0x40, 0xfc, 0x00, 0xc4, 0x1f, 0x00,
    0x07, 0x02, 0x47, 0x00, 0x80, 0x03, 0x6d, 0x5b, 0x0e, 0x0d, 0x77, 0x05, 0x80, 0x00, 0xa0, 0x4c, 0x07, 0x06, 0x77, 0x00, 0x00, 0x08, 0x10, 0x5c,
    0xf1, 0x07, 0xa2, 0xfe, 0x00, 0xa4, 0x1f, 0x00, 0x06, 0x05, 0x87, 0x00, 0x00, 0x81, 0xd7, 0x5b, 0x17, 0x09, 0x47, 0x00, 0x80, 0x03, 0x6d, 0x5b,
    0x07, 0x05, 0xe7, 0x20, 0xc0, 0x03, 0xdf, 0x5b, 0xf0, 0x07, 0xa1, 0xff, 0x00, 0xc8, 0x1f, 0x08, 0x03, 0x03, 0x07, 0x80, 0x07, 0x10, 0x68, 0x38,
    0x0f, 0x00, 0x00, 0x00, 0x00, 0x00, 0xf8, 0xf0, 0x2c, 0x03, 0xc7, 0x02, 0x00, 0x10, 0x68, 0x5c, 0xf0, 0x07, 0x42, 0xe6, 0x00, 0xc0, 0x1f, 0x08,
    0x24, 0x03, 0x47, 0x02, 0x00, 0x10, 0x68, 0x5c, 0x2c, 0x09, 0xc7, 0x02, 0x00, 0x00, 0xa8, 0x5c, 0x14, 0x03, 0x47, 0x01, 0x00, 0x10, 0x68, 0x5c,
    0x52, 0x07, 0x00, 0xfe, 0x00, 0xf4, 0x1d, 0x00, 0x24, 0x09, 0x47, 0x02, 0x00, 0x00, 0xa8, 0x5c, 0x1c, 0x03, 0xc7, 0x01, 0x00, 0x10, 0x68, 0x5c,
    0x14, 0x09, 0x47, 0x01, 0x00, 0x00, 0xa8, 0x5c, 0x30, 0x17, 0x20, 0xf2, 0x00, 0xc4, 0x9c, 0x00, 0x34, 0x2c, 0xf7, 0xaf, 0x00, 0x00, 0x13, 0x5d,
    0x1c, 0x09, 0xc7, 0x01, 0x00, 0x00, 0xa8, 0x5c, 0x35, 0x24, 0xf7, 0xaf, 0x00, 0x00, 0x13, 0x5d, 0x3d, 0x47, 0x40, 0xe4, 0x10, 0xc4, 0x47, 0x00,
    0x37, 0x14, 0xf7, 0xaf, 0x00, 0x00, 0x13, 0x5d, 0x36, 0x1c, 0xf7, 0xaf, 0x00, 0x00, 0x13, 0x5d, 0x34, 0x06, 0x07, 0x00, 0x00, 0x20, 0xde, 0xee,
    0xfd, 0x07, 0xa0, 0xff, 0x00, 0xc8, 0x1f, 0x08, 0x0f, 0x00, 0x07, 0x00, 0x00, 0x00, 0xf8, 0xf0, 0x0f, 0x00, 0x02, 0x00, 0x00, 0x00, 0xf8, 0xf0,
    0x0c, 0x03, 0xc7, 0x00, 0x00, 0x10, 0x68, 0x5c, 0xf0, 0x07, 0x42, 0xea, 0x00, 0xc0, 0x1f, 0x08, 0x61, 0x03, 0x17, 0x06, 0x00, 0x10, 0x68, 0x5c,
    0x0c, 0x09, 0xc7, 0x00, 0x00, 0x00, 0xa8, 0x5c, 0x71, 0x03, 0x17, 0x07, 0x00, 0x10, 0x68, 0x5c, 0x72, 0x07, 0x00, 0xfe, 0x00, 0x74, 0x1e, 0x00,
    0x61, 0x09, 0x17, 0x06, 0x00, 0x00, 0xa8, 0x5c, 0x69, 0x03, 0x97, 0x06, 0x00, 0x10, 0x68, 0x5c, 0x71, 0x09, 0x17, 0x07, 0x00, 0x00, 0xa8, 0x5c,
    0x50, 0x27, 0x20, 0xe6, 0x00, 0x44, 0x1d, 0x01, 0x14, 0x0c, 0xf7, 0xaf, 0x00, 0x00, 0x13, 0x5d, 0x69, 0x09, 0x97, 0x06, 0x00, 0x00, 0xa8, 0x5c,
    0x15, 0x61, 0xf7, 0xaf, 0x00, 0x00, 0x13, 0x5d, 0x5d, 0x87, 0x40, 0xe8, 0x02, 0xc4, 0x87, 0x00, 0x17, 0x71, 0xf7, 0xaf, 0x00, 0x00, 0x13, 0x5d,
    0x16, 0x69, 0xf7, 0xaf, 0x00, 0x00, 0x13, 0x5d, 0x14, 0x06, 0x07, 0x10, 0x00, 0x20, 0xde, 0xee, 0xfd, 0x07, 0x00, 0xfe, 0x00, 0xd8, 0x1f, 0x00,
    0x0f, 0x00, 0x07, 0x00, 0x00, 0x00, 0xf8, 0xf0, 0x09, 0x00, 0x27, 0x04, 0x00, 0x00, 0x00, 0x1c, 0x00, 0x00, 0x00, 0x2d, 0x00, 0x00, 0x90, 0xe2,
    0xed, 0x07, 0xa0, 0xff, 0x00, 0xc0, 0x1f, 0x00, 0x07, 0x09, 0x97, 0x05, 0x80, 0x03, 0x6d, 0x4b, 0x0f, 0x00, 0x00, 0x00, 0x00, 0x00, 0xf8, 0xf0,
    0x05, 0x00, 0x47, 0x06, 0x80, 0x07, 0x98, 0x4c, 0xb1, 0x07, 0x00, 0xfe, 0x02, 0xd4, 0x1f, 0x00, 0x03, 0x38, 0x87, 0x10, 0x00, 0xa0, 0xd4, 0xee,
    0x07, 0x00, 0x57, 0x06, 0x80, 0x07, 0x98, 0x4c, 0x00, 0x00, 0x00, 0x1f, 0x00, 0x00, 0x90, 0xe2, 0xf1, 0x07, 0x20, 0xfe, 0x00, 0x90, 0x1f, 0x00,
    0x06, 0x05, 0xc7, 0x05, 0x80, 0x00, 0xa0, 0x4c, 0x05, 0x09, 0xf7, 0x01, 0x00, 0x00, 0x29, 0x38, 0x07, 0x07, 0xd7, 0x05, 0x80, 0x00, 0xa0, 0x4c,
    0xe1, 0x07, 0x20, 0xfc, 0x00, 0x84, 0x1f, 0x00, 0x08, 0x06, 0x97, 0x00, 0x80, 0x7f, 0x00, 0x5b, 0x0c, 0x05, 0x67, 0x00, 0x80, 0x7f, 0x00, 0x5b,
    0x0e, 0x05, 0x67, 0x00, 0xa8, 0x7f, 0x00, 0x5b, 0xe1, 0x07, 0x40, 0xfc, 0x00, 0x84, 0x1f, 0x00, 0x0f, 0x09, 0x77, 0x00, 0x80, 0x7f, 0x00, 0x5b,
    0x14, 0x09, 0x77, 0x00, 0xa8, 0x7f, 0x00, 0x5b, 0x10, 0x06, 0x97, 0x00, 0x00, 0x04, 0x28, 0x5b, 0xe1, 0x07, 0x20, 0xfc, 0x00, 0x84, 0x1f, 0x00,
    0x07, 0x06, 0x97, 0x00, 0x88, 0x7f, 0x00, 0x5b, 0x0d, 0x06, 0x97, 0x00, 0x88, 0x7f, 0x20, 0x5b, 0x08, 0x05, 0xe7, 0x00, 0x18, 0x06, 0x30, 0x5b,
    0xe1, 0x07, 0x20, 0xfc, 0x00, 0xc8, 0x1f, 0x00, 0x0c, 0x09, 0x67, 0x00, 0x80, 0x7f, 0x00, 0x5b, 0x0e, 0x09, 0x67, 0x00, 0xa8, 0x7f, 0x00, 0x5b,
    0x06, 0x09, 0x47, 0x01, 0x98, 0x07, 0x30, 0x5b, 0xe3, 0x07, 0x20, 0xfc, 0x00, 0xc8, 0x1f, 0x00, 0x07, 0x10, 0x77, 0x00, 0xa0, 0x06, 0xc0, 0x5c,
    0x05, 0x09, 0xe7, 0x00, 0x18, 0x06, 0x30, 0x5b, 0x09, 0x00, 0x07, 0x06, 0x80, 0x07, 0x98, 0x4c, 0xe1, 0x07, 0x20, 0xfe, 0x00, 0x84, 0x1f, 0x00,
    0x07, 0x08, 0x77, 0x00, 0x00, 0x03, 0xc0, 0x5c, 0x0c, 0x00, 0x17, 0x06, 0x80, 0x07, 0x98, 0x4c, 0x06, 0x02, 0xf7, 0x01, 0x00, 0x00, 0x29, 0x38,
    0xf1, 0x07, 0x20, 0xfc, 0x00, 0xc4, 0x1f, 0x08, 0x05, 0x02, 0x57, 0x00, 0x00, 0x80, 0x10, 0x5c, 0x08, 0x09, 0x67, 0x05, 0x80, 0x00, 0xa0, 0x4c,
    0x09, 0x02, 0x07, 0x04, 0x00, 0x00, 0x00, 0x1c, 0xf1, 0x07, 0x40, 0xfc, 0x00, 0xc4, 0x1f, 0x00, 0x07, 0x02, 0x47, 0x00, 0x80, 0x03, 0x6d, 0x5b,
    0x0c, 0x0c, 0x77, 0x05, 0x80, 0x00, 0xa0, 0x4c, 0x07, 0x06, 0x77, 0x00, 0x00, 0x08, 0x10, 0x5c, 0xf1, 0x07, 0xa2, 0xfe, 0x00, 0xa4, 0x1f, 0x00,
    0x06, 0x05, 0x87, 0x00, 0x00, 0x81, 0xd7, 0x5b, 0x17, 0x09, 0x47, 0x00, 0x80, 0x03, 0x6d, 0x5b, 0x07, 0x05, 0xc7, 0x20, 0xc0, 0x03, 0xdf, 0x5b,
    0xf0, 0x07, 0xa1, 0xff, 0x00, 0xc8, 0x1f, 0x08, 0x05, 0x03, 0x07, 0x80, 0x07, 0x10, 0x68, 0x38, 0x0f, 0x00, 0x00, 0x00, 0x00, 0x00, 0xf8, 0xf0,
    0x2b, 0x05, 0xb7, 0x02, 0x00, 0x10, 0x68, 0x5c, 0xf0, 0x07, 0x42, 0xe6, 0x00, 0xc0, 0x1f, 0x08, 0x23, 0x05, 0x37, 0x02, 0x00, 0x10, 0x68, 0x5c,
    0x2b, 0x09, 0xb7, 0x02, 0x00, 0x00, 0xa8, 0x5c, 0x13, 0x05, 0x37, 0x01, 0x00, 0x10, 0x68, 0x5c, 0x52, 0x07, 0x00, 0xfe, 0x00, 0xf4, 0x1d, 0x00,
    0x23, 0x09, 0x37, 0x02, 0x00, 0x00, 0xa8, 0x5c, 0x1b, 0x05, 0xb7, 0x01, 0x00, 0x10, 0x68, 0x5c, 0x13, 0x09, 0x37, 0x01, 0x00, 0x00, 0xa8, 0x5c,
    0x30, 0x17, 0x20, 0xf2, 0x00, 0xc4, 0x9c, 0x00, 0x0c, 0x2b, 0xf7, 0xaf, 0x00, 0x00, 0x13, 0x5d, 0x1b, 0x09, 0xb7, 0x01, 0x00, 0x00, 0xa8, 0x5c,
    0x0d, 0x23, 0xf7, 0xaf, 0x00, 0x00, 0x13, 0x5d, 0x3d, 0x47, 0x40, 0xe4, 0x10, 0xc4, 0x47, 0x00, 0x0f, 0x13, 0xf7, 0xaf, 0x00, 0x00, 0x13, 0x5d,
    0x0e, 0x1b, 0xf7, 0xaf, 0x00, 0x00, 0x13, 0x5d, 0x0c, 0x06, 0x07, 0x00, 0x00, 0x20, 0xde, 0xee, 0xfd, 0x07, 0xa0, 0xff, 0x00, 0xc8, 0x1f, 0x08,
    0x0f, 0x00, 0x07, 0x00, 0x00, 0x00, 0xf8, 0xf0, 0x0f, 0x00, 0x02, 0x00, 0x00, 0x00, 0xf8, 0xf0, 0x0b, 0x05, 0xb7, 0x00, 0x00, 0x10, 0x68, 0x5c,
    0xf0, 0x07, 0x42, 0xea, 0x00, 0xc0, 0x1f, 0x08, 0x62, 0x05, 0x27, 0x06, 0x00, 0x10, 0x68, 0x5c, 0x0b, 0x09, 0xb7, 0x00, 0x00, 0x00, 0xa8, 0x5c,
    0x32, 0x05, 0x27, 0x03, 0x00, 0x10, 0x68, 0x5c, 0x72, 0x07, 0x00, 0xfe, 0x00, 0x74, 0x1e, 0x00, 0x62, 0x09, 0x27, 0x06, 0x00, 0x00, 0xa8, 0x5c,
    0x6a, 0x05, 0xa7, 0x06, 0x00, 0x10, 0x68, 0x5c, 0x32, 0x09, 0x27, 0x03, 0x00, 0x00, 0xa8, 0x5c, 0x30, 0x37, 0x20, 0xea, 0x00, 0xc4, 0x1c, 0x01,
    0x0c, 0x0b, 0xf7, 0xaf, 0x00, 0x00, 0x13, 0x5d, 0x6a, 0x09, 0xa7, 0x06, 0x00, 0x00, 0xa8, 0x5c, 0x0d, 0x62, 0xf7, 0xaf, 0x00, 0x00, 0x13, 0x5d,
    0x3d, 0x87, 0x40, 0xe4, 0x04, 0xc4, 0x47, 0x00, 0x0f, 0x32, 0xf7, 0xaf, 0x00, 0x00, 0x13, 0x5d, 0x0e, 0x6a, 0xf7, 0xaf, 0x00, 0x00, 0x13, 0x5d,
    0x0c, 0x06, 0x07, 0x10, 0x00, 0x20, 0xde, 0xee, 0xfd, 0x07, 0xc0, 0xfe, 0x02, 0xb4, 0x1f, 0x00, 0x0f, 0x00, 0x07, 0x00, 0x00, 0x00, 0xf8, 0xf0,
    0x07, 0x00, 0x37, 0x04, 0x00, 0x00, 0x00, 0x1c, 0x07, 0x07, 0x97, 0x05, 0x80, 0x03, 0x6d, 0x4b, 0xfd, 0x07, 0x00, 0xfe, 0x00, 0xc4, 0x1e, 0x00,
    0x0f, 0x00, 0x00, 0x00, 0x00, 0x00, 0x00, 0xe3, 0x00, 0x00, 0x47, 0x06, 0x80, 0x07, 0x98, 0x4c, 0x38, 0x38, 0xc7, 0x10, 0x00, 0xa0, 0xd4, 0xee,
    0xf0, 0x07, 0xa0, 0xfe, 0x00, 0xc4, 0x1f, 0x00, 0x03, 0x00, 0x57, 0x06, 0x80, 0x07, 0x98, 0x4c, 0x00, 0x00, 0x80, 0x1e, 0x00, 0x00, 0x90, 0xe2,
    0x05, 0x00, 0xc7, 0x05, 0x80, 0x00, 0xa0, 0x4c, 0xf1, 0x07, 0x80, 0xfc, 0x00, 0x84, 0x1f, 0x00, 0x00, 0x07, 0xf7, 0x01, 0x00, 0x00, 0x29, 0x38,
    0x06, 0x03, 0xd7, 0x05, 0x80, 0x00, 0xa0, 0x4c, 0x08, 0x05, 0x77, 0x00, 0x80, 0x7f, 0x00, 0x5b, 0xe1, 0x07, 0x20, 0xfc, 0x00, 0x84, 0x1f, 0x00,
    0x09, 0x00, 0x57, 0x00, 0x80, 0x7f, 0x00, 0x5b, 0x0b, 0x00, 0x57, 0x00, 0xa8, 0x7f, 0x00, 0x5b, 0x0e, 0x07, 0x67, 0x00, 0x80, 0x7f, 0x00, 0x5b,
    0xe1, 0x07, 0x20, 0xfc, 0x00, 0x84, 0x1f, 0x00, 0x10, 0x07, 0x67, 0x00, 0xa8, 0x7f, 0x00, 0x5b, 0x03, 0x05, 0x77, 0x00, 0x88, 0x7f, 0x00, 0x5b,
    0x0c, 0x05, 0x77, 0x00, 0x88, 0x7f, 0x20, 0x5b, 0xe1, 0x07, 0x20, 0xfc, 0x00, 0x84, 0x1f, 0x00, 0x0d, 0x05, 0x77, 0x00, 0x00, 0x04, 0x28, 0x5b,
    0x06, 0x00, 0xb7, 0x00, 0x98, 0x04, 0x30, 0x5b, 0x00, 0x07, 0x57, 0x00, 0x80, 0x7f, 0x00, 0x5b, 0xe1, 0x07, 0x40, 0xfe, 0x00, 0x8c, 0x1f, 0x00,
    0x09, 0x07, 0x57, 0x00, 0xa8, 0x7f, 0x00, 0x5b, 0x05, 0x07, 0x07, 0x01, 0x18, 0x07, 0x30, 0x5b, 0x03, 0x0d, 0x37, 0x00, 0x20, 0x06, 0xc0, 0x5c,
    0xe1, 0x07, 0x40, 0xfe, 0x00, 0x84, 0x1f, 0x00, 0x00, 0x07, 0x97, 0x00, 0x18, 0x00, 0x30, 0x5b, 0x07, 0x00, 0x07, 0x06, 0x80, 0x07, 0x98, 0x4c,
    0x03, 0x06, 0x37, 0x00, 0x80, 0x02, 0xc0, 0x5c, 0xf1, 0x07, 0x20, 0xfc, 0x00, 0x84, 0x1f, 0x00, 0x06, 0x00, 0x17, 0x06, 0x80, 0x07, 0x98, 0x4c,
    0x05, 0x02, 0xf7, 0x01, 0x00, 0x00, 0x29, 0x38, 0x00, 0x02, 0x07, 0x00, 0x00, 0x80, 0x10, 0x5c, 0xf1, 0x07, 0x22, 0xfe, 0x00, 0xc4, 0x1f, 0x00,
    0x0b, 0x02, 0x07, 0x04, 0x00, 0x00, 0x00, 0x1c, 0x07, 0x02, 0x47, 0x00, 0x80, 0x03, 0x6d, 0x5b, 0x07, 0x07, 0x67, 0x05, 0x80, 0x00, 0xa0, 0x4c,
    0xe2, 0x07, 0x20, 0xfe, 0x00, 0xc8, 0x1f, 0x00, 0x09, 0x06, 0x77, 0x05, 0x80, 0x00, 0xa0, 0x4c, 0x03, 0x05, 0x37, 0x00, 0x00, 0x08, 0x10, 0x5c,
    0x0f, 0x0b, 0x47, 0x00, 0x80, 0x03, 0x6d, 0x5b, 0xf6, 0x07, 0xe2, 0xfc, 0x00, 0xc0, 0x1f, 0x04, 0x06, 0x00, 0x77, 0x00, 0x00, 0x81, 0xd7, 0x5b,
    0x07, 0x00, 0x97, 0x20, 0xc0, 0x01, 0xdf, 0x5b, 0x38, 0x38, 0x07, 0x80, 0x07, 0x10, 0x68, 0x38, 0xfd, 0x07, 0x40, 0xfe, 0x40, 0xc0, 0x1f, 0x08,
    0x0f, 0x00, 0x00, 0x00, 0x00, 0x00, 0xf8, 0xf0, 0x2a, 0x38, 0xa7, 0x02, 0x00, 0x10, 0x68, 0x5c, 0x22, 0x38, 0x27, 0x02, 0x00, 0x10, 0x68, 0x5c,
    0x32, 0x07, 0x00, 0xfe, 0x40, 0x48, 0x1d, 0x00, 0x2a, 0x09, 0xa7, 0x02, 0x00, 0x00, 0xa8, 0x5c, 0x12, 0x38, 0x27, 0x01, 0x00, 0x10, 0x68, 0x5c,
    0x22, 0x09, 0x27, 0x02, 0x00, 0x00, 0xa8, 0x5c, 0xf0, 0x07, 0xa0, 0xef, 0x00, 0xc0, 0x5c, 0x00, 0x1a, 0x38, 0xa7, 0x01, 0x00, 0x10, 0x68, 0x5c,
    0x12, 0x09, 0x27, 0x01, 0x00, 0x00, 0xa8, 0x5c, 0x0c, 0x2a, 0xf7, 0xaf, 0x00, 0x00, 0x13, 0x5d, 0x91, 0x07, 0x20, 0xe6, 0x04, 0xf4, 0x1c, 0x01,
    0x1a, 0x09, 0xa7, 0x01, 0x00, 0x00, 0xa8, 0x5c, 0x0d, 0x22, 0xf7, 0xaf, 0x00, 0x00, 0x13, 0x5d, 0x0f, 0x12, 0xf7, 0xaf, 0x00, 0x00, 0x13, 0x5d,
    0x22, 0x87, 0x20, 0x3e, 0x02, 0xf4, 0x1f, 0x00, 0x0e, 0x1a, 0xf7, 0xaf, 0x00, 0x00, 0x13, 0x5d, 0x0c, 0x06, 0x07, 0x00, 0x00, 0x20, 0xde, 0xee,
    0x0f, 0x00, 0x07, 0x00, 0x00, 0x00, 0xf8, 0xf0, 0xfd, 0x07, 0x40, 0xfe, 0x40, 0xc0, 0x1f, 0x08, 0x0f, 0x00, 0x01, 0x00, 0x00, 0x00, 0x00, 0xe3,
    0x0a, 0x38, 0xa7, 0x00, 0x00, 0x10, 0x68, 0x5c, 0x63, 0x38, 0x37, 0x06, 0x00, 0x10, 0x68, 0x5c, 0x52, 0x07, 0x00, 0xfe, 0x40, 0xc8, 0x1d, 0x00,
    0x0a, 0x09, 0xa7, 0x00, 0x00, 0x00, 0xa8, 0x5c, 0x33, 0x38, 0x37, 0x03, 0x00, 0x10, 0x68, 0x5c, 0x63, 0x09, 0x37, 0x06, 0x00, 0x00, 0xa8, 0x5c,
    0xf0, 0x07, 0xa0, 0xf3, 0x00, 0xc0, 0xdc, 0x00, 0x6b, 0x38, 0xb7, 0x06, 0x00, 0x10, 0x68, 0x5c, 0x33, 0x09, 0x37, 0x03, 0x00, 0x00, 0xa8, 0x5c,
    0x0c, 0x0a, 0xf7, 0xaf, 0x00, 0x00, 0x13, 0x5d, 0x51, 0x07, 0x20, 0xe6, 0x08, 0xf4, 0x1c, 0x02, 0x6b, 0x09, 0xb7, 0x06, 0x00, 0x00, 0xa8, 0x5c,
    0x0d, 0x63, 0xf7, 0xaf, 0x00, 0x00, 0x13, 0x5d, 0x0f, 0x33, 0xf7, 0xaf, 0x00, 0x00, 0x13, 0x5d, 0x22, 0x27, 0x20, 0xfe, 0x02, 0xbc, 0x1f, 0x00,
    0x0e, 0x6b, 0xf7, 0xaf, 0x00, 0x00, 0x13, 0x5d, 0x0c, 0x06, 0x07, 0x10, 0x00, 0x20, 0xde, 0xee, 0x00, 0x0f, 0x07, 0x00, 0x00, 0x00, 0xb0, 0x50,
    0xeb, 0x07, 0xe0, 0xff, 0x00, 0xfc, 0x1f, 0x00, 0x00, 0x0f, 0x07, 0x00, 0x00, 0x00, 0xb0, 0x50, 0x0f, 0x00, 0x07, 0x00, 0x00, 0x00, 0x00, 0xe3,
    0x0f, 0x00, 0x87, 0xff, 0xff, 0x0f, 0x40, 0xe2, 0xe0, 0x07, 0x00, 0xfc, 0x00, 0x80, 0x1f, 0x00, 0x00, 0x0f, 0x07, 0x00, 0x00, 0x00, 0xb0, 0x50,
    0x00, 0x0f, 0x07, 0x00, 0x00, 0x00, 0xb0, 0x50, 0x00, 0x0f, 0x07, 0x00, 0x00, 0x00, 0xb0, 0x50, 0xe0, 0x07, 0x00, 0xfc, 0x00, 0x80, 0x1f, 0x00,
    0x00, 0x0f, 0x07, 0x00, 0x00, 0x00, 0xb0, 0x50, 0x00, 0x0f, 0x07, 0x00, 0x00, 0x00, 0xb0, 0x50, 0x00, 0x0f, 0x07, 0x00, 0x00, 0x00, 0xb0, 0x50,
    0xe0, 0x07, 0x00, 0xfc, 0x00, 0x80, 0x1f, 0x00, 0x00, 0x0f, 0x07, 0x00, 0x00, 0x00, 0xb0, 0x50, 0x00, 0x0f, 0x07, 0x00, 0x00, 0x00, 0xb0, 0x50,
    0x00, 0x0f, 0x07, 0x00, 0x00, 0x00, 0xb0, 0x50, 0x00, 0x00, 0x00, 0x00, 0x00, 0x00, 0x00, 0x00, 0x00, 0x00, 0x00, 0x00, 0x00, 0x00, 0x00, 0x00,
    0x00, 0x00, 0x00, 0x00, 0x00, 0x00, 0x00, 0x00, 0x00, 0x00, 0x00, 0x00, 0x00, 0x00, 0x00, 0x00, 0x00, 0x00, 0x00, 0x00, 0x00, 0x00, 0x00, 0x00,
    0x00, 0x00, 0x00, 0x00, 0x00, 0x00, 0x00, 0x00, 0x00, 0x00, 0x00, 0x00, 0x00, 0x00, 0x00, 0x00, 0x00, 0x00, 0x00, 0x00, 0x00, 0x00, 0x00, 0x00,
    0x01, 0x00, 0x00, 0x00, 0x03, 0x00, 0x00, 0x00, 0x00, 0x00, 0x00, 0x00, 0x00, 0x00, 0x00, 0x00, 0x00, 0x00, 0x00, 0x00, 0x00, 0x00, 0x00, 0x00,
    0x40, 0x00, 0x00, 0x00, 0x00, 0x00, 0x00, 0x00, 0x58, 0x01, 0x00, 0x00, 0x00, 0x00, 0x00, 0x00, 0x00, 0x00, 0x00, 0x00, 0x00, 0x00, 0x00, 0x00,
    0x01, 0x00, 0x00, 0x00, 0x00, 0x00, 0x00, 0x00, 0x00, 0x00, 0x00, 0x00, 0x00, 0x00, 0x00, 0x00, 0x0b, 0x00, 0x00, 0x00, 0x03, 0x00, 0x00, 0x00,
    0x00, 0x00, 0x00, 0x00, 0x00, 0x00, 0x00, 0x00, 0x00, 0x00, 0x00, 0x00, 0x00, 0x00, 0x00, 0x00, 0x98, 0x01, 0x00, 0x00, 0x00, 0x00, 0x00, 0x00,
    0x2b, 0x02, 0x00, 0x00, 0x00, 0x00, 0x00, 0x00, 0x00, 0x00, 0x00, 0x00, 0x00, 0x00, 0x00, 0x00, 0x01, 0x00, 0x00, 0x00, 0x00, 0x00, 0x00, 0x00,
    0x00, 0x00, 0x00, 0x00, 0x00, 0x00, 0x00, 0x00, 0x13, 0x00, 0x00, 0x00, 0x02, 0x00, 0x00, 0x00, 0x00, 0x00, 0x00, 0x00, 0x00, 0x00, 0x00, 0x00,
    0x00, 0x00, 0x00, 0x00, 0x00, 0x00, 0x00, 0x00, 0xc8, 0x03, 0x00, 0x00, 0x00, 0x00, 0x00, 0x00, 0x78, 0x00, 0x00, 0x00, 0x00, 0x00, 0x00, 0x00,
    0x02, 0x00, 0x00, 0x00, 0x04, 0x00, 0x00, 0x00, 0x08, 0x00, 0x00, 0x00, 0x00, 0x00, 0x00, 0x00, 0x18, 0x00, 0x00, 0x00, 0x00, 0x00, 0x00, 0x00,
    0x37, 0x00, 0x00, 0x00, 0x00, 0x00, 0x00, 0x70, 0x00, 0x00, 0x00, 0x00, 0x00, 0x00, 0x00, 0x00, 0x00, 0x00, 0x00, 0x00, 0x00, 0x00, 0x00, 0x00,
    0x40, 0x04, 0x00, 0x00, 0x00, 0x00, 0x00, 0x00, 0x30, 0x00, 0x00, 0x00, 0x00, 0x00, 0x00, 0x00, 0x05, 0x00, 0x00, 0x00, 0x00, 0x00, 0x00, 0x00,
    0x04, 0x00, 0x00, 0x00, 0x00, 0x00, 0x00, 0x00, 0x00, 0x00, 0x00, 0x00, 0x00, 0x00, 0x00, 0x00, 0x82, 0x00, 0x00, 0x00, 0x00, 0x00, 0x00, 0x70,
    0x00, 0x00, 0x00, 0x00, 0x00, 0x00, 0x00, 0x00, 0x00, 0x00, 0x00, 0x00, 0x00, 0x00, 0x00, 0x00, 0x70, 0x04, 0x00, 0x00, 0x00, 0x00, 0x00, 0x00,
    0x6c, 0x03, 0x00, 0x00, 0x00, 0x00, 0x00, 0x00, 0x05, 0x00, 0x00, 0x00, 0x07, 0x00, 0x00, 0x00, 0x04, 0x00, 0x00, 0x00, 0x00, 0x00, 0x00, 0x00,
    0x00, 0x00, 0x00, 0x00, 0x00, 0x00, 0x00, 0x00, 0x0e, 0x01, 0x00, 0x00, 0x01, 0x00, 0x00, 0x00, 0x02, 0x00, 0x00, 0x00, 0x00, 0x00, 0x00, 0x00,
    0x00, 0x00, 0x00, 0x00, 0x00, 0x00, 0x00, 0x00, 0xdc, 0x07, 0x00, 0x00, 0x00, 0x00, 0x00, 0x00, 0x98, 0x01, 0x00, 0x00, 0x00, 0x00, 0x00, 0x00,
    0x00, 0x00, 0x00, 0x00, 0x07, 0x00, 0x00, 0x00, 0x04, 0x00, 0x00, 0x00, 0x00, 0x00, 0x00, 0x00, 0x00, 0x00, 0x00, 0x00, 0x00, 0x00, 0x00, 0x00,
    0x40, 0x00, 0x00, 0x00, 0x01, 0x00, 0x00, 0x00, 0x06, 0x00, 0x10, 0x00, 0x00, 0x00, 0x00, 0x00, 0x00, 0x00, 0x00, 0x00, 0x00, 0x00, 0x00, 0x00,
    0x80, 0x09, 0x00, 0x00, 0x00, 0x00, 0x00, 0x00, 0x80, 0x8e, 0x00, 0x00, 0x00, 0x00, 0x00, 0x00, 0x05, 0x00, 0x00, 0x00, 0x04, 0x00, 0x00, 0xff,
    0x20, 0x00, 0x00, 0x00, 0x00, 0x00, 0x00, 0x00, 0x00, 0x00, 0x00, 0x00, 0x00, 0x00, 0x00, 0x00, 0xc7, 0x00, 0x00, 0x00, 0x08, 0x00, 0x00, 0x00,
    0x03, 0x00, 0x00, 0x00, 0x00, 0x00, 0x00, 0x00, 0x00, 0x00, 0x00, 0x00, 0x00, 0x00, 0x00, 0x00, 0x00, 0x98, 0x00, 0x00, 0x00, 0x00, 0x00, 0x00,
    0x00, 0x80, 0x00, 0x00, 0x00, 0x00, 0x00, 0x00, 0x00, 0x00, 0x00, 0x00, 0x07, 0x00, 0x00, 0x00, 0x10, 0x00, 0x00, 0x00, 0x00, 0x00, 0x00, 0x00,
    0x00, 0x00, 0x00, 0x00, 0x00, 0x00, 0x00, 0x00, 0x06, 0x00, 0x00, 0x00, 0x05, 0x00, 0x00, 0x00, 0x40, 0x9a, 0x00, 0x00, 0x00, 0x00, 0x00, 0x00,
    0x00, 0x00, 0x00, 0x00, 0x00, 0x00, 0x00, 0x00, 0x00, 0x00, 0x00, 0x00, 0x00, 0x00, 0x00, 0x00, 0xe0, 0x00, 0x00, 0x00, 0x00, 0x00, 0x00, 0x00,
    0xe0, 0x00, 0x00, 0x00, 0x00, 0x00, 0x00, 0x00, 0x08, 0x00, 0x00, 0x00, 0x00, 0x00, 0x00, 0x00, 0x01, 0x00, 0x00, 0x00, 0x05, 0x00, 0x00, 0x00,
    0xdc, 0x07, 0x00, 0x00, 0x00, 0x00, 0x00, 0x00, 0x00, 0x00, 0x00, 0x00, 0x00, 0x00, 0x00, 0x00, 0x00, 0x00, 0x00, 0x00, 0x00, 0x00, 0x00, 0x00,
    0x24, 0x90, 0x00, 0x00, 0x00, 0x00, 0x00, 0x00, 0x24, 0x90, 0x00, 0x00, 0x00, 0x00, 0x00, 0x00, 0x08, 0x00, 0x00, 0x00, 0x00, 0x00, 0x00, 0x00,
    0x01, 0x00, 0x00, 0x00, 0x06, 0x00, 0x00, 0x00, 0x00, 0x98, 0x00, 0x00, 0x00, 0x00, 0x00, 0x00, 0x00, 0x00, 0x00, 0x00, 0x00, 0x00, 0x00, 0x00,
    0x00, 0x00, 0x00, 0x00, 0x00, 0x00, 0x00, 0x00, 0x00, 0x00, 0x00, 0x00, 0x00, 0x00, 0x00, 0x00, 0x00, 0x80, 0x00, 0x00, 0x00, 0x00, 0x00, 0x00,
    0x08, 0x00, 0x00, 0x00, 0x00, 0x00, 0x00, 0x00, 0x01, 0x00, 0x00, 0x00, 0x05, 0x00, 0x00, 0x00, 0x40, 0x9a, 0x00, 0x00, 0x00, 0x00, 0x00, 0x00,
    0x00, 0x00, 0x00, 0x00, 0x00, 0x00, 0x00, 0x00, 0x00, 0x00, 0x00, 0x00, 0x00, 0x00, 0x00, 0x00, 0xe0, 0x00, 0x00, 0x00, 0x00, 0x00, 0x00, 0x00,
    0xe0, 0x00, 0x00, 0x00, 0x00, 0x00, 0x00, 0x00, 0x08, 0x00, 0x00, 0x00, 0x00, 0x00, 0x00, 0x00,
};
